{"type": "FeatureCollection", "features": [{"type": "Feature", "geometry": {"type": "MultiPolygon", "coordinates": [[[[103.4919, 9.3202], [103.4817, 9.321], [103.4714, 9.3177], [103.4624, 9.3123], [103.4585, 9.3049], [103.4605, 9.3027], [103.4727, 9.3043], [103.4762, 9.2992], [103.4728, 9.2958], [103.472, 9.2911], [103.4739, 9.2874], [103.4794, 9.2882], [103.4848, 9.2864], [103.4897, 9.2952], [103.4928, 9.2961], [103.4961, 9.3009], [103.501, 9.301], [103.5033, 9.3073], [103.5107, 9.3093], [103.5078, 9.3184], [103.5048, 9.3205], [103.4976, 9.3191], [103.4919, 9.3202]]], [[[103.5348, 9.3237], [103.5294, 9.328], [103.523, 9.3213], [103.5305, 9.3179], [103.5348, 9.3237]]], [[[103.5414, 9.3281], [103.5419, 9.3357], [103.5352, 9.3301], [103.5414, 9.3281]]], [[[104.094, 9.8443], [104.0975, 9.846], [104.0985, 9.8512], [104.0938, 9.8505], [104.094, 9.8443]]], [[[103.9937, 9.912], [103.9896, 9.9143], [103.987, 9.9097], [103.9907, 9.9087], [103.9937, 9.912]]], [[[104.0167, 9.9289], [104.0233, 9.9304], [104.0203, 9.9341], [104.0162, 9.9321], [104.0167, 9.9289]]], [[[104.0175, 9.968], [104.0101, 9.9705], [104.01, 9.9642], [104.0129, 9.9621], [104.0108, 9.9585], [104.0139, 9.9547], [104.0104, 9.9486], [104.0226, 9.9396], [104.0263, 9.9455], [104.0213, 9.9521], [104.0233, 9.9596], [104.0175, 9.968]]], [[[104.0257, 9.9736], [104.0238, 9.9793], [104.0172, 9.9847], [104.0133, 9.9837], [104.0176, 9.9772], [104.0183, 9.9732], [104.0257, 9.9736]]], [[[104.0145, 9.9922], [104.0132, 9.9967], [104.0082, 10.0012], [104.0072, 9.9946], [104.0092, 9.9914], [104.0145, 9.9922]]], [[[104.0353, 10.0711], [104.0346, 10.0736], [104.0287, 10.0784], [104.0264, 10.0756], [104.0212, 10.0769], [104.0188, 10.0801], [104.02, 10.0847], [104.0257, 10.0925], [104.0253, 10.1009], [104.0271, 10.1077], [104.0318, 10.1113], [104.0362, 10.1192], [104.0334, 10.129], [104.0307, 10.1316], [104.0309, 10.1376], [104.0328, 10.1428], [104.0373, 10.1489], [104.0433, 10.1525], [104.0512, 10.1876], [104.0562, 10.1996], [104.0607, 10.2082], [104.0693, 10.2135], [104.0743, 10.2226], [104.0772, 10.2349], [104.081, 10.2451], [104.08, 10.2572], [104.076, 10.2675], [104.0747, 10.2751], [104.0756, 10.2876], [104.079, 10.297], [104.0799, 10.3068], [104.0747, 10.327], [104.0756, 10.3296], [104.0727, 10.3379], [104.0746, 10.3497], [104.0806, 10.3551], [104.077, 10.3654], [104.0791, 10.3704], [104.071, 10.3833], [104.0632, 10.3907], [104.0613, 10.3962], [104.0576, 10.3994], [104.0574, 10.4027], [104.0509, 10.4046], [104.0397, 10.4161], [104.0364, 10.413], [104.0326, 10.4128], [104.0252, 10.4187], [104.0195, 10.4263], [104.007, 10.4476], [103.9954, 10.4523], [103.9816, 10.4483], [103.9731, 10.4399], [103.9722, 10.4367], [103.9718, 10.4252], [103.9672, 10.4088], [103.9616, 10.4066], [103.9567, 10.4066], [103.9493, 10.4037], [103.9455, 10.3981], [103.943, 10.3844], [103.9415, 10.3799], [103.9354, 10.3691], [103.9285, 10.3625], [103.9217, 10.3598], [103.9054, 10.3648], [103.9007, 10.3651], [103.894, 10.3686], [103.8815, 10.3717], [103.8742, 10.3709], [103.8684, 10.3737], [103.8564, 10.3748], [103.8513, 10.3775], [103.846, 10.3748], [103.8437, 10.3775], [103.8377, 10.3783], [103.836, 10.3763], [103.838, 10.3712], [103.834, 10.3679], [103.8325, 10.3628], [103.8417, 10.3574], [103.8456, 10.3478], [103.8498, 10.3315], [103.8505, 10.326], [103.8567, 10.3117], [103.8556, 10.3092], [103.8597, 10.3054], [103.8685, 10.308], [103.8736, 10.307], [103.8802, 10.3035], [103.8857, 10.298], [103.8886, 10.2917], [103.8975, 10.2898], [103.9067, 10.2927], [103.9149, 10.2885], [103.9202, 10.2829], [103.9243, 10.2765], [103.9306, 10.2627], [103.9394, 10.2562], [103.9485, 10.2425], [103.9549, 10.223], [103.9608, 10.2066], [103.9626, 10.2001], [103.9702, 10.1663], [103.9759, 10.1383], [103.9843, 10.0993], [103.9879, 10.0788], [103.9904, 10.0599], [103.989, 10.0555], [103.9923, 10.0472], [104.0001, 10.0449], [104.0034, 10.0362], [104.0024, 10.0329], [104.0064, 10.0281], [104.0093, 10.0154], [104.0084, 10.0128], [104.0133, 10.0102], [104.0147, 10.0162], [104.0193, 10.018], [104.0239, 10.0177], [104.0311, 10.0106], [104.0365, 10.0159], [104.0456, 10.0077], [104.0522, 10.0054], [104.0501, 10.0119], [104.0467, 10.014], [104.0423, 10.0133], [104.0399, 10.0192], [104.031, 10.0297], [104.0303, 10.0331], [104.0324, 10.0395], [104.0385, 10.0406], [104.0351, 10.0442], [104.0355, 10.0561], [104.0394, 10.0606], [104.0425, 10.0608], [104.0428, 10.0675], [104.0415, 10.0698], [104.0353, 10.0711]]], [[[104.3587, 9.682], [104.358, 9.6897], [104.3631, 9.6959], [104.3605, 9.7011], [104.3613, 9.7043], [104.3568, 9.711], [104.3539, 9.7109], [104.3536, 9.7044], [104.3561, 9.6952], [104.3558, 9.6924], [104.3505, 9.6914], [104.3518, 9.6879], [104.3461, 9.6838], [104.347, 9.6715], [104.3487, 9.6674], [104.3543, 9.66], [104.3609, 9.6595], [104.361, 9.6749], [104.3587, 9.682]]], [[[104.3889, 9.7007], [104.3887, 9.7084], [104.3842, 9.7063], [104.3839, 9.6975], [104.3889, 9.7007]]], [[[104.3245, 10.2833], [104.334, 10.2859], [104.333, 10.2886], [104.3253, 10.2876], [104.3245, 10.2833]]], [[[104.3335, 10.3166], [104.3373, 10.322], [104.3327, 10.3225], [104.3296, 10.319], [104.3234, 10.3186], [104.3277, 10.313], [104.3335, 10.3166]]], [[[104.4032, 9.6336], [104.4018, 9.6389], [104.3959, 9.634], [104.4032, 9.6336]]], [[[104.4031, 9.6639], [104.4002, 9.6703], [104.3971, 9.6635], [104.4031, 9.6639]]], [[[104.3875, 9.6818], [104.3934, 9.6848], [104.3945, 9.6921], [104.3887, 9.6881], [104.3875, 9.6818]]], [[[104.5052, 10.1063], [104.5014, 10.1117], [104.4975, 10.1071], [104.5052, 10.1063]]], [[[104.5241, 10.1551], [104.5222, 10.1569], [104.5183, 10.15], [104.5208, 10.1476], [104.5241, 10.1551]]], [[[104.652, 9.818], [104.6439, 9.8189], [104.6413, 9.8215], [104.6347, 9.8229], [104.6292, 9.8207], [104.6241, 9.815], [104.6175, 9.8107], [104.6137, 9.8016], [104.6081, 9.8009], [104.6144, 9.796], [104.6187, 9.7961], [104.6298, 9.7991], [104.6372, 9.7932], [104.6497, 9.7963], [104.6536, 9.8], [104.6584, 9.812], [104.6573, 9.8183], [104.652, 9.818]]], [[[104.8484, 9.9708], [104.8537, 9.9738], [104.8513, 9.9777], [104.8467, 9.9748], [104.8392, 9.9747], [104.8377, 9.9715], [104.8333, 9.9714], [104.8285, 9.9677], [104.8271, 9.9646], [104.828, 9.9559], [104.8309, 9.952], [104.8374, 9.9492], [104.8414, 9.9527], [104.8456, 9.9677], [104.8484, 9.9708]]], [[[105.189, 10.9118], [105.1809, 10.9132], [105.1563, 10.9235], [105.1313, 10.9215], [105.1092, 10.9176], [105.1001, 10.9216], [105.106, 10.9299], [105.1147, 10.9401], [105.1181, 10.9489], [105.1172, 10.9614], [105.1132, 10.9621], [105.1037, 10.9569], [105.098, 10.9549], [105.0925, 10.9546], [105.0829, 10.9559], [105.0792, 10.9521], [105.0796, 10.9452], [105.0776, 10.9347], [105.0681, 10.9374], [105.0618, 10.934], [105.0523, 10.9269], [105.0538, 10.9187], [105.0557, 10.9162], [105.0456, 10.9128], [105.0433, 10.9107], [105.0472, 10.9013], [105.0403, 10.8964], [105.0371, 10.8963], [105.0284, 10.8916], [105.0343, 10.8696], [105.0433, 10.8505], [105.0545, 10.8291], [105.0582, 10.8202], [105.0558, 10.804], [105.0573, 10.8002], [105.0622, 10.7981], [105.0639, 10.7804], [105.0696, 10.7797], [105.0755, 10.7772], [105.0914, 10.7552], [105.0977, 10.7217], [105.0233, 10.6792], [104.9769, 10.652], [104.9524, 10.6364], [104.9444, 10.6269], [104.9347, 10.614], [104.9197, 10.5878], [104.8976, 10.5488], [104.8684, 10.5222], [104.7542, 10.5188], [104.721, 10.5306], [104.687, 10.5388], [104.6436, 10.5405], [104.6444, 10.5305], [104.6249, 10.5284], [104.6163, 10.5286], [104.6068, 10.534], [104.5991, 10.5341], [104.5891, 10.5298], [104.587, 10.5256], [104.5868, 10.5104], [104.5841, 10.5055], [104.5802, 10.5026], [104.5711, 10.4997], [104.5593, 10.4928], [104.558, 10.4723], [104.5548, 10.4624], [104.5514, 10.4563], [104.5421, 10.448], [104.5269, 10.4466], [104.5174, 10.4397], [104.5108, 10.4272], [104.5084, 10.4212], [104.5014, 10.409], [104.4981, 10.4047], [104.4851, 10.4251], [104.4799, 10.43], [104.4634, 10.4292], [104.4519, 10.4257], [104.4389, 10.4235], [104.4473, 10.4138], [104.4509, 10.4073], [104.4528, 10.3998], [104.4509, 10.3934], [104.4457, 10.3893], [104.446, 10.3735], [104.4421, 10.3663], [104.4468, 10.3647], [104.4527, 10.3691], [104.4593, 10.369], [104.4648, 10.3766], [104.4718, 10.3751], [104.482, 10.3775], [104.4847, 10.3757], [104.4886, 10.3691], [104.4981, 10.361], [104.5012, 10.3562], [104.5089, 10.3491], [104.5214, 10.3329], [104.5277, 10.3224], [104.5279, 10.3189], [104.5324, 10.3091], [104.5281, 10.3046], [104.5287, 10.3002], [104.5336, 10.291], [104.534, 10.2866], [104.5325, 10.2817], [104.5374, 10.2822], [104.5385, 10.2869], [104.5431, 10.2915], [104.5509, 10.2901], [104.5562, 10.2873], [104.565, 10.2794], [104.5721, 10.2702], [104.5829, 10.2527], [104.5832, 10.2466], [104.5864, 10.2444], [104.5868, 10.2387], [104.5897, 10.2308], [104.5927, 10.2148], [104.5856, 10.2084], [104.5894, 10.2059], [104.5913, 10.1969], [104.5953, 10.1963], [104.5961, 10.1885], [104.5902, 10.1875], [104.5915, 10.1827], [104.5961, 10.1835], [104.6014, 10.1741], [104.6096, 10.1632], [104.6102, 10.1589], [104.6047, 10.1513], [104.6018, 10.1503], [104.6009, 10.1446], [104.607, 10.1426], [104.61, 10.1456], [104.6162, 10.148], [104.627, 10.1443], [104.6304, 10.1446], [104.6375, 10.1412], [104.6421, 10.1364], [104.6488, 10.1406], [104.6462, 10.146], [104.6506, 10.1542], [104.6579, 10.1648], [104.6657, 10.17], [104.6696, 10.1787], [104.6844, 10.1966], [104.6984, 10.2092], [104.7091, 10.2146], [104.7169, 10.2207], [104.7277, 10.2262], [104.7328, 10.2278], [104.7415, 10.2275], [104.751, 10.2245], [104.7625, 10.2217], [104.7735, 10.217], [104.7799, 10.2133], [104.7809, 10.2113], [104.7883, 10.2062], [104.7959, 10.2028], [104.8016, 10.1985], [104.8161, 10.1839], [104.8245, 10.1721], [104.831, 10.1639], [104.8433, 10.1464], [104.8479, 10.1375], [104.8539, 10.1294], [104.8562, 10.1241], [104.8631, 10.113], [104.8634, 10.1105], [104.8692, 10.1033], [104.8797, 10.0928], [104.8871, 10.0883], [104.8936, 10.0862], [104.9028, 10.0863], [104.915, 10.0879], [104.9286, 10.0916], [104.9501, 10.0966], [104.9703, 10.0988], [104.9877, 10.097], [104.9913, 10.0987], [105.0002, 10.0884], [105.0077, 10.0814], [105.0308, 10.058], [105.0453, 10.0422], [105.0529, 10.0355], [105.0636, 10.0217], [105.0734, 10.0134], [105.0796, 10.0032], [105.1029, 9.9525], [105.1069, 9.9484], [105.105, 9.9363], [105.1034, 9.9306], [105.0989, 9.9295], [105.0975, 9.9265], [105.0886, 9.9267], [105.081, 9.9459], [105.0765, 9.9483], [105.0708, 9.9491], [105.0583, 9.9461], [105.0487, 9.9417], [105.0394, 9.9359], [105.0188, 9.9191], [105.004, 9.9054], [104.99, 9.8894], [104.983, 9.883], [104.973, 9.8703], [104.955, 9.8547], [104.9515, 9.8556], [104.9401, 9.8512], [104.9302, 9.851], [104.9232, 9.85], [104.9134, 9.8527], [104.9036, 9.8531], [104.8956, 9.8471], [104.8921, 9.8411], [104.891, 9.8348], [104.8876, 9.8306], [104.8839, 9.8161], [104.8838, 9.8122], [104.8794, 9.7916], [104.8757, 9.7699], [104.8706, 9.7568], [104.8667, 9.7426], [104.8618, 9.73], [104.8575, 9.7152], [104.8505, 9.6812], [104.8493, 9.664], [104.8483, 9.6615], [104.8486, 9.6513], [104.8445, 9.6316], [104.8432, 9.6093], [104.8399, 9.5826], [104.8379, 9.5615], [104.836, 9.532], [104.8355, 9.5306], [104.8405, 9.531], [104.8459, 9.5293], [104.8491, 9.5244], [104.8569, 9.5154], [104.8733, 9.5021], [104.8814, 9.4943], [104.9166, 9.5617], [104.9454, 9.533], [104.9461, 9.5329], [104.9631, 9.5559], [104.9738, 9.5463], [104.9805, 9.5428], [104.9901, 9.541], [104.9927, 9.539], [104.9962, 9.5413], [104.9999, 9.5482], [105.0031, 9.5585], [105.0551, 9.527], [105.0764, 9.5135], [105.0843, 9.5094], [105.1178, 9.4889], [105.1318, 9.4809], [105.1571, 9.4653], [105.2205, 9.4257], [105.2622, 9.3993], [105.2676, 9.4087], [105.2752, 9.4282], [105.2781, 9.4329], [105.2885, 9.4351], [105.2945, 9.4336], [105.2911, 9.4563], [105.2913, 9.4681], [105.2932, 9.4783], [105.2958, 9.4822], [105.2946, 9.4881], [105.2981, 9.4947], [105.2988, 9.5051], [105.3015, 9.5066], [105.3047, 9.5036], [105.3093, 9.5072], [105.3149, 9.5023], [105.3167, 9.5044], [105.3156, 9.5095], [105.3232, 9.5166], [105.3204, 9.5209], [105.3208, 9.5261], [105.3251, 9.5247], [105.3298, 9.528], [105.3264, 9.5315], [105.3266, 9.5394], [105.323, 9.5435], [105.3224, 9.5489], [105.3243, 9.5572], [105.3206, 9.5606], [105.3155, 9.5595], [105.3109, 9.5562], [105.3071, 9.5578], [105.308, 9.564], [105.3126, 9.5702], [105.3126, 9.5723], [105.2941, 9.5858], [105.2893, 9.5973], [105.2864, 9.5998], [105.2889, 9.6141], [105.2864, 9.6221], [105.2872, 9.6273], [105.2898, 9.6296], [105.292, 9.6367], [105.2951, 9.6367], [105.2962, 9.6312], [105.3016, 9.6296], [105.3037, 9.6263], [105.3029, 9.6206], [105.3061, 9.6116], [105.3085, 9.6078], [105.3151, 9.6069], [105.3248, 9.6034], [105.3264, 9.6005], [105.3305, 9.6004], [105.3316, 9.6039], [105.3415, 9.6061], [105.3479, 9.5987], [105.3458, 9.5925], [105.3521, 9.5941], [105.3651, 9.5918], [105.368, 9.5881], [105.3719, 9.5913], [105.3738, 9.5961], [105.3754, 9.5995], [105.3751, 9.6103], [105.3774, 9.6155], [105.3812, 9.6194], [105.3924, 9.6239], [105.3992, 9.6239], [105.3991, 9.6302], [105.4065, 9.6423], [105.4068, 9.645], [105.4012, 9.6464], [105.4062, 9.6504], [105.3957, 9.6594], [105.3928, 9.6604], [105.3871, 9.658], [105.3781, 9.6611], [105.3714, 9.659], [105.3686, 9.6635], [105.3741, 9.6701], [105.3704, 9.6727], [105.3571, 9.6685], [105.355, 9.6697], [105.3532, 9.6761], [105.3433, 9.6755], [105.3382, 9.6773], [105.3382, 9.6869], [105.3341, 9.6936], [105.3281, 9.6982], [105.3301, 9.7028], [105.3399, 9.7041], [105.3468, 9.7085], [105.3551, 9.7116], [105.3593, 9.7145], [105.3704, 9.7295], [105.3767, 9.7328], [105.3878, 9.7345], [105.3927, 9.7387], [105.3933, 9.7445], [105.3991, 9.747], [105.403, 9.7503], [105.4083, 9.7482], [105.4122, 9.7496], [105.4153, 9.7556], [105.4138, 9.7602], [105.4067, 9.7603], [105.407, 9.7649], [105.4049, 9.7684], [105.4094, 9.7728], [105.4108, 9.7771], [105.4146, 9.7735], [105.4174, 9.7774], [105.4221, 9.7798], [105.4279, 9.7848], [105.4288, 9.7894], [105.434, 9.7906], [105.4359, 9.795], [105.4342, 9.7982], [105.4313, 9.8142], [105.4345, 9.8168], [105.4555, 9.8226], [105.4678, 9.8303], [105.4766, 9.8326], [105.5014, 9.8471], [105.5211, 9.8591], [105.5167, 9.8631], [105.5396, 9.913], [105.5045, 9.9456], [105.5038, 9.9458], [105.4453, 9.9994], [105.4026, 10.0398], [105.3984, 10.0426], [105.3688, 10.0695], [105.3647, 10.073], [105.3567, 10.0827], [105.3531, 10.1006], [105.3316, 10.1252], [105.3171, 10.1412], [105.3105, 10.1348], [105.3033, 10.1436], [105.2982, 10.1385], [105.2758, 10.1608], [105.2495, 10.1821], [105.2257, 10.201], [105.2383, 10.2176], [105.2428, 10.2248], [105.2532, 10.2385], [105.2609, 10.2459], [105.2671, 10.2389], [105.2747, 10.2466], [105.2889, 10.2599], [105.2875, 10.2621], [105.2914, 10.2674], [105.3015, 10.277], [105.3065, 10.2689], [105.312, 10.2739], [105.3362, 10.2344], [105.3972, 10.2528], [105.4414, 10.2697], [105.4267, 10.303], [105.4431, 10.3058], [105.4478, 10.3047], [105.4519, 10.3073], [105.468, 10.31], [105.4771, 10.3106], [105.4846, 10.3164], [105.4871, 10.3236], [105.4954, 10.3253], [105.4877, 10.3346], [105.4915, 10.3384], [105.4907, 10.3448], [105.4976, 10.3501], [105.4999, 10.3541], [105.5094, 10.3569], [105.5141, 10.3619], [105.521, 10.3634], [105.5215, 10.3705], [105.5265, 10.3732], [105.529, 10.3782], [105.5268, 10.3839], [105.5265, 10.3916], [105.5238, 10.3994], [105.5297, 10.4004], [105.5316, 10.4076], [105.537, 10.4102], [105.5406, 10.4135], [105.5448, 10.4128], [105.5521, 10.4164], [105.5514, 10.4192], [105.5468, 10.4201], [105.5494, 10.4244], [105.5489, 10.4296], [105.5548, 10.4343], [105.5668, 10.4292], [105.574, 10.4287], [105.5728, 10.4396], [105.5753, 10.4474], [105.5736, 10.4685], [105.5705, 10.4786], [105.5577, 10.5081], [105.5502, 10.5213], [105.5442, 10.528], [105.532, 10.5378], [105.5132, 10.547], [105.5099, 10.5452], [105.5014, 10.5459], [105.4884, 10.5423], [105.4823, 10.5357], [105.4787, 10.5355], [105.4684, 10.5403], [105.4458, 10.5528], [105.4391, 10.5526], [105.4188, 10.5497], [105.413, 10.5512], [105.4087, 10.5542], [105.3966, 10.5671], [105.3864, 10.5713], [105.3752, 10.5714], [105.3687, 10.5763], [105.3517, 10.6127], [105.3469, 10.6238], [105.3413, 10.641], [105.3392, 10.6536], [105.3379, 10.6686], [105.339, 10.6773], [105.3442, 10.6867], [105.3464, 10.6938], [105.3507, 10.7127], [105.3468, 10.719], [105.3425, 10.7219], [105.3342, 10.7233], [105.3214, 10.7212], [105.3057, 10.7168], [105.2947, 10.7166], [105.2867, 10.7188], [105.2799, 10.722], [105.2755, 10.7273], [105.2784, 10.7337], [105.2843, 10.7383], [105.3, 10.747], [105.3036, 10.7518], [105.3038, 10.7588], [105.2997, 10.7622], [105.2896, 10.7634], [105.2778, 10.7635], [105.2691, 10.766], [105.2641, 10.7691], [105.2596, 10.7745], [105.2582, 10.7831], [105.2611, 10.7894], [105.2622, 10.7949], [105.2613, 10.7999], [105.2546, 10.8024], [105.2371, 10.8048], [105.2318, 10.8085], [105.2195, 10.8266], [105.2095, 10.8495], [105.1993, 10.8453], [105.1942, 10.8471], [105.1903, 10.8551], [105.1863, 10.8747], [105.1854, 10.8832], [105.1854, 10.8969], [105.189, 10.9118]]], [[[104.5583, 10.0327], [104.5548, 10.0377], [104.5479, 10.0359], [104.5443, 10.0301], [104.5447, 10.0271], [104.5512, 10.0143], [104.5579, 10.0153], [104.5605, 10.0173], [104.5619, 10.0237], [104.5583, 10.0327]]], [[[104.5334, 10.1801], [104.5318, 10.1868], [104.5267, 10.1889], [104.5241, 10.1855], [104.5302, 10.1786], [104.532, 10.1694], [104.5347, 10.1709], [104.5315, 10.1772], [104.5334, 10.1801]]]]}, "properties": {"province_id": "an_giang", "name": "An Giang", "population": 4995214, "area_km2": 9987}}, {"type": "Feature", "geometry": {"type": "Polygon", "coordinates": [[[106.0012, 21.0003], [106.0058, 20.9985], [106.0113, 20.9988], [106.0124, 21.0023], [106.0171, 21.0015], [106.0183, 20.9973], [106.0226, 20.9944], [106.0285, 20.9931], [106.0374, 20.9985], [106.042, 21.0036], [106.0469, 21.004], [106.0511, 21.007], [106.0596, 21.0003], [106.0658, 21.0011], [106.077, 20.9954], [106.0825, 20.9983], [106.084, 21.0047], [106.0878, 21.0043], [106.0898, 21.0071], [106.1021, 20.9973], [106.1092, 20.9997], [106.1157, 20.9957], [106.1152, 20.9834], [106.12, 20.9849], [106.1274, 20.9837], [106.1319, 20.9993], [106.1381, 21.0013], [106.1462, 20.9944], [106.151, 20.9888], [106.1571, 20.9882], [106.1594, 20.9902], [106.1695, 20.9848], [106.1632, 20.9755], [106.1688, 20.97], [106.1747, 20.9754], [106.188, 20.9809], [106.1918, 20.9791], [106.203, 20.9833], [106.2096, 20.9845], [106.2153, 20.9888], [106.2203, 20.9896], [106.2205, 20.9958], [106.2264, 20.994], [106.2334, 20.9955], [106.2403, 20.9918], [106.2448, 20.9914], [106.2463, 20.9977], [106.2529, 20.9965], [106.2594, 20.99], [106.267, 20.9878], [106.273, 20.9917], [106.272, 20.999], [106.2733, 21.0036], [106.2795, 21.0096], [106.2933, 21.0186], [106.2952, 21.0253], [106.292, 21.0348], [106.2927, 21.0395], [106.3021, 21.0491], [106.3067, 21.0526], [106.3106, 21.0589], [106.3038, 21.0696], [106.3023, 21.0737], [106.3025, 21.0857], [106.2957, 21.1051], [106.2959, 21.1141], [106.2984, 21.1206], [106.3052, 21.1265], [106.3117, 21.1289], [106.3175, 21.1358], [106.3216, 21.1432], [106.3229, 21.1532], [106.3212, 21.1585], [106.3155, 21.1673], [106.3102, 21.1786], [106.3091, 21.1848], [106.3105, 21.19], [106.3148, 21.1934], [106.3246, 21.1922], [106.3228, 21.1847], [106.3307, 21.1814], [106.332, 21.1748], [106.3364, 21.1724], [106.3452, 21.1716], [106.3478, 21.1735], [106.3516, 21.1711], [106.3562, 21.1728], [106.3604, 21.1715], [106.3651, 21.1744], [106.3643, 21.1788], [106.371, 21.1843], [106.3735, 21.1892], [106.3741, 21.1954], [106.3824, 21.1959], [106.3888, 21.1978], [106.3934, 21.203], [106.4012, 21.2043], [106.4125, 21.2078], [106.4151, 21.2134], [106.4174, 21.2231], [106.4227, 21.2234], [106.4258, 21.2317], [106.4319, 21.2312], [106.4347, 21.2286], [106.4437, 21.2288], [106.4463, 21.2311], [106.4524, 21.2305], [106.4556, 21.2327], [106.4584, 21.2293], [106.4659, 21.226], [106.4743, 21.2304], [106.481, 21.2284], [106.4873, 21.2287], [106.4988, 21.2274], [106.5019, 21.2244], [106.5073, 21.2218], [106.5124, 21.2216], [106.5194, 21.2251], [106.5294, 21.2226], [106.5304, 21.2182], [106.5336, 21.2141], [106.5361, 21.2057], [106.5413, 21.1967], [106.5425, 21.1924], [106.5462, 21.191], [106.5561, 21.1945], [106.5638, 21.1916], [106.5678, 21.1888], [106.5799, 21.1924], [106.5876, 21.1882], [106.5909, 21.1838], [106.5888, 21.1781], [106.605, 21.1797], [106.6087, 21.1757], [106.6097, 21.1702], [106.6203, 21.1721], [106.6255, 21.1709], [106.631, 21.1719], [106.6403, 21.1715], [106.6411, 21.1805], [106.6534, 21.1734], [106.6564, 21.1742], [106.6715, 21.17], [106.6799, 21.1698], [106.682, 21.1666], [106.6964, 21.1703], [106.7025, 21.1669], [106.7065, 21.1684], [106.7151, 21.1607], [106.7216, 21.1619], [106.7249, 21.159], [106.733, 21.1612], [106.7438, 21.1568], [106.7577, 21.1552], [106.7671, 21.1558], [106.7692, 21.1524], [106.7853, 21.1513], [106.7949, 21.1491], [106.8048, 21.1546], [106.8128, 21.1538], [106.8189, 21.1563], [106.8332, 21.1525], [106.827, 21.1626], [106.826, 21.1665], [106.8272, 21.1784], [106.8254, 21.1822], [106.8254, 21.1882], [106.8408, 21.186], [106.8509, 21.1886], [106.8569, 21.1882], [106.8588, 21.1784], [106.863, 21.1754], [106.8738, 21.1739], [106.8804, 21.1827], [106.8837, 21.1836], [106.8926, 21.1789], [106.9043, 21.1829], [106.9163, 21.1844], [106.9228, 21.1789], [106.9232, 21.1771], [106.9305, 21.1707], [106.9358, 21.1689], [106.9376, 21.172], [106.9427, 21.1733], [106.9458, 21.1798], [106.9474, 21.1885], [106.9554, 21.1902], [106.9562, 21.2064], [106.9626, 21.2102], [106.9691, 21.2235], [106.9783, 21.2264], [106.9762, 21.2299], [106.9779, 21.2336], [106.9772, 21.2395], [106.9814, 21.2444], [106.9813, 21.2491], [106.9858, 21.2569], [106.984, 21.2654], [106.9757, 21.2708], [106.9743, 21.2748], [106.9749, 21.2801], [106.9725, 21.284], [106.9837, 21.2921], [106.9931, 21.2932], [106.9999, 21.2954], [107.0032, 21.2933], [107.0104, 21.295], [107.0157, 21.2989], [107.02, 21.2992], [107.0263, 21.3071], [107.0307, 21.3095], [107.0337, 21.3143], [107.0334, 21.3219], [107.032, 21.3251], [107.0218, 21.3315], [107.023, 21.3356], [107.0139, 21.3449], [107.0078, 21.3496], [107.0026, 21.3506], [106.9982, 21.3556], [106.9883, 21.3586], [106.9874, 21.3607], [106.9915, 21.3683], [106.9908, 21.3736], [106.9932, 21.3777], [106.9927, 21.3818], [106.9865, 21.3909], [106.9857, 21.4021], [106.9922, 21.4094], [106.9916, 21.4132], [106.995, 21.4169], [107.0019, 21.419], [107.0038, 21.4217], [106.9946, 21.43], [106.9918, 21.4307], [106.9909, 21.4364], [106.9868, 21.4395], [106.9806, 21.4391], [106.978, 21.4373], [106.9688, 21.4361], [106.9596, 21.4248], [106.9538, 21.4234], [106.9498, 21.4259], [106.9456, 21.4346], [106.9406, 21.4348], [106.9289, 21.4257], [106.9305, 21.4333], [106.9288, 21.44], [106.9264, 21.441], [106.9209, 21.436], [106.9172, 21.4308], [106.911, 21.4306], [106.9032, 21.4402], [106.8962, 21.4442], [106.8914, 21.4514], [106.8923, 21.4595], [106.8988, 21.4635], [106.9025, 21.4704], [106.8988, 21.4747], [106.8938, 21.4759], [106.8891, 21.4826], [106.8904, 21.4895], [106.8785, 21.4957], [106.8676, 21.4975], [106.8614, 21.4957], [106.8531, 21.4963], [106.8508, 21.4988], [106.8449, 21.4936], [106.8419, 21.5047], [106.8389, 21.5085], [106.8399, 21.5125], [106.8507, 21.5169], [106.8503, 21.5224], [106.8553, 21.5236], [106.8603, 21.5227], [106.8647, 21.5274], [106.8643, 21.5348], [106.8582, 21.5389], [106.8522, 21.5399], [106.8479, 21.5538], [106.8433, 21.5597], [106.8323, 21.5613], [106.8275, 21.5603], [106.8201, 21.5625], [106.8063, 21.5589], [106.7996, 21.5619], [106.7967, 21.5652], [106.7926, 21.566], [106.7841, 21.5759], [106.771, 21.5714], [106.7645, 21.5727], [106.7566, 21.5672], [106.7585, 21.5524], [106.7603, 21.5504], [106.759, 21.5445], [106.7555, 21.5409], [106.7434, 21.5415], [106.7338, 21.5451], [106.7334, 21.5489], [106.7261, 21.5555], [106.7191, 21.5576], [106.7172, 21.5598], [106.7102, 21.5608], [106.7056, 21.5677], [106.7005, 21.5708], [106.699, 21.5743], [106.7022, 21.582], [106.7019, 21.5937], [106.6913, 21.5974], [106.6837, 21.6023], [106.6779, 21.6027], [106.6703, 21.6087], [106.6631, 21.6046], [106.6591, 21.6056], [106.6526, 21.6031], [106.6456, 21.6065], [106.6434, 21.6038], [106.637, 21.6008], [106.6268, 21.6027], [106.624, 21.6057], [106.6153, 21.6078], [106.6065, 21.603], [106.604, 21.6033], [106.5961, 21.5992], [106.5836, 21.5989], [106.5708, 21.6025], [106.5699, 21.5995], [106.5639, 21.5945], [106.5582, 21.5944], [106.5521, 21.589], [106.5523, 21.5828], [106.548, 21.5782], [106.544, 21.5765], [106.5422, 21.5701], [106.5355, 21.5631], [106.5309, 21.5627], [106.5274, 21.5577], [106.5267, 21.5454], [106.5239, 21.5384], [106.5186, 21.5318], [106.5147, 21.5315], [106.5087, 21.5262], [106.5074, 21.5208], [106.5136, 21.5131], [106.5213, 21.4996], [106.5178, 21.4948], [106.5095, 21.4867], [106.4948, 21.4831], [106.4927, 21.474], [106.4897, 21.4719], [106.4878, 21.4669], [106.4884, 21.4621], [106.4851, 21.458], [106.4827, 21.4487], [106.4728, 21.4476], [106.4717, 21.4422], [106.4658, 21.4373], [106.4519, 21.4387], [106.4506, 21.4361], [106.4433, 21.4365], [106.4395, 21.4435], [106.4349, 21.4424], [106.4331, 21.438], [106.4281, 21.44], [106.4175, 21.4373], [106.4141, 21.4322], [106.406, 21.4292], [106.4048, 21.4255], [106.4084, 21.4194], [106.4143, 21.4174], [106.4158, 21.4079], [106.4123, 21.4057], [106.405, 21.4042], [106.3958, 21.4054], [106.3857, 21.3967], [106.3784, 21.394], [106.3717, 21.3947], [106.3672, 21.399], [106.3615, 21.3958], [106.3546, 21.3972], [106.3511, 21.3958], [106.348, 21.4001], [106.3406, 21.3972], [106.3346, 21.4042], [106.3242, 21.4104], [106.3241, 21.4139], [106.3271, 21.418], [106.3251, 21.4243], [106.3277, 21.4259], [106.3326, 21.4342], [106.3331, 21.4377], [106.3287, 21.4414], [106.3294, 21.4464], [106.3259, 21.4482], [106.315, 21.4449], [106.3121, 21.4514], [106.31, 21.4518], [106.304, 21.448], [106.3059, 21.4422], [106.3005, 21.4435], [106.2977, 21.4462], [106.2947, 21.4432], [106.2849, 21.4525], [106.2833, 21.456], [106.2866, 21.4668], [106.2864, 21.4712], [106.2825, 21.4723], [106.2851, 21.4792], [106.2855, 21.4904], [106.2793, 21.4911], [106.2734, 21.4937], [106.2684, 21.4899], [106.2646, 21.4917], [106.2559, 21.4868], [106.2496, 21.4873], [106.2467, 21.485], [106.2418, 21.4864], [106.237, 21.495], [106.2262, 21.4955], [106.2209, 21.4969], [106.212, 21.4967], [106.2058, 21.5002], [106.1986, 21.5008], [106.1903, 21.5059], [106.1827, 21.5087], [106.1744, 21.5092], [106.1687, 21.5124], [106.1677, 21.5213], [106.1702, 21.5356], [106.1676, 21.5395], [106.1676, 21.5437], [106.1709, 21.5495], [106.1688, 21.5528], [106.1679, 21.5607], [106.1693, 21.5645], [106.1698, 21.573], [106.1674, 21.5763], [106.1706, 21.5857], [106.1708, 21.5922], [106.1693, 21.5957], [106.1772, 21.5981], [106.1773, 21.6], [106.1852, 21.6043], [106.1733, 21.6102], [106.1696, 21.6165], [106.1624, 21.6248], [106.1587, 21.6261], [106.1545, 21.6239], [106.1455, 21.6223], [106.1421, 21.623], [106.1356, 21.6179], [106.127, 21.6161], [106.1169, 21.617], [106.1072, 21.6223], [106.1016, 21.622], [106.0999, 21.6248], [106.094, 21.6247], [106.0779, 21.6173], [106.076, 21.6126], [106.0715, 21.6105], [106.0673, 21.6046], [106.0594, 21.6043], [106.0516, 21.5923], [106.0513, 21.5877], [106.0486, 21.5811], [106.0416, 21.5755], [106.0349, 21.5718], [106.0321, 21.5662], [106.036, 21.5613], [106.0479, 21.5588], [106.0505, 21.5523], [106.0538, 21.5519], [106.0552, 21.5481], [106.0505, 21.5457], [106.0537, 21.5387], [106.0509, 21.5335], [106.0476, 21.5309], [106.0442, 21.5218], [106.0454, 21.5088], [106.043, 21.4987], [106.0378, 21.4902], [106.0413, 21.4863], [106.0479, 21.4817], [106.0455, 21.4751], [106.0409, 21.4732], [106.0406, 21.4704], [106.0437, 21.4638], [106.0459, 21.4648], [106.0512, 21.4604], [106.0505, 21.4548], [106.0472, 21.4476], [106.0459, 21.4418], [106.0381, 21.4382], [106.032, 21.438], [106.0267, 21.4336], [106.0267, 21.4289], [106.031, 21.4253], [106.033, 21.4188], [106.0321, 21.4136], [106.0344, 21.4083], [106.0312, 21.4069], [106.03, 21.4018], [106.0274, 21.3994], [106.0285, 21.3941], [106.0201, 21.3955], [106.0189, 21.4011], [106.0131, 21.4028], [106.0082, 21.4061], [106.0026, 21.4065], [105.9998, 21.4044], [105.9963, 21.4081], [105.9907, 21.4102], [105.9867, 21.4141], [105.9792, 21.4136], [105.9753, 21.4195], [105.9721, 21.42], [105.9678, 21.4311], [105.9627, 21.4369], [105.9576, 21.4322], [105.9584, 21.4216], [105.9545, 21.4136], [105.9565, 21.4074], [105.9442, 21.4], [105.9401, 21.3965], [105.9449, 21.392], [105.9435, 21.3775], [105.9398, 21.3722], [105.9364, 21.3714], [105.9231, 21.3749], [105.9166, 21.3727], [105.9128, 21.376], [105.909, 21.3742], [105.9046, 21.3633], [105.9004, 21.356], [105.8956, 21.3511], [105.8994, 21.3497], [105.904, 21.3522], [105.9085, 21.3517], [105.9044, 21.3454], [105.8969, 21.3431], [105.8865, 21.346], [105.8813, 21.3388], [105.8812, 21.3358], [105.8854, 21.3328], [105.8879, 21.3281], [105.8928, 21.3265], [105.8992, 21.3249], [105.8986, 21.3148], [105.8972, 21.3076], [105.901, 21.304], [105.908, 21.3015], [105.915, 21.3054], [105.9175, 21.3041], [105.9153, 21.2978], [105.9187, 21.2941], [105.9284, 21.2954], [105.9299, 21.2912], [105.9232, 21.2876], [105.9222, 21.2821], [105.9222, 21.2726], [105.9236, 21.2683], [105.9384, 21.2472], [105.934, 21.2454], [105.9263, 21.2447], [105.9269, 21.2385], [105.9154, 21.2322], [105.9089, 21.231], [105.9042, 21.2274], [105.9089, 21.2248], [105.9145, 21.2182], [105.9148, 21.2082], [105.9103, 21.2059], [105.9134, 21.2027], [105.9043, 21.1992], [105.9071, 21.1924], [105.9122, 21.1923], [105.9152, 21.1873], [105.9237, 21.1827], [105.9202, 21.1783], [105.9212, 21.1737], [105.9169, 21.1716], [105.9193, 21.1632], [105.9229, 21.1617], [105.9195, 21.1554], [105.9234, 21.1473], [105.9256, 21.147], [105.9263, 21.1403], [105.9178, 21.132], [105.9193, 21.1299], [105.9128, 21.1265], [105.9156, 21.119], [105.9294, 21.1126], [105.9364, 21.1016], [105.9346, 21.0966], [105.9381, 21.0939], [105.9409, 21.089], [105.9402, 21.0834], [105.9457, 21.085], [105.9579, 21.0913], [105.9599, 21.0883], [105.962, 21.0779], [105.9689, 21.0736], [105.9769, 21.0703], [105.9936, 21.069], [105.9995, 21.0745], [106.0067, 21.063], [106.0071, 21.0577], [106.0144, 21.0559], [106.014, 21.0509], [106.02, 21.0475], [106.0201, 21.0414], [106.0165, 21.0344], [106.0127, 21.0302], [106.0064, 21.0289], [106.007, 21.0242], [106.0034, 21.0174], [106.0094, 21.0124], [106.0085, 21.0082], [105.9991, 21.0066], [106.0012, 21.0003]]]}, "properties": {"province_id": "bac_ninh", "name": "Bắc Ninh", "population": 3619433, "area_km2": 4718.5}}, {"type": "Feature", "geometry": {"type": "MultiPolygon", "coordinates": [[[[104.8355, 9.5306], [104.8349, 9.5287], [104.8329, 9.4926], [104.8306, 9.4307], [104.8313, 9.4125], [104.8292, 9.386], [104.8267, 9.3789], [104.8283, 9.3741], [104.8249, 9.3548], [104.8255, 9.342], [104.8241, 9.3329], [104.8241, 9.3159], [104.8224, 9.2859], [104.8213, 9.2744], [104.8215, 9.2641], [104.8198, 9.2403], [104.8164, 9.2159], [104.8131, 9.1993], [104.8077, 9.1803], [104.8096, 9.1606], [104.8104, 9.138], [104.8101, 9.1258], [104.8083, 9.1045], [104.8077, 9.0806], [104.8066, 9.0763], [104.8061, 9.0639], [104.8042, 9.0537], [104.8048, 9.0433], [104.8047, 9.028], [104.8023, 9.0213], [104.8022, 9.0153], [104.8048, 8.9807], [104.8036, 8.9637], [104.8042, 8.9617], [104.803, 8.9501], [104.8036, 8.9446], [104.8024, 8.9388], [104.8032, 8.9309], [104.8017, 8.9241], [104.8009, 8.9116], [104.7985, 8.8968], [104.7924, 8.874], [104.7912, 8.8633], [104.789, 8.8578], [104.7837, 8.8383], [104.7812, 8.8263], [104.7807, 8.8161], [104.7821, 8.8061], [104.7861, 8.8014], [104.7874, 8.7957], [104.7936, 8.7868], [104.7991, 8.7823], [104.8032, 8.7765], [104.8101, 8.7727], [104.8169, 8.7725], [104.832, 8.7761], [104.8386, 8.7798], [104.8506, 8.7837], [104.8596, 8.7874], [104.8737, 8.7915], [104.8891, 8.797], [104.8969, 8.8012], [104.8991, 8.8087], [104.9024, 8.8082], [104.9031, 8.7964], [104.8972, 8.7858], [104.8877, 8.7822], [104.8811, 8.7722], [104.8785, 8.7655], [104.877, 8.7584], [104.8737, 8.7548], [104.8676, 8.7542], [104.8682, 8.7504], [104.8646, 8.7454], [104.8485, 8.7401], [104.8374, 8.7376], [104.8292, 8.7347], [104.8232, 8.7356], [104.7944, 8.7275], [104.7867, 8.7178], [104.7808, 8.7042], [104.7788, 8.6948], [104.7792, 8.6889], [104.7811, 8.6826], [104.7956, 8.6603], [104.7964, 8.6523], [104.7832, 8.6474], [104.7799, 8.6451], [104.771, 8.6443], [104.7568, 8.6398], [104.7524, 8.6339], [104.7491, 8.6409], [104.7433, 8.6451], [104.7299, 8.6498], [104.7202, 8.6458], [104.7147, 8.6385], [104.7128, 8.632], [104.7164, 8.621], [104.7162, 8.6139], [104.7173, 8.6077], [104.7214, 8.6057], [104.7221, 8.6018], [104.7301, 8.5974], [104.7484, 8.5913], [104.7525, 8.5917], [104.76, 8.5886], [104.7752, 8.5862], [104.8025, 8.5797], [104.8169, 8.5736], [104.8251, 8.566], [104.838, 8.5612], [104.8467, 8.5626], [104.8504, 8.5668], [104.8613, 8.5681], [104.8678, 8.57], [104.8768, 8.5705], [104.8958, 8.574], [104.9043, 8.5775], [104.9159, 8.5793], [104.9217, 8.5818], [104.9338, 8.5844], [104.9426, 8.5851], [104.9603, 8.5882], [104.9666, 8.5902], [104.972, 8.5957], [104.9835, 8.6008], [104.9926, 8.6008], [105.0005, 8.5988], [105.009, 8.601], [105.0186, 8.6072], [105.0224, 8.6083], [105.0433, 8.6168], [105.053, 8.6218], [105.0634, 8.6252], [105.064, 8.6225], [105.0723, 8.6234], [105.0756, 8.6258], [105.0985, 8.6337], [105.1064, 8.6352], [105.1112, 8.6412], [105.1197, 8.6467], [105.1281, 8.6566], [105.1301, 8.6614], [105.1294, 8.6713], [105.1389, 8.6837], [105.1416, 8.6919], [105.1454, 8.695], [105.1494, 8.7022], [105.1594, 8.7084], [105.1626, 8.7144], [105.1699, 8.7238], [105.1732, 8.7254], [105.1774, 8.7328], [105.1786, 8.7374], [105.183, 8.7389], [105.1859, 8.7431], [105.1933, 8.7432], [105.1978, 8.7467], [105.2086, 8.7525], [105.2211, 8.7568], [105.2337, 8.7572], [105.2379, 8.7592], [105.2529, 8.7632], [105.2593, 8.7671], [105.2639, 8.7676], [105.2688, 8.7702], [105.2801, 8.7826], [105.2883, 8.7895], [105.2962, 8.7998], [105.3105, 8.8139], [105.3132, 8.8195], [105.3174, 8.8248], [105.3275, 8.8295], [105.3269, 8.8316], [105.3335, 8.8378], [105.3473, 8.8611], [105.3557, 8.8779], [105.3633, 8.8971], [105.3683, 8.9083], [105.3674, 8.9106], [105.3712, 8.9166], [105.3713, 8.921], [105.3772, 8.9308], [105.3853, 8.9479], [105.3883, 8.9568], [105.3889, 8.965], [105.3881, 8.9681], [105.3909, 8.9741], [105.3932, 8.9892], [105.3951, 8.9959], [105.3982, 8.9975], [105.4004, 9.0024], [105.4144, 9.0162], [105.4242, 9.0211], [105.4355, 9.0348], [105.4473, 9.0505], [105.4614, 9.0656], [105.4681, 9.0713], [105.482, 9.0818], [105.4847, 9.0849], [105.4998, 9.0957], [105.5085, 9.1013], [105.5167, 9.1032], [105.5226, 9.1084], [105.5425, 9.1198], [105.5464, 9.1206], [105.5595, 9.1268], [105.582, 9.1351], [105.5994, 9.1397], [105.6051, 9.1434], [105.6149, 9.1465], [105.6274, 9.153], [105.6352, 9.1561], [105.6448, 9.1585], [105.6461, 9.1604], [105.6544, 9.1633], [105.6614, 9.1676], [105.6675, 9.1693], [105.6731, 9.1689], [105.6722, 9.1729], [105.7001, 9.1841], [105.7085, 9.1883], [105.7325, 9.1982], [105.7401, 9.1996], [105.7425, 9.2034], [105.7524, 9.2049], [105.7645, 9.2113], [105.7799, 9.2209], [105.7883, 9.2277], [105.7982, 9.2302], [105.8031, 9.2339], [105.8141, 9.2373], [105.8274, 9.2449], [105.8192, 9.2725], [105.826, 9.2765], [105.8147, 9.3318], [105.8121, 9.3393], [105.83, 9.3486], [105.849, 9.355], [105.8557, 9.3605], [105.859, 9.3599], [105.8605, 9.3646], [105.8573, 9.3665], [105.8574, 9.3727], [105.854, 9.3763], [105.8529, 9.3885], [105.8482, 9.3902], [105.8487, 9.3942], [105.8469, 9.399], [105.843, 9.3992], [105.8419, 9.4047], [105.8365, 9.4008], [105.8335, 9.3922], [105.8292, 9.3903], [105.8217, 9.3943], [105.821, 9.3903], [105.8225, 9.3861], [105.8185, 9.3784], [105.8145, 9.3778], [105.8161, 9.3701], [105.8115, 9.3705], [105.8062, 9.3757], [105.7996, 9.3745], [105.7922, 9.3778], [105.7895, 9.3842], [105.7856, 9.3828], [105.7773, 9.3936], [105.7839, 9.4], [105.7778, 9.4029], [105.7719, 9.4114], [105.769, 9.409], [105.7612, 9.4117], [105.7579, 9.4097], [105.7455, 9.4058], [105.7416, 9.4001], [105.7378, 9.3983], [105.7362, 9.3949], [105.7322, 9.3939], [105.7283, 9.3957], [105.7237, 9.3903], [105.7163, 9.3908], [105.7148, 9.3934], [105.7079, 9.3945], [105.707, 9.385], [105.7054, 9.3778], [105.7016, 9.3774], [105.6919, 9.3797], [105.688, 9.379], [105.6834, 9.3846], [105.6774, 9.3845], [105.6731, 9.3908], [105.6702, 9.3891], [105.664, 9.3887], [105.6561, 9.3848], [105.6526, 9.388], [105.6475, 9.3952], [105.6432, 9.3938], [105.6367, 9.3961], [105.6413, 9.4035], [105.6391, 9.4089], [105.6196, 9.4153], [105.6168, 9.4101], [105.6136, 9.4076], [105.6117, 9.4123], [105.6081, 9.4127], [105.6018, 9.4173], [105.6003, 9.4231], [105.5955, 9.4194], [105.5876, 9.4236], [105.5805, 9.4114], [105.5453, 9.4506], [105.544, 9.471], [105.5464, 9.481], [105.5451, 9.4833], [105.5468, 9.4886], [105.5533, 9.5488], [105.5554, 9.5604], [105.5549, 9.5677], [105.5505, 9.5739], [105.5503, 9.5782], [105.546, 9.5863], [105.5374, 9.5916], [105.5355, 9.5972], [105.5302, 9.5951], [105.5225, 9.595], [105.5205, 9.5884], [105.5138, 9.5889], [105.5108, 9.584], [105.5048, 9.5859], [105.5052, 9.5901], [105.4924, 9.59], [105.4932, 9.5868], [105.4892, 9.5821], [105.4846, 9.5848], [105.4755, 9.5846], [105.4776, 9.5891], [105.4767, 9.5919], [105.4711, 9.5969], [105.4688, 9.5921], [105.4618, 9.5866], [105.457, 9.5903], [105.4508, 9.587], [105.4482, 9.5888], [105.4485, 9.5932], [105.4465, 9.5971], [105.4425, 9.5948], [105.4304, 9.601], [105.4293, 9.5958], [105.4238, 9.5956], [105.4175, 9.5929], [105.4179, 9.6002], [105.4143, 9.6014], [105.4111, 9.5981], [105.3994, 9.5986], [105.3996, 9.5949], [105.3945, 9.5881], [105.3894, 9.5904], [105.3864, 9.5876], [105.3792, 9.5858], [105.3771, 9.5918], [105.3738, 9.5961], [105.3719, 9.5913], [105.368, 9.5881], [105.3651, 9.5918], [105.3521, 9.5941], [105.3458, 9.5925], [105.3479, 9.5987], [105.3415, 9.6061], [105.3316, 9.6039], [105.3305, 9.6004], [105.3264, 9.6005], [105.3248, 9.6034], [105.3151, 9.6069], [105.3085, 9.6078], [105.3061, 9.6116], [105.3029, 9.6206], [105.3037, 9.6263], [105.3016, 9.6296], [105.2962, 9.6312], [105.2951, 9.6367], [105.292, 9.6367], [105.2898, 9.6296], [105.2872, 9.6273], [105.2864, 9.6221], [105.2889, 9.6141], [105.2864, 9.5998], [105.2893, 9.5973], [105.2941, 9.5858], [105.3126, 9.5723], [105.3126, 9.5702], [105.308, 9.564], [105.3071, 9.5578], [105.3109, 9.5562], [105.3155, 9.5595], [105.3206, 9.5606], [105.3243, 9.5572], [105.3224, 9.5489], [105.323, 9.5435], [105.3266, 9.5394], [105.3264, 9.5315], [105.3298, 9.528], [105.3251, 9.5247], [105.3208, 9.5261], [105.3204, 9.5209], [105.3232, 9.5166], [105.3156, 9.5095], [105.3167, 9.5044], [105.3149, 9.5023], [105.3093, 9.5072], [105.3047, 9.5036], [105.3015, 9.5066], [105.2988, 9.5051], [105.2981, 9.4947], [105.2946, 9.4881], [105.2958, 9.4822], [105.2932, 9.4783], [105.2913, 9.4681], [105.2911, 9.4563], [105.2945, 9.4336], [105.2885, 9.4351], [105.2781, 9.4329], [105.2752, 9.4282], [105.2676, 9.4087], [105.2622, 9.3993], [105.2205, 9.4257], [105.1571, 9.4653], [105.1318, 9.4809], [105.1178, 9.4889], [105.0843, 9.5094], [105.0764, 9.5135], [105.0551, 9.527], [105.0031, 9.5585], [104.9999, 9.5482], [104.9962, 9.5413], [104.9927, 9.539], [104.9901, 9.541], [104.9805, 9.5428], [104.9738, 9.5463], [104.9631, 9.5559], [104.9461, 9.5329], [104.9454, 9.533], [104.9166, 9.5617], [104.8814, 9.4943], [104.8733, 9.5021], [104.8569, 9.5154], [104.8491, 9.5244], [104.8459, 9.5293], [104.8405, 9.531], [104.8355, 9.5306]]], [[[104.8574, 8.4197], [104.8516, 8.4213], [104.8481, 8.4176], [104.8498, 8.4126], [104.8539, 8.4139], [104.8574, 8.4197]]], [[[104.8445, 8.4477], [104.8416, 8.4505], [104.8329, 8.4441], [104.8314, 8.4385], [104.8289, 8.4378], [104.8191, 8.4265], [104.8232, 8.4219], [104.8284, 8.4215], [104.8392, 8.4263], [104.8371, 8.4374], [104.8429, 8.4396], [104.8454, 8.443], [104.8445, 8.4477]]], [[[104.5264, 8.9527], [104.5223, 8.9494], [104.5234, 8.9462], [104.5295, 8.9457], [104.5264, 8.9527]]]]}, "properties": {"province_id": "ca_mau", "name": "Cà Mau", "population": 1988464, "area_km2": 6310.6}}, {"type": "Feature", "geometry": {"type": "Polygon", "coordinates": [[[105.3738, 9.5961], [105.3771, 9.5918], [105.3792, 9.5858], [105.3864, 9.5876], [105.3894, 9.5904], [105.3945, 9.5881], [105.3996, 9.5949], [105.3994, 9.5986], [105.4111, 9.5981], [105.4143, 9.6014], [105.4179, 9.6002], [105.4175, 9.5929], [105.4238, 9.5956], [105.4293, 9.5958], [105.4304, 9.601], [105.4425, 9.5948], [105.4465, 9.5971], [105.4485, 9.5932], [105.4482, 9.5888], [105.4508, 9.587], [105.457, 9.5903], [105.4618, 9.5866], [105.4688, 9.5921], [105.4711, 9.5969], [105.4767, 9.5919], [105.4776, 9.5891], [105.4755, 9.5846], [105.4846, 9.5848], [105.4892, 9.5821], [105.4932, 9.5868], [105.4924, 9.59], [105.5052, 9.5901], [105.5048, 9.5859], [105.5108, 9.584], [105.5138, 9.5889], [105.5205, 9.5884], [105.5225, 9.595], [105.5302, 9.5951], [105.5355, 9.5972], [105.5374, 9.5916], [105.546, 9.5863], [105.5503, 9.5782], [105.5505, 9.5739], [105.5549, 9.5677], [105.5554, 9.5604], [105.5533, 9.5488], [105.5468, 9.4886], [105.5451, 9.4833], [105.5464, 9.481], [105.544, 9.471], [105.5453, 9.4506], [105.5805, 9.4114], [105.5876, 9.4236], [105.5955, 9.4194], [105.6003, 9.4231], [105.6018, 9.4173], [105.6081, 9.4127], [105.6117, 9.4123], [105.6136, 9.4076], [105.6168, 9.4101], [105.6196, 9.4153], [105.6391, 9.4089], [105.6413, 9.4035], [105.6367, 9.3961], [105.6432, 9.3938], [105.6475, 9.3952], [105.6526, 9.388], [105.6561, 9.3848], [105.664, 9.3887], [105.6702, 9.3891], [105.6731, 9.3908], [105.6774, 9.3845], [105.6834, 9.3846], [105.688, 9.379], [105.6919, 9.3797], [105.7016, 9.3774], [105.7054, 9.3778], [105.707, 9.385], [105.7079, 9.3945], [105.7148, 9.3934], [105.7163, 9.3908], [105.7237, 9.3903], [105.7283, 9.3957], [105.7322, 9.3939], [105.7362, 9.3949], [105.7378, 9.3983], [105.7416, 9.4001], [105.7455, 9.4058], [105.7579, 9.4097], [105.7612, 9.4117], [105.769, 9.409], [105.7719, 9.4114], [105.7778, 9.4029], [105.7839, 9.4], [105.7773, 9.3936], [105.7856, 9.3828], [105.7895, 9.3842], [105.7922, 9.3778], [105.7996, 9.3745], [105.8062, 9.3757], [105.8115, 9.3705], [105.8161, 9.3701], [105.8145, 9.3778], [105.8185, 9.3784], [105.8225, 9.3861], [105.821, 9.3903], [105.8217, 9.3943], [105.8292, 9.3903], [105.8335, 9.3922], [105.8365, 9.4008], [105.8419, 9.4047], [105.843, 9.3992], [105.8469, 9.399], [105.8487, 9.3942], [105.8482, 9.3902], [105.8529, 9.3885], [105.854, 9.3763], [105.8574, 9.3727], [105.8573, 9.3665], [105.8605, 9.3646], [105.859, 9.3599], [105.8557, 9.3605], [105.849, 9.355], [105.83, 9.3486], [105.8121, 9.3393], [105.8147, 9.3318], [105.826, 9.2765], [105.8192, 9.2725], [105.8274, 9.2449], [105.8369, 9.2489], [105.8535, 9.254], [105.8691, 9.2616], [105.8761, 9.2642], [105.8853, 9.2692], [105.8919, 9.2704], [105.8998, 9.2743], [105.9056, 9.2753], [105.922, 9.282], [105.9272, 9.2823], [105.9544, 9.2913], [105.9595, 9.2918], [105.9762, 9.2979], [105.9808, 9.298], [105.9862, 9.3004], [106.0011, 9.3051], [106.0041, 9.3048], [106.0097, 9.3077], [106.0141, 9.3081], [106.027, 9.3137], [106.0365, 9.3154], [106.0454, 9.3194], [106.061, 9.3215], [106.0653, 9.3243], [106.0818, 9.3311], [106.0988, 9.3362], [106.1032, 9.3367], [106.1075, 9.3333], [106.1082, 9.3275], [106.1246, 9.3317], [106.1333, 9.3364], [106.1372, 9.3363], [106.1427, 9.3408], [106.1511, 9.3458], [106.1659, 9.3563], [106.1697, 9.3607], [106.1764, 9.3652], [106.1869, 9.3791], [106.1858, 9.3857], [106.1884, 9.4019], [106.1868, 9.415], [106.1858, 9.4168], [106.1738, 9.4197], [106.1721, 9.4247], [106.1815, 9.4364], [106.1992, 9.4496], [106.2049, 9.4552], [106.2068, 9.4597], [106.2069, 9.4671], [106.2085, 9.4687], [106.2101, 9.4777], [106.2276, 9.4849], [106.2382, 9.4916], [106.2476, 9.4929], [106.2523, 9.4954], [106.2664, 9.5063], [106.2749, 9.5214], [106.2752, 9.5256], [106.2796, 9.5285], [106.2876, 9.5462], [106.2921, 9.5627], [106.2931, 9.5734], [106.2926, 9.5765], [106.2997, 9.5859], [106.2784, 9.5996], [106.268, 9.6049], [106.2475, 9.6175], [106.21, 9.65], [106.1938, 9.6663], [106.1717, 9.6855], [106.156, 9.7038], [106.1461, 9.7143], [106.1352, 9.7238], [106.1282, 9.7311], [106.1128, 9.7496], [106.1002, 9.7602], [106.0873, 9.7681], [106.0771, 9.7724], [106.0689, 9.7787], [106.0622, 9.7882], [106.0511, 9.8025], [106.0227, 9.8258], [106.0153, 9.8343], [106.0017, 9.8512], [105.9987, 9.8569], [105.9958, 9.8656], [105.9804, 9.8838], [105.9707, 9.8896], [105.9616, 9.9011], [105.9469, 9.9102], [105.9192, 9.9315], [105.906, 9.932], [105.8982, 9.9375], [105.8768, 9.9512], [105.8597, 9.9665], [105.8443, 9.9828], [105.8261, 10.0054], [105.8217, 10.0123], [105.8131, 10.0308], [105.7951, 10.0533], [105.7889, 10.0628], [105.781, 10.0701], [105.7654, 10.0782], [105.7519, 10.09], [105.7327, 10.0994], [105.726, 10.104], [105.709, 10.1173], [105.6823, 10.1345], [105.6641, 10.1458], [105.6569, 10.1513], [105.6463, 10.1668], [105.637, 10.1749], [105.6249, 10.1864], [105.6197, 10.2046], [105.6165, 10.2137], [105.6111, 10.2236], [105.6046, 10.233], [105.5895, 10.2493], [105.5645, 10.274], [105.5421, 10.2927], [105.5336, 10.2976], [105.5127, 10.308], [105.4954, 10.3253], [105.4871, 10.3236], [105.4846, 10.3164], [105.4771, 10.3106], [105.468, 10.31], [105.4519, 10.3073], [105.4478, 10.3047], [105.4431, 10.3058], [105.4267, 10.303], [105.4414, 10.2697], [105.3972, 10.2528], [105.3362, 10.2344], [105.312, 10.2739], [105.3065, 10.2689], [105.3015, 10.277], [105.2914, 10.2674], [105.2875, 10.2621], [105.2889, 10.2599], [105.2747, 10.2466], [105.2671, 10.2389], [105.2609, 10.2459], [105.2532, 10.2385], [105.2428, 10.2248], [105.2383, 10.2176], [105.2257, 10.201], [105.2495, 10.1821], [105.2758, 10.1608], [105.2982, 10.1385], [105.3033, 10.1436], [105.3105, 10.1348], [105.3171, 10.1412], [105.3316, 10.1252], [105.3531, 10.1006], [105.3567, 10.0827], [105.3647, 10.073], [105.3688, 10.0695], [105.3984, 10.0426], [105.4026, 10.0398], [105.4453, 9.9994], [105.5038, 9.9458], [105.5045, 9.9456], [105.5396, 9.913], [105.5167, 9.8631], [105.5211, 9.8591], [105.5014, 9.8471], [105.4766, 9.8326], [105.4678, 9.8303], [105.4555, 9.8226], [105.4345, 9.8168], [105.4313, 9.8142], [105.4342, 9.7982], [105.4359, 9.795], [105.434, 9.7906], [105.4288, 9.7894], [105.4279, 9.7848], [105.4221, 9.7798], [105.4174, 9.7774], [105.4146, 9.7735], [105.4108, 9.7771], [105.4094, 9.7728], [105.4049, 9.7684], [105.407, 9.7649], [105.4067, 9.7603], [105.4138, 9.7602], [105.4153, 9.7556], [105.4122, 9.7496], [105.4083, 9.7482], [105.403, 9.7503], [105.3991, 9.747], [105.3933, 9.7445], [105.3927, 9.7387], [105.3878, 9.7345], [105.3767, 9.7328], [105.3704, 9.7295], [105.3593, 9.7145], [105.3551, 9.7116], [105.3468, 9.7085], [105.3399, 9.7041], [105.3301, 9.7028], [105.3281, 9.6982], [105.3341, 9.6936], [105.3382, 9.6869], [105.3382, 9.6773], [105.3433, 9.6755], [105.3532, 9.6761], [105.355, 9.6697], [105.3571, 9.6685], [105.3704, 9.6727], [105.3741, 9.6701], [105.3686, 9.6635], [105.3714, 9.659], [105.3781, 9.6611], [105.3871, 9.658], [105.3928, 9.6604], [105.3957, 9.6594], [105.4062, 9.6504], [105.4012, 9.6464], [105.4068, 9.645], [105.4065, 9.6423], [105.3991, 9.6302], [105.3992, 9.6239], [105.3924, 9.6239], [105.3812, 9.6194], [105.3774, 9.6155], [105.3751, 9.6103], [105.3754, 9.5995], [105.3738, 9.5961]]]}, "properties": {"province_id": "can_tho", "name": "Cần Thơ", "population": 4199788, "area_km2": 6361.5}}, {"type": "Feature", "geometry": {"type": "Polygon", "coordinates": [[[105.5316, 22.6332], [105.5374, 22.6334], [105.5414, 22.6387], [105.5409, 22.6489], [105.5435, 22.653], [105.55, 22.6574], [105.5613, 22.6579], [105.5642, 22.6657], [105.5732, 22.6658], [105.5758, 22.664], [105.5819, 22.6692], [105.5885, 22.6668], [105.6028, 22.6673], [105.5997, 22.678], [105.6007, 22.6869], [105.609, 22.6905], [105.613, 22.6954], [105.6206, 22.6974], [105.6231, 22.7005], [105.6285, 22.6984], [105.6417, 22.6998], [105.6485, 22.6985], [105.6521, 22.7092], [105.656, 22.7151], [105.6601, 22.7172], [105.6632, 22.7227], [105.6692, 22.7229], [105.6727, 22.7252], [105.6865, 22.7178], [105.6917, 22.7184], [105.6939, 22.7272], [105.6975, 22.7277], [105.7, 22.7196], [105.7057, 22.726], [105.7096, 22.728], [105.7109, 22.7328], [105.7215, 22.7308], [105.7248, 22.7363], [105.7286, 22.7396], [105.7391, 22.7415], [105.7436, 22.738], [105.747, 22.7303], [105.7519, 22.7267], [105.7549, 22.7282], [105.7585, 22.7253], [105.7594, 22.7208], [105.752, 22.7129], [105.7562, 22.7021], [105.7608, 22.6972], [105.7684, 22.694], [105.7769, 22.692], [105.773, 22.684], [105.768, 22.6789], [105.7548, 22.6687], [105.7493, 22.663], [105.7482, 22.6585], [105.7405, 22.6496], [105.7404, 22.6435], [105.7377, 22.6417], [105.7313, 22.6412], [105.727, 22.6368], [105.7294, 22.6338], [105.7396, 22.6279], [105.741, 22.621], [105.7449, 22.6191], [105.7533, 22.6088], [105.7529, 22.6034], [105.7477, 22.5999], [105.7468, 22.596], [105.7533, 22.5867], [105.7606, 22.5859], [105.7661, 22.5889], [105.7733, 22.5804], [105.7776, 22.5772], [105.7762, 22.5698], [105.7727, 22.562], [105.7757, 22.5503], [105.7815, 22.5488], [105.7875, 22.5503], [105.7933, 22.5415], [105.7947, 22.535], [105.798, 22.5334], [105.8018, 22.5258], [105.8043, 22.5238], [105.8145, 22.5214], [105.8235, 22.5211], [105.8303, 22.5258], [105.8333, 22.5259], [105.8324, 22.5179], [105.8336, 22.516], [105.8413, 22.515], [105.8504, 22.5201], [105.8569, 22.5215], [105.8669, 22.52], [105.8765, 22.5144], [105.8832, 22.5134], [105.8995, 22.507], [105.898, 22.5049], [105.9039, 22.4953], [105.9113, 22.4964], [105.9203, 22.5087], [105.9235, 22.5152], [105.9241, 22.5215], [105.9325, 22.5281], [105.9432, 22.5278], [105.9468, 22.5287], [105.9526, 22.523], [105.9573, 22.5239], [105.9609, 22.5281], [105.9658, 22.5286], [105.9692, 22.5355], [105.9838, 22.5401], [105.9864, 22.5441], [105.9915, 22.5432], [105.9936, 22.5454], [106.0032, 22.5487], [106.0059, 22.5549], [106.0128, 22.5566], [106.0218, 22.5607], [106.0263, 22.5581], [106.0375, 22.5622], [106.0423, 22.5658], [106.0476, 22.578], [106.059, 22.571], [106.0674, 22.5695], [106.0713, 22.5729], [106.0825, 22.5728], [106.0818, 22.5665], [106.0749, 22.5617], [106.0733, 22.5549], [106.0808, 22.5517], [106.0864, 22.5531], [106.0911, 22.5482], [106.0952, 22.547], [106.0927, 22.5413], [106.093, 22.5356], [106.0957, 22.5308], [106.0952, 22.5272], [106.1021, 22.5213], [106.102, 22.5164], [106.116, 22.5125], [106.1193, 22.5106], [106.1178, 22.5056], [106.1186, 22.499], [106.1167, 22.4955], [106.1164, 22.4884], [106.1147, 22.4832], [106.1196, 22.4718], [106.1097, 22.4631], [106.1029, 22.451], [106.0963, 22.446], [106.0943, 22.4417], [106.1016, 22.4356], [106.0998, 22.4299], [106.1017, 22.4252], [106.1012, 22.4172], [106.0991, 22.4144], [106.1053, 22.4096], [106.1048, 22.4015], [106.1114, 22.3989], [106.1154, 22.4016], [106.1222, 22.4025], [106.1224, 22.3994], [106.1281, 22.4002], [106.1329, 22.3985], [106.1345, 22.3955], [106.1399, 22.3945], [106.1513, 22.404], [106.1545, 22.4057], [106.1567, 22.4099], [106.1681, 22.4089], [106.1689, 22.403], [106.172, 22.4039], [106.1767, 22.3972], [106.179, 22.3908], [106.1836, 22.3903], [106.1847, 22.3869], [106.1873, 22.3931], [106.1873, 22.4005], [106.191, 22.4054], [106.1943, 22.4069], [106.1926, 22.4112], [106.193, 22.4161], [106.1999, 22.4223], [106.2006, 22.4319], [106.2065, 22.436], [106.211, 22.4413], [106.2131, 22.4478], [106.2212, 22.4551], [106.2296, 22.4548], [106.2335, 22.4588], [106.2399, 22.4615], [106.2493, 22.4584], [106.2564, 22.4545], [106.2613, 22.4504], [106.2644, 22.4533], [106.2735, 22.4483], [106.2762, 22.4482], [106.2851, 22.4376], [106.2868, 22.4281], [106.2882, 22.4263], [106.2955, 22.4258], [106.3029, 22.42], [106.3122, 22.4105], [106.3192, 22.4075], [106.3305, 22.4118], [106.3343, 22.4088], [106.3325, 22.4021], [106.3444, 22.3917], [106.3449, 22.3832], [106.342, 22.3738], [106.3492, 22.3685], [106.3528, 22.3617], [106.3607, 22.3575], [106.3788, 22.3595], [106.3801, 22.3633], [106.3874, 22.3645], [106.3896, 22.3682], [106.396, 22.3738], [106.4002, 22.3705], [106.4069, 22.3698], [106.4134, 22.3705], [106.4186, 22.3638], [106.4249, 22.3586], [106.4297, 22.359], [106.4341, 22.3633], [106.4408, 22.363], [106.4442, 22.3587], [106.4526, 22.3566], [106.4623, 22.3606], [106.466, 22.3591], [106.4686, 22.3624], [106.476, 22.3635], [106.4821, 22.3674], [106.4873, 22.3683], [106.4891, 22.3761], [106.481, 22.3772], [106.4904, 22.3853], [106.4844, 22.392], [106.492, 22.3938], [106.4929, 22.3985], [106.4897, 22.4004], [106.4975, 22.4048], [106.5049, 22.4044], [106.5121, 22.4023], [106.5198, 22.3975], [106.5241, 22.4043], [106.5275, 22.4048], [106.532, 22.4098], [106.5286, 22.4131], [106.534, 22.4151], [106.5353, 22.4189], [106.551, 22.4209], [106.5552, 22.4198], [106.5607, 22.4224], [106.5645, 22.4237], [106.5681, 22.4305], [106.5656, 22.4325], [106.5647, 22.4377], [106.5674, 22.4404], [106.563, 22.4471], [106.5591, 22.447], [106.5604, 22.4565], [106.5589, 22.4654], [106.5634, 22.4652], [106.5682, 22.4733], [106.5728, 22.4725], [106.5776, 22.4691], [106.579, 22.4732], [106.5834, 22.4744], [106.5845, 22.4774], [106.582, 22.4826], [106.5831, 22.4952], [106.5812, 22.4993], [106.5822, 22.5108], [106.5817, 22.5198], [106.5869, 22.5252], [106.5869, 22.5283], [106.5909, 22.5362], [106.5904, 22.5397], [106.5918, 22.5508], [106.6002, 22.5525], [106.5998, 22.556], [106.6037, 22.5643], [106.6009, 22.5723], [106.6009, 22.5765], [106.6087, 22.5808], [106.6083, 22.5863], [106.6042, 22.588], [106.6061, 22.5973], [106.6101, 22.6046], [106.6267, 22.6042], [106.6298, 22.6055], [106.6325, 22.6017], [106.6312, 22.5991], [106.6342, 22.5911], [106.6374, 22.5901], [106.6394, 22.5856], [106.6455, 22.5835], [106.6487, 22.5772], [106.6531, 22.5754], [106.6625, 22.5754], [106.6654, 22.5777], [106.6718, 22.5795], [106.6752, 22.5786], [106.6781, 22.5824], [106.685, 22.5797], [106.6885, 22.5828], [106.6968, 22.5833], [106.7075, 22.5783], [106.7165, 22.5828], [106.7234, 22.5879], [106.7229, 22.5918], [106.7284, 22.5936], [106.7304, 22.6022], [106.7228, 22.6074], [106.7172, 22.6088], [106.7147, 22.6146], [106.7165, 22.6163], [106.7234, 22.6171], [106.7295, 22.6327], [106.7222, 22.6379], [106.7259, 22.642], [106.7258, 22.6451], [106.7334, 22.6498], [106.7308, 22.6549], [106.7358, 22.6558], [106.7366, 22.6606], [106.7399, 22.6653], [106.7412, 22.6702], [106.7542, 22.6723], [106.758, 22.6756], [106.7607, 22.6816], [106.7605, 22.686], [106.7529, 22.6923], [106.7548, 22.6966], [106.7586, 22.6943], [106.7639, 22.7004], [106.7651, 22.7045], [106.7701, 22.7069], [106.7773, 22.7068], [106.7786, 22.7105], [106.765, 22.7181], [106.7656, 22.7226], [106.7643, 22.733], [106.7698, 22.7373], [106.7647, 22.7414], [106.7682, 22.7446], [106.7743, 22.744], [106.7777, 22.7503], [106.7881, 22.7539], [106.7906, 22.7595], [106.7871, 22.7642], [106.7885, 22.7665], [106.7942, 22.7654], [106.7957, 22.7698], [106.8035, 22.7673], [106.8098, 22.7699], [106.8176, 22.7714], [106.8238, 22.7788], [106.8221, 22.7831], [106.8242, 22.7883], [106.832, 22.796], [106.8314, 22.8006], [106.8359, 22.8027], [106.8357, 22.8061], [106.8301, 22.8082], [106.8267, 22.8132], [106.8228, 22.8131], [106.8223, 22.8175], [106.8188, 22.82], [106.8078, 22.8213], [106.8001, 22.8199], [106.7948, 22.8154], [106.7853, 22.8141], [106.78, 22.8173], [106.774, 22.8173], [106.7663, 22.8112], [106.7647, 22.8126], [106.7689, 22.826], [106.7545, 22.8317], [106.7515, 22.8358], [106.7434, 22.8395], [106.7429, 22.8433], [106.7366, 22.8482], [106.7291, 22.8513], [106.724, 22.8554], [106.7172, 22.8576], [106.7153, 22.8561], [106.7107, 22.8628], [106.7071, 22.8646], [106.7089, 22.8689], [106.7165, 22.8713], [106.7169, 22.8787], [106.7119, 22.8791], [106.7053, 22.889], [106.6984, 22.8889], [106.692, 22.8919], [106.68, 22.8872], [106.6783, 22.8906], [106.6694, 22.8931], [106.6661, 22.8901], [106.6669, 22.8816], [106.6657, 22.8757], [106.6604, 22.8715], [106.658, 22.8715], [106.6526, 22.8659], [106.646, 22.87], [106.6449, 22.8748], [106.6381, 22.8757], [106.6399, 22.8822], [106.6385, 22.886], [106.6347, 22.8877], [106.63, 22.8865], [106.6301, 22.8919], [106.6184, 22.8985], [106.6104, 22.9091], [106.6086, 22.9203], [106.6049, 22.9219], [106.6016, 22.9294], [106.5968, 22.9289], [106.5933, 22.9331], [106.588, 22.9325], [106.58, 22.9249], [106.5779, 22.9264], [106.5715, 22.9245], [106.5656, 22.9189], [106.5606, 22.9231], [106.5515, 22.9241], [106.5487, 22.9286], [106.5433, 22.9299], [106.5407, 22.9348], [106.5416, 22.9427], [106.5293, 22.9409], [106.5265, 22.9474], [106.5218, 22.9483], [106.5192, 22.9465], [106.5138, 22.947], [106.5044, 22.9298], [106.5011, 22.9304], [106.5025, 22.9226], [106.4994, 22.9186], [106.5019, 22.9101], [106.4974, 22.9048], [106.4949, 22.9079], [106.4907, 22.9066], [106.4861, 22.902], [106.4813, 22.904], [106.4785, 22.9088], [106.4743, 22.9102], [106.4714, 22.9065], [106.4726, 22.9032], [106.4695, 22.9007], [106.4659, 22.9017], [106.4631, 22.896], [106.4595, 22.8965], [106.454, 22.904], [106.4467, 22.9034], [106.4448, 22.8949], [106.4416, 22.8907], [106.4377, 22.8901], [106.4329, 22.8823], [106.4271, 22.89], [106.4193, 22.8924], [106.4109, 22.8878], [106.4117, 22.8836], [106.4153, 22.8808], [106.4159, 22.8764], [106.4055, 22.8761], [106.4038, 22.8809], [106.3947, 22.8801], [106.3909, 22.8836], [106.3876, 22.8825], [106.3838, 22.8847], [106.3802, 22.8823], [106.3767, 22.8843], [106.3678, 22.8817], [106.3634, 22.8783], [106.3617, 22.8717], [106.3633, 22.8668], [106.359, 22.8637], [106.3524, 22.8566], [106.3463, 22.8556], [106.3441, 22.8598], [106.3364, 22.8646], [106.3326, 22.8698], [106.3267, 22.8748], [106.3235, 22.8743], [106.3208, 22.8688], [106.3138, 22.8692], [106.3096, 22.8651], [106.3066, 22.8712], [106.3034, 22.8744], [106.291, 22.8756], [106.2905, 22.8699], [106.2862, 22.8679], [106.2816, 22.8707], [106.2785, 22.8696], [106.2734, 22.8755], [106.2636, 22.8758], [106.2572, 22.8794], [106.2618, 22.882], [106.2546, 22.8887], [106.2511, 22.8896], [106.2493, 22.894], [106.2562, 22.8976], [106.2622, 22.9026], [106.2615, 22.9054], [106.2646, 22.9111], [106.2599, 22.9193], [106.2566, 22.9222], [106.2525, 22.9224], [106.2485, 22.9265], [106.2468, 22.9352], [106.2416, 22.9353], [106.2421, 22.9409], [106.2338, 22.9442], [106.2375, 22.9518], [106.2358, 22.9546], [106.229, 22.958], [106.2238, 22.9588], [106.2242, 22.9649], [106.2197, 22.9645], [106.2174, 22.9703], [106.2118, 22.971], [106.2044, 22.9827], [106.1981, 22.9849], [106.1918, 22.9855], [106.1898, 22.9882], [106.1849, 22.9892], [106.1829, 22.9857], [106.1654, 22.9845], [106.1633, 22.9875], [106.1564, 22.9883], [106.1549, 22.9916], [106.143, 22.9956], [106.136, 22.9959], [106.1317, 22.9938], [106.1309, 22.9899], [106.1186, 22.9874], [106.1162, 22.9856], [106.1086, 22.9902], [106.1051, 22.9872], [106.1001, 22.9868], [106.0955, 22.9959], [106.0894, 22.9956], [106.0858, 22.9998], [106.0755, 22.9985], [106.0688, 22.9937], [106.0602, 22.9927], [106.0569, 22.991], [106.0543, 22.9963], [106.0479, 22.9931], [106.0398, 22.9913], [106.036, 22.9951], [106.0336, 22.9931], [106.0226, 22.9926], [106.0182, 22.9905], [106.0126, 22.9932], [106.0017, 22.9913], [106.0023, 22.9864], [106.0052, 22.9792], [106.0079, 22.9764], [106.0062, 22.9723], [106.0084, 22.969], [106.0063, 22.9649], [106.0048, 22.9535], [106.0015, 22.9497], [106.0018, 22.9469], [105.9986, 22.9417], [105.9951, 22.9424], [105.991, 22.9396], [105.9818, 22.9435], [105.9727, 22.949], [105.97, 22.9483], [105.9621, 22.9507], [105.9582, 22.9497], [105.9537, 22.9393], [105.939, 22.9386], [105.9313, 22.941], [105.9282, 22.9448], [105.9221, 22.9469], [105.9091, 22.9397], [105.9025, 22.9412], [105.8925, 22.9394], [105.8881, 22.9365], [105.8874, 22.9316], [105.8835, 22.9253], [105.8874, 22.9202], [105.8798, 22.9185], [105.8782, 22.9166], [105.8712, 22.9225], [105.8703, 22.9283], [105.8725, 22.933], [105.8665, 22.9392], [105.8625, 22.9399], [105.8537, 22.945], [105.8542, 22.9512], [105.846, 22.9572], [105.8469, 22.9614], [105.8511, 22.9602], [105.8549, 22.9702], [105.8519, 22.9728], [105.8418, 22.9692], [105.8384, 22.9732], [105.8442, 22.9761], [105.8387, 22.9802], [105.837, 22.9877], [105.8283, 22.9952], [105.8211, 22.9973], [105.8148, 22.9888], [105.8074, 22.9903], [105.7972, 23.0009], [105.7912, 23.0044], [105.7873, 23.0098], [105.7819, 23.0208], [105.7793, 23.0234], [105.7682, 23.0261], [105.7625, 23.0285], [105.7586, 23.0318], [105.7476, 23.035], [105.7419, 23.0322], [105.7369, 23.0368], [105.7316, 23.0386], [105.7299, 23.0442], [105.73, 23.0518], [105.7261, 23.0534], [105.7213, 23.0642], [105.7159, 23.0649], [105.7114, 23.0711], [105.7088, 23.0704], [105.7116, 23.0625], [105.7023, 23.0635], [105.6993, 23.0616], [105.6848, 23.0626], [105.6748, 23.0649], [105.6669, 23.0677], [105.6595, 23.0747], [105.6527, 23.0744], [105.6463, 23.081], [105.6363, 23.0808], [105.6308, 23.0781], [105.6279, 23.0714], [105.6176, 23.0673], [105.6095, 23.0717], [105.606, 23.0763], [105.5947, 23.0756], [105.5904, 23.0711], [105.5822, 23.0679], [105.5739, 23.0715], [105.5677, 23.0772], [105.5656, 23.084], [105.56, 23.088], [105.5636, 23.0941], [105.5634, 23.1087], [105.5659, 23.1128], [105.5613, 23.116], [105.5646, 23.1192], [105.5582, 23.1182], [105.5525, 23.1114], [105.5462, 23.1096], [105.5392, 23.1093], [105.5313, 23.1115], [105.5271, 23.1078], [105.5234, 23.1004], [105.5232, 23.097], [105.5172, 23.084], [105.5202, 23.0794], [105.5198, 23.0746], [105.5142, 23.0703], [105.5129, 23.0663], [105.5087, 23.0611], [105.5087, 23.0529], [105.5041, 23.0478], [105.504, 23.0422], [105.4977, 23.0392], [105.4949, 23.0303], [105.4924, 23.0272], [105.4919, 23.018], [105.4876, 23.0093], [105.4739, 23.0068], [105.4663, 23.0067], [105.4624, 23.0031], [105.4588, 23.0049], [105.4468, 22.9992], [105.4414, 23.0038], [105.4334, 23.0024], [105.4275, 22.9989], [105.4191, 23.0017], [105.4131, 22.9952], [105.407, 22.9954], [105.3998, 22.9917], [105.3913, 22.9924], [105.3861, 22.99], [105.3752, 22.9902], [105.3697, 22.9841], [105.3615, 22.9793], [105.3606, 22.9717], [105.3631, 22.9695], [105.3644, 22.9642], [105.3615, 22.9573], [105.3643, 22.9517], [105.3622, 22.9484], [105.3634, 22.9449], [105.3621, 22.9401], [105.3575, 22.9361], [105.353, 22.9363], [105.3456, 22.9332], [105.3329, 22.9342], [105.3328, 22.9286], [105.3294, 22.9234], [105.3258, 22.9219], [105.321, 22.9153], [105.3125, 22.9156], [105.3072, 22.912], [105.308, 22.9083], [105.3048, 22.9003], [105.3067, 22.8892], [105.3036, 22.8836], [105.3044, 22.8765], [105.3004, 22.8754], [105.2916, 22.8765], [105.2845, 22.8788], [105.2822, 22.8774], [105.2741, 22.879], [105.2687, 22.878], [105.2665, 22.8661], [105.2732, 22.8646], [105.2785, 22.858], [105.2828, 22.8559], [105.3009, 22.8561], [105.3085, 22.8496], [105.3157, 22.8485], [105.319, 22.8456], [105.3244, 22.844], [105.3265, 22.8347], [105.3291, 22.8323], [105.3391, 22.8291], [105.344, 22.8265], [105.3439, 22.8213], [105.3481, 22.8135], [105.3588, 22.8167], [105.3693, 22.8124], [105.374, 22.8116], [105.3821, 22.8123], [105.3873, 22.8098], [105.3944, 22.8017], [105.3948, 22.7986], [105.3992, 22.7949], [105.404, 22.7951], [105.4081, 22.7929], [105.41, 22.7893], [105.4159, 22.7854], [105.4232, 22.7848], [105.4216, 22.7809], [105.4249, 22.776], [105.4304, 22.7765], [105.4419, 22.7733], [105.447, 22.7685], [105.45, 22.759], [105.4554, 22.7573], [105.4611, 22.7572], [105.464, 22.7552], [105.4697, 22.7559], [105.469, 22.7504], [105.4787, 22.7386], [105.4752, 22.7282], [105.4762, 22.7196], [105.4805, 22.7135], [105.4817, 22.7094], [105.4923, 22.7071], [105.4948, 22.7038], [105.5011, 22.7006], [105.5014, 22.6938], [105.4958, 22.6891], [105.4931, 22.6825], [105.4888, 22.677], [105.4885, 22.6711], [105.4939, 22.6665], [105.4978, 22.6555], [105.4947, 22.6532], [105.4937, 22.645], [105.4988, 22.6337], [105.5066, 22.6341], [105.5141, 22.6366], [105.5243, 22.634], [105.5316, 22.6332]]]}, "properties": {"province_id": "cao_bang", "name": "Cao Bằng", "population": 573119, "area_km2": 6700.6}}, {"type": "Feature", "geometry": {"type": "MultiPolygon", "coordinates": [[[[111.21, 15.7714], [111.2218, 15.776], [111.2269, 15.7818], [111.2281, 15.7915], [111.2211, 15.7991], [111.2118, 15.7983], [111.2065, 15.7951], [111.1999, 15.7893], [111.1942, 15.7813], [111.195, 15.7772], [111.2035, 15.7715], [111.21, 15.7714]]], [[[112.5741, 16.0557], [112.5828, 16.0618], [112.5961, 16.0698], [112.5958, 16.0763], [112.5898, 16.0784], [112.5756, 16.0787], [112.5549, 16.0744], [112.5326, 16.0666], [112.4984, 16.0559], [112.4904, 16.0559], [112.4764, 16.0539], [112.4607, 16.0486], [112.448, 16.0426], [112.4419, 16.0351], [112.4406, 16.029], [112.4417, 16.024], [112.4472, 16.0142], [112.4512, 16.0122], [112.4649, 16.0102], [112.481, 16.0118], [112.5244, 16.0213], [112.5334, 16.0246], [112.547, 16.0339], [112.5586, 16.0447], [112.5741, 16.0557]], [[112.4982, 16.0456], [112.5024, 16.0475], [112.5255, 16.0522], [112.5352, 16.0552], [112.5498, 16.0565], [112.5565, 16.0514], [112.5545, 16.0462], [112.543, 16.0361], [112.5306, 16.028], [112.5135, 16.0236], [112.4985, 16.0176], [112.4782, 16.0156], [112.4711, 16.0138], [112.4646, 16.0143], [112.4537, 16.0173], [112.4479, 16.0275], [112.4494, 16.0322], [112.4534, 16.0362], [112.464, 16.04], [112.4752, 16.0461], [112.4826, 16.0466], [112.4982, 16.0456]]], [[[111.7715, 16.0374], [111.7833, 16.0379], [111.7932, 16.0406], [111.8061, 16.0471], [111.8147, 16.0542], [111.8218, 16.0629], [111.8221, 16.0676], [111.8203, 16.0722], [111.8144, 16.0765], [111.8077, 16.0797], [111.7994, 16.0813], [111.7921, 16.0816], [111.7799, 16.0802], [111.7733, 16.0785], [111.7635, 16.0739], [111.7545, 16.067], [111.7484, 16.0584], [111.7475, 16.0525], [111.7484, 16.0481], [111.7535, 16.0424], [111.7604, 16.039], [111.7715, 16.0374]]], [[[107.8188, 16.0576], [107.8152, 16.0533], [107.807, 16.0533], [107.8011, 16.0605], [107.7944, 16.0627], [107.7875, 16.0675], [107.7814, 16.0627], [107.7746, 16.0665], [107.7754, 16.0618], [107.7706, 16.0553], [107.7698, 16.0516], [107.7624, 16.05], [107.7574, 16.0438], [107.7533, 16.0443], [107.7478, 16.0427], [107.7344, 16.0362], [107.73, 16.0316], [107.7266, 16.0304], [107.7258, 16.0264], [107.7282, 16.0222], [107.7265, 16.0117], [107.7246, 16.0081], [107.7179, 16.0028], [107.7111, 15.9995], [107.7076, 15.9955], [107.6954, 15.9949], [107.6796, 15.9982], [107.6765, 16.0001], [107.6765, 16.0043], [107.6733, 16.0062], [107.6723, 16.0116], [107.6644, 16.0182], [107.6575, 16.0194], [107.6507, 16.0192], [107.6479, 16.0231], [107.6448, 16.0238], [107.633, 16.0305], [107.6216, 16.0318], [107.6202, 16.0382], [107.6249, 16.046], [107.6251, 16.0528], [107.624, 16.0567], [107.6195, 16.0634], [107.6024, 16.0576], [107.5947, 16.0561], [107.5862, 16.0564], [107.5787, 16.0544], [107.5714, 16.055], [107.5642, 16.0518], [107.558, 16.0461], [107.5535, 16.0445], [107.5527, 16.0416], [107.5575, 16.0326], [107.5605, 16.0294], [107.5586, 16.0253], [107.5607, 16.0219], [107.5566, 16.0163], [107.551, 16.0148], [107.5498, 16.0118], [107.5446, 16.0106], [107.5326, 16.0148], [107.5222, 16.0166], [107.519, 16.0144], [107.5124, 16.016], [107.5059, 16.0223], [107.5045, 16.0291], [107.502, 16.0333], [107.4988, 16.034], [107.4955, 16.0392], [107.4904, 16.0411], [107.4869, 16.0404], [107.4844, 16.036], [107.4784, 16.0364], [107.4731, 16.0322], [107.4675, 16.025], [107.4656, 16.0228], [107.4641, 16.0153], [107.4559, 16.0046], [107.4555, 15.9988], [107.4499, 15.9902], [107.4449, 15.9906], [107.4434, 15.9875], [107.4469, 15.9829], [107.4398, 15.9691], [107.4385, 15.9641], [107.4348, 15.9608], [107.4293, 15.9416], [107.4266, 15.9366], [107.4275, 15.9304], [107.4184, 15.9244], [107.4185, 15.9202], [107.4156, 15.9124], [107.4109, 15.9107], [107.4062, 15.9035], [107.4016, 15.8994], [107.3991, 15.894], [107.3901, 15.892], [107.3847, 15.887], [107.3809, 15.8885], [107.3711, 15.899], [107.3609, 15.8931], [107.3528, 15.8927], [107.3478, 15.8937], [107.343, 15.8905], [107.3391, 15.891], [107.3338, 15.8878], [107.3287, 15.8901], [107.3208, 15.8867], [107.3121, 15.8762], [107.3085, 15.8695], [107.304, 15.867], [107.2987, 15.8691], [107.2947, 15.866], [107.2902, 15.8656], [107.2833, 15.8576], [107.2778, 15.8588], [107.2764, 15.8614], [107.271, 15.8586], [107.271, 15.8512], [107.2575, 15.8485], [107.2475, 15.8384], [107.2424, 15.8395], [107.2361, 15.8433], [107.2328, 15.8428], [107.2322, 15.8386], [107.2215, 15.8358], [107.2209, 15.8309], [107.2154, 15.8296], [107.2105, 15.8257], [107.2164, 15.8221], [107.2214, 15.8118], [107.2283, 15.8032], [107.2254, 15.8006], [107.2294, 15.7837], [107.2244, 15.7822], [107.2186, 15.7762], [107.2185, 15.7658], [107.2171, 15.7603], [107.2113, 15.7559], [107.2133, 15.7418], [107.2177, 15.739], [107.223, 15.7428], [107.231, 15.7428], [107.2445, 15.7454], [107.2492, 15.7444], [107.2542, 15.7386], [107.2502, 15.7322], [107.2495, 15.7254], [107.2519, 15.7218], [107.258, 15.7224], [107.2627, 15.7198], [107.2663, 15.7208], [107.2661, 15.7122], [107.2699, 15.7091], [107.2771, 15.7073], [107.2726, 15.7007], [107.2763, 15.6997], [107.2768, 15.6952], [107.2742, 15.692], [107.2733, 15.6861], [107.2756, 15.6811], [107.2704, 15.6721], [107.2678, 15.6711], [107.2651, 15.6636], [107.2647, 15.6545], [107.2701, 15.6541], [107.2781, 15.6497], [107.2741, 15.6441], [107.2762, 15.6413], [107.2754, 15.6352], [107.2829, 15.6299], [107.2854, 15.6262], [107.2913, 15.6235], [107.2995, 15.6238], [107.3033, 15.6256], [107.3116, 15.6247], [107.3163, 15.6264], [107.3252, 15.6231], [107.3337, 15.6227], [107.3383, 15.6161], [107.3431, 15.6143], [107.3418, 15.6043], [107.3483, 15.6019], [107.3533, 15.5921], [107.3526, 15.5882], [107.3475, 15.5857], [107.3423, 15.5755], [107.3448, 15.5728], [107.3491, 15.574], [107.3532, 15.5691], [107.359, 15.5723], [107.3646, 15.5696], [107.3657, 15.5599], [107.363, 15.5584], [107.3658, 15.5497], [107.3647, 15.5475], [107.3721, 15.5379], [107.3747, 15.528], [107.3743, 15.5221], [107.3784, 15.5171], [107.3776, 15.5126], [107.3797, 15.5108], [107.3804, 15.5047], [107.3789, 15.5012], [107.3819, 15.4978], [107.3816, 15.4933], [107.386, 15.4928], [107.389, 15.4955], [107.3954, 15.4948], [107.3982, 15.4927], [107.406, 15.4937], [107.4092, 15.4916], [107.4151, 15.4953], [107.4152, 15.4911], [107.4213, 15.4934], [107.4261, 15.4901], [107.4318, 15.4915], [107.4298, 15.499], [107.4332, 15.5028], [107.4376, 15.5036], [107.4451, 15.5017], [107.4509, 15.5038], [107.4552, 15.503], [107.4612, 15.498], [107.4661, 15.4994], [107.4803, 15.4915], [107.4827, 15.4887], [107.4812, 15.4827], [107.4778, 15.4819], [107.4779, 15.478], [107.4816, 15.477], [107.4883, 15.4792], [107.4955, 15.4786], [107.4978, 15.4758], [107.5139, 15.4738], [107.515, 15.4659], [107.5183, 15.4606], [107.5222, 15.4572], [107.5224, 15.4461], [107.5268, 15.4426], [107.527, 15.4373], [107.5242, 15.4349], [107.5216, 15.4263], [107.5192, 15.4248], [107.5182, 15.4168], [107.5226, 15.4123], [107.5274, 15.4103], [107.5305, 15.4049], [107.5383, 15.4065], [107.5465, 15.4056], [107.5512, 15.4001], [107.5602, 15.3948], [107.5649, 15.3947], [107.5746, 15.3998], [107.5892, 15.4128], [107.5959, 15.4129], [107.6016, 15.4164], [107.6034, 15.4214], [107.6073, 15.4207], [107.6113, 15.4175], [107.6197, 15.4174], [107.6239, 15.4143], [107.6317, 15.4175], [107.6374, 15.4158], [107.6429, 15.4057], [107.6549, 15.3972], [107.6556, 15.3938], [107.6603, 15.3884], [107.6617, 15.3844], [107.6602, 15.3713], [107.663, 15.3678], [107.6646, 15.362], [107.6624, 15.3568], [107.6636, 15.3532], [107.6688, 15.348], [107.669, 15.3454], [107.677, 15.3433], [107.6795, 15.3394], [107.6791, 15.3344], [107.6847, 15.3302], [107.6862, 15.3273], [107.6906, 15.3258], [107.6931, 15.3175], [107.7018, 15.3111], [107.7073, 15.3037], [107.7156, 15.3077], [107.7301, 15.3081], [107.7279, 15.3033], [107.7298, 15.2995], [107.7271, 15.2884], [107.7286, 15.2863], [107.7301, 15.2703], [107.7297, 15.263], [107.7321, 15.2614], [107.7325, 15.2533], [107.7354, 15.2456], [107.7352, 15.2415], [107.7387, 15.2366], [107.7335, 15.2336], [107.7393, 15.2291], [107.7469, 15.2299], [107.7557, 15.2365], [107.771, 15.2299], [107.7709, 15.2234], [107.7782, 15.2182], [107.7872, 15.2189], [107.8, 15.2159], [107.8089, 15.2122], [107.8148, 15.2136], [107.8191, 15.2164], [107.8292, 15.209], [107.837, 15.2076], [107.8409, 15.2084], [107.8477, 15.2066], [107.8511, 15.2098], [107.8572, 15.2091], [107.8617, 15.2106], [107.8725, 15.2101], [107.8792, 15.2022], [107.8827, 15.1966], [107.8912, 15.193], [107.8985, 15.2021], [107.9001, 15.2055], [107.9094, 15.2067], [107.9146, 15.212], [107.9286, 15.2091], [107.934, 15.2001], [107.9334, 15.1958], [107.9376, 15.1905], [107.9477, 15.1875], [107.95, 15.183], [107.9504, 15.1751], [107.9626, 15.172], [107.9659, 15.1692], [107.9789, 15.1665], [107.9824, 15.1645], [107.9864, 15.1594], [107.9908, 15.1571], [107.9991, 15.1566], [108.0002, 15.1497], [108.0044, 15.1423], [108.0008, 15.1345], [108.001, 15.1305], [107.9983, 15.1277], [107.9985, 15.1238], [108.002, 15.1193], [107.9958, 15.1146], [107.9932, 15.1103], [107.9913, 15.1031], [107.9892, 15.1006], [107.9883, 15.0945], [107.9843, 15.0879], [107.9805, 15.0854], [107.9756, 15.0855], [107.9786, 15.0798], [107.9753, 15.0742], [107.9756, 15.0688], [107.9682, 15.0656], [107.9647, 15.0655], [107.9551, 15.0584], [107.9531, 15.0546], [107.9536, 15.0484], [107.9592, 15.0436], [107.9593, 15.0341], [107.963, 15.0274], [107.9654, 15.0204], [107.9719, 15.0139], [107.9828, 15.0076], [107.9868, 15.0012], [107.9922, 14.9983], [107.995, 15.0004], [108.0018, 15.002], [108.007, 14.9999], [108.0086, 14.9973], [108.0173, 15.0019], [108.0241, 14.9979], [108.0271, 14.9979], [108.0475, 14.9921], [108.0633, 14.9686], [108.069, 14.967], [108.074, 14.9686], [108.0827, 14.9665], [108.0871, 14.9626], [108.0865, 14.9562], [108.0881, 14.9514], [108.0949, 14.9528], [108.1072, 14.9514], [108.1181, 14.9592], [108.127, 14.9601], [108.1342, 14.959], [108.1365, 14.9611], [108.1492, 14.9624], [108.1622, 14.9738], [108.1593, 14.9792], [108.1574, 14.9906], [108.1546, 14.9983], [108.15, 15.0018], [108.1522, 15.0087], [108.1492, 15.0225], [108.1528, 15.0272], [108.1498, 15.0337], [108.1517, 15.0376], [108.1463, 15.0456], [108.1489, 15.0499], [108.1556, 15.0536], [108.1584, 15.0581], [108.1622, 15.0611], [108.1655, 15.0596], [108.17, 15.0619], [108.1768, 15.0601], [108.1841, 15.0556], [108.1918, 15.0487], [108.1918, 15.0458], [108.1961, 15.0407], [108.1994, 15.0441], [108.2084, 15.0374], [108.2102, 15.033], [108.2168, 15.0322], [108.2199, 15.0299], [108.2256, 15.0294], [108.229, 15.032], [108.2387, 15.032], [108.2403, 15.033], [108.2431, 15.0412], [108.2381, 15.0481], [108.2421, 15.0649], [108.2403, 15.0696], [108.2351, 15.0782], [108.2412, 15.0801], [108.2449, 15.0832], [108.2508, 15.0841], [108.2572, 15.0908], [108.2563, 15.0932], [108.2594, 15.0973], [108.2603, 15.1038], [108.2574, 15.1106], [108.2581, 15.1172], [108.2616, 15.1187], [108.2631, 15.1235], [108.2712, 15.1288], [108.2783, 15.137], [108.2767, 15.1421], [108.2839, 15.1493], [108.2831, 15.153], [108.2892, 15.1574], [108.2894, 15.1606], [108.2938, 15.1668], [108.2979, 15.1701], [108.3043, 15.1709], [108.3063, 15.1741], [108.3, 15.1815], [108.3, 15.1855], [108.3029, 15.1876], [108.3024, 15.193], [108.2922, 15.1962], [108.2922, 15.2017], [108.296, 15.2032], [108.3045, 15.2097], [108.3085, 15.2207], [108.3041, 15.2266], [108.297, 15.2282], [108.2865, 15.2271], [108.2895, 15.2337], [108.2846, 15.2362], [108.2812, 15.2432], [108.2907, 15.2465], [108.2935, 15.253], [108.3032, 15.2585], [108.3061, 15.2697], [108.3045, 15.2768], [108.2994, 15.279], [108.305, 15.2878], [108.3106, 15.2909], [108.3141, 15.2981], [108.3222, 15.3016], [108.3298, 15.2999], [108.3355, 15.2969], [108.3425, 15.2984], [108.3514, 15.2961], [108.355, 15.2968], [108.3596, 15.2952], [108.3645, 15.2956], [108.3663, 15.2978], [108.3787, 15.3034], [108.3877, 15.3018], [108.3916, 15.2988], [108.4033, 15.3004], [108.4028, 15.3084], [108.4098, 15.3128], [108.4116, 15.3162], [108.419, 15.3161], [108.4233, 15.3131], [108.4267, 15.3157], [108.4294, 15.3262], [108.4354, 15.326], [108.4356, 15.3167], [108.4385, 15.3123], [108.4482, 15.3121], [108.4504, 15.3103], [108.4606, 15.3097], [108.4751, 15.3104], [108.4824, 15.308], [108.4955, 15.3156], [108.4984, 15.3234], [108.5077, 15.3256], [108.5153, 15.3219], [108.5192, 15.323], [108.5253, 15.3203], [108.5353, 15.3302], [108.5434, 15.3333], [108.5448, 15.3362], [108.553, 15.3363], [108.5591, 15.3342], [108.5677, 15.3387], [108.5707, 15.3419], [108.5804, 15.3447], [108.5874, 15.3431], [108.5912, 15.3467], [108.5959, 15.3442], [108.6025, 15.3458], [108.6026, 15.3525], [108.6149, 15.3534], [108.6224, 15.3572], [108.6323, 15.3589], [108.6345, 15.3631], [108.6405, 15.3649], [108.6423, 15.368], [108.6475, 15.367], [108.6548, 15.3687], [108.6569, 15.3657], [108.6628, 15.3684], [108.6654, 15.366], [108.6724, 15.3642], [108.6784, 15.3692], [108.6815, 15.3666], [108.688, 15.3692], [108.6904, 15.3681], [108.6986, 15.3699], [108.7012, 15.3732], [108.7063, 15.3711], [108.7137, 15.3707], [108.7213, 15.3748], [108.7351, 15.3921], [108.739, 15.3991], [108.7298, 15.4062], [108.7068, 15.4286], [108.6983, 15.4381], [108.6958, 15.4428], [108.6976, 15.4479], [108.6983, 15.4557], [108.7012, 15.4575], [108.6961, 15.4716], [108.6915, 15.4746], [108.6923, 15.4825], [108.6865, 15.4856], [108.6835, 15.4829], [108.682, 15.4786], [108.6768, 15.4813], [108.6743, 15.4864], [108.6741, 15.4922], [108.6775, 15.5045], [108.6817, 15.5063], [108.6794, 15.511], [108.6756, 15.5093], [108.6721, 15.5021], [108.6676, 15.4996], [108.6575, 15.4979], [108.6508, 15.4981], [108.6348, 15.5041], [108.6262, 15.509], [108.6183, 15.5149], [108.61, 15.5232], [108.5746, 15.5636], [108.5576, 15.5855], [108.538, 15.6118], [108.5315, 15.6213], [108.5257, 15.6283], [108.5138, 15.6457], [108.4893, 15.6835], [108.4719, 15.7113], [108.4691, 15.7168], [108.4487, 15.7492], [108.4464, 15.7521], [108.4269, 15.7849], [108.4185, 15.8021], [108.4126, 15.819], [108.406, 15.8461], [108.4042, 15.8585], [108.4047, 15.8678], [108.4062, 15.8717], [108.3985, 15.8735], [108.3931, 15.8764], [108.3899, 15.883], [108.3818, 15.8899], [108.346, 15.9105], [108.3297, 15.9211], [108.3098, 15.9389], [108.3028, 15.9475], [108.2935, 15.9602], [108.2832, 15.9776], [108.2638, 16.0163], [108.255, 16.0358], [108.2497, 16.0494], [108.2473, 16.0601], [108.2466, 16.0685], [108.2478, 16.0793], [108.2502, 16.0889], [108.2549, 16.0986], [108.2584, 16.1012], [108.2631, 16.1016], [108.2682, 16.0953], [108.2697, 16.0972], [108.2803, 16.0973], [108.2857, 16.1033], [108.292, 16.1056], [108.2975, 16.1049], [108.3018, 16.0971], [108.3065, 16.0958], [108.31, 16.0983], [108.309, 16.1061], [108.3114, 16.1122], [108.3164, 16.1128], [108.3195, 16.116], [108.3276, 16.1153], [108.3318, 16.1179], [108.3376, 16.1191], [108.3313, 16.128], [108.3242, 16.1403], [108.3155, 16.1457], [108.3108, 16.1425], [108.3082, 16.1307], [108.3085, 16.1262], [108.3041, 16.124], [108.299, 16.1263], [108.2928, 16.134], [108.2857, 16.1381], [108.2817, 16.1387], [108.2734, 16.1347], [108.2617, 16.1469], [108.2605, 16.1507], [108.2569, 16.1534], [108.2474, 16.1564], [108.2431, 16.1553], [108.2361, 16.1501], [108.2305, 16.1473], [108.2252, 16.1355], [108.2189, 16.1306], [108.2184, 16.1262], [108.2127, 16.1258], [108.2115, 16.122], [108.2151, 16.1173], [108.2206, 16.1185], [108.2284, 16.1172], [108.2403, 16.1094], [108.2414, 16.1022], [108.2379, 16.0943], [108.2339, 16.1038], [108.2286, 16.1015], [108.2273, 16.1094], [108.223, 16.1075], [108.2239, 16.0987], [108.2172, 16.0941], [108.2151, 16.0961], [108.2118, 16.0894], [108.2072, 16.089], [108.2069, 16.0827], [108.2025, 16.0759], [108.197, 16.0741], [108.1889, 16.0741], [108.1802, 16.0762], [108.1632, 16.0837], [108.1544, 16.0895], [108.1446, 16.0975], [108.1323, 16.1118], [108.1314, 16.1201], [108.1248, 16.1243], [108.1232, 16.1334], [108.1243, 16.1393], [108.1265, 16.1425], [108.1302, 16.1409], [108.1362, 16.1413], [108.1396, 16.1464], [108.1367, 16.1529], [108.1368, 16.1582], [108.1403, 16.1638], [108.1431, 16.165], [108.1466, 16.1616], [108.1534, 16.1616], [108.1515, 16.1685], [108.1539, 16.1723], [108.1527, 16.175], [108.1539, 16.1873], [108.1564, 16.1907], [108.1619, 16.1913], [108.1639, 16.1937], [108.1727, 16.1937], [108.1787, 16.1998], [108.1863, 16.2007], [108.1949, 16.2004], [108.1936, 16.2032], [108.1945, 16.2096], [108.1943, 16.2094], [108.1896, 16.2101], [108.1676, 16.204], [108.157, 16.2069], [108.1432, 16.1999], [108.1239, 16.1845], [108.1174, 16.1824], [108.1136, 16.1828], [108.1086, 16.1843], [108.1049, 16.1864], [108.0988, 16.1877], [108.0915, 16.1816], [108.0858, 16.1826], [108.0784, 16.1839], [108.0715, 16.1832], [108.0644, 16.1845], [108.0569, 16.1801], [108.055, 16.1806], [108.0455, 16.1867], [108.0405, 16.1893], [108.0381, 16.1906], [108.0345, 16.1922], [108.0187, 16.195], [108.0145, 16.1947], [108.0116, 16.197], [108.0055, 16.2053], [107.9919, 16.2112], [107.9881, 16.214], [107.9861, 16.2144], [107.9797, 16.2096], [107.9773, 16.2036], [107.9708, 16.1999], [107.9663, 16.1946], [107.9543, 16.1902], [107.9495, 16.1913], [107.9478, 16.1924], [107.9425, 16.195], [107.9319, 16.1971], [107.9311, 16.1974], [107.9276, 16.1998], [107.9177, 16.2085], [107.9114, 16.2157], [107.9039, 16.2149], [107.9004, 16.2105], [107.8948, 16.2069], [107.8881, 16.2067], [107.8853, 16.2013], [107.8741, 16.1975], [107.8756, 16.1913], [107.8741, 16.1886], [107.8667, 16.1856], [107.8656, 16.1838], [107.8701, 16.1792], [107.8741, 16.1713], [107.8732, 16.161], [107.8702, 16.1587], [107.864, 16.1578], [107.8578, 16.1541], [107.8561, 16.1441], [107.8572, 16.1336], [107.8533, 16.1261], [107.8543, 16.1155], [107.8462, 16.1083], [107.8336, 16.0997], [107.8252, 16.0899], [107.8199, 16.0806], [107.8229, 16.0713], [107.8199, 16.0678], [107.8167, 16.0584], [107.8188, 16.0576]]], [[[108.2082, 16.2234], [108.2032, 16.2271], [108.1996, 16.2258], [108.1972, 16.2214], [108.197, 16.2144], [108.2004, 16.2117], [108.2074, 16.2099], [108.211, 16.2196], [108.2082, 16.2234]]], [[[111.6971, 16.2273], [111.7043, 16.2293], [111.7072, 16.2324], [111.7095, 16.2391], [111.7075, 16.2454], [111.703, 16.2471], [111.6937, 16.2473], [111.6863, 16.2435], [111.6846, 16.2378], [111.6857, 16.2335], [111.6886, 16.2303], [111.6971, 16.2273]]], [[[111.8021, 16.2738], [111.7913, 16.2873], [111.7816, 16.2949], [111.7758, 16.2976], [111.77, 16.2981], [111.7495, 16.2956], [111.7027, 16.2933], [111.6824, 16.2916], [111.6561, 16.29], [111.6476, 16.2875], [111.6389, 16.2834], [111.6285, 16.2744], [111.6086, 16.2536], [111.5917, 16.2399], [111.5767, 16.2308], [111.561, 16.2149], [111.5591, 16.2062], [111.5594, 16.1954], [111.5665, 16.187], [111.5779, 16.1825], [111.5893, 16.1818], [111.6026, 16.1848], [111.6239, 16.1932], [111.6491, 16.2112], [111.6677, 16.2223], [111.6684, 16.2341], [111.6641, 16.2354], [111.6484, 16.2324], [111.6277, 16.2175], [111.6054, 16.204], [111.587, 16.2009], [111.5829, 16.2037], [111.5825, 16.2073], [111.6037, 16.2239], [111.6503, 16.2702], [111.6568, 16.2742], [111.6668, 16.2765], [111.6869, 16.2766], [111.7058, 16.2779], [111.7209, 16.2778], [111.7421, 16.2763], [111.7566, 16.2732], [111.7665, 16.2691], [111.7723, 16.264], [111.7758, 16.2588], [111.7745, 16.2484], [111.7713, 16.2448], [111.76, 16.235], [111.7547, 16.2321], [111.7437, 16.2309], [111.73, 16.2343], [111.7248, 16.234], [111.7211, 16.2302], [111.721, 16.2233], [111.7241, 16.2199], [111.7366, 16.2152], [111.7429, 16.2141], [111.7522, 16.2139], [111.7612, 16.2152], [111.7765, 16.2232], [111.7906, 16.232], [111.8013, 16.2409], [111.806, 16.2503], [111.8076, 16.2598], [111.8062, 16.2668], [111.8021, 16.2738]]], [[[112.0777, 16.339], [112.0783, 16.3436], [112.0744, 16.3503], [112.0649, 16.3564], [112.0459, 16.363], [112.0322, 16.3656], [112.0127, 16.3657], [111.9981, 16.3634], [111.978, 16.3589], [111.9644, 16.3535], [111.9485, 16.3431], [111.9446, 16.3377], [111.9437, 16.331], [111.9448, 16.3265], [111.9485, 16.3217], [111.9527, 16.3198], [111.9609, 16.3196], [111.9715, 16.3207], [111.9912, 16.3271], [112.0086, 16.3369], [112.0189, 16.3407], [112.0237, 16.3408], [112.0378, 16.3383], [112.0589, 16.3322], [112.065, 16.3323], [112.0732, 16.3342], [112.0777, 16.339]]], [[[111.7114, 16.4461], [111.7156, 16.4474], [111.7192, 16.4529], [111.7196, 16.4567], [111.7164, 16.4612], [111.7062, 16.4621], [111.7017, 16.4605], [111.6986, 16.4559], [111.7005, 16.4507], [111.7037, 16.4476], [111.7114, 16.4461]]], [[[111.5301, 16.4389], [111.5366, 16.4397], [111.5483, 16.4449], [111.5534, 16.4493], [111.5559, 16.4542], [111.5558, 16.4599], [111.5529, 16.4629], [111.5486, 16.4641], [111.5375, 16.4636], [111.5295, 16.4612], [111.5217, 16.455], [111.5173, 16.4483], [111.5201, 16.4429], [111.5263, 16.4392], [111.5301, 16.4389]]], [[[111.6091, 16.4378], [111.6141, 16.4396], [111.617, 16.4431], [111.6188, 16.4495], [111.6179, 16.4561], [111.6133, 16.466], [111.6056, 16.477], [111.5985, 16.4859], [111.5937, 16.4896], [111.5888, 16.489], [111.5832, 16.484], [111.5796, 16.4742], [111.582, 16.461], [111.5884, 16.4496], [111.5932, 16.4435], [111.6006, 16.4394], [111.6091, 16.4378]]], [[[111.593, 16.5051], [111.599, 16.5068], [111.6005, 16.5115], [111.5956, 16.5163], [111.59, 16.5166], [111.5848, 16.5119], [111.5841, 16.5073], [111.593, 16.5051]]], [[[111.7413, 16.4431], [111.7465, 16.4462], [111.7494, 16.452], [111.7582, 16.476], [111.764, 16.4838], [111.7736, 16.4924], [111.7768, 16.4989], [111.7783, 16.5094], [111.7727, 16.5178], [111.765, 16.526], [111.7568, 16.5328], [111.7511, 16.5326], [111.7479, 16.5307], [111.7453, 16.5254], [111.7491, 16.5182], [111.755, 16.5103], [111.7561, 16.4998], [111.7541, 16.4925], [111.7437, 16.4758], [111.7378, 16.4632], [111.7347, 16.4545], [111.7349, 16.4471], [111.7379, 16.4432], [111.7413, 16.4431]]], [[[111.6156, 16.5202], [111.6261, 16.5215], [111.6315, 16.5241], [111.6365, 16.5286], [111.6386, 16.5347], [111.6387, 16.5428], [111.6365, 16.5463], [111.627, 16.5483], [111.6159, 16.5443], [111.6084, 16.5398], [111.6035, 16.5353], [111.6024, 16.5318], [111.605, 16.5241], [111.6078, 16.5217], [111.6156, 16.5202]]], [[[111.698, 16.5445], [111.7021, 16.5462], [111.7008, 16.5546], [111.6977, 16.5621], [111.6936, 16.5651], [111.6909, 16.5593], [111.692, 16.5491], [111.698, 16.5445]]], [[[111.6635, 16.5448], [111.671, 16.546], [111.6792, 16.5503], [111.6814, 16.5559], [111.6797, 16.5652], [111.6725, 16.5703], [111.6624, 16.5703], [111.6568, 16.5692], [111.6449, 16.5642], [111.6435, 16.5572], [111.6475, 16.5506], [111.6558, 16.5458], [111.6635, 16.5448]]], [[[112.6353, 16.5685], [112.6413, 16.5711], [112.6398, 16.5745], [112.6337, 16.5753], [112.6303, 16.5711], [112.6353, 16.5685]]], [[[111.7347, 16.538], [111.7393, 16.5406], [111.7377, 16.5511], [111.7281, 16.5753], [111.7228, 16.5824], [111.7145, 16.5863], [111.7048, 16.5842], [111.7033, 16.5808], [111.704, 16.5716], [111.7092, 16.5516], [111.7128, 16.5462], [111.7229, 16.5389], [111.7347, 16.538]]], [[[112.7373, 16.6575], [112.7419, 16.661], [112.7394, 16.6667], [112.7271, 16.6768], [112.7233, 16.6769], [112.7205, 16.6737], [112.7207, 16.6698], [112.724, 16.6655], [112.7352, 16.6579], [112.7373, 16.6575]]], [[[111.3808, 16.7089], [111.3944, 16.7103], [111.4005, 16.7143], [111.4032, 16.7186], [111.4039, 16.7242], [111.4035, 16.7351], [111.3979, 16.7413], [111.3964, 16.7446], [111.3795, 16.7465], [111.3727, 16.7451], [111.3667, 16.742], [111.3654, 16.7352], [111.3629, 16.7333], [111.3609, 16.7279], [111.3606, 16.7203], [111.3664, 16.7129], [111.3696, 16.7105], [111.3808, 16.7089]]], [[[112.3442, 16.8383], [112.3494, 16.8451], [112.3431, 16.8498], [112.3356, 16.8505], [112.3248, 16.8486], [112.3194, 16.8406], [112.3287, 16.8304], [112.3331, 16.8278], [112.3372, 16.8293], [112.3414, 16.8335], [112.3442, 16.8383]]], [[[112.3274, 16.9567], [112.3151, 16.9655], [112.3005, 16.9734], [112.2952, 16.9712], [112.2973, 16.9679], [112.3075, 16.964], [112.3177, 16.9571], [112.3219, 16.9563], [112.3222, 16.953], [112.3303, 16.944], [112.339, 16.9292], [112.3381, 16.9227], [112.344, 16.9234], [112.345, 16.9291], [112.3413, 16.9403], [112.3354, 16.9504], [112.3274, 16.9567]]], [[[112.2816, 16.9761], [112.2857, 16.9815], [112.2829, 16.984], [112.2641, 16.9948], [112.2504, 16.9974], [112.2439, 17.0023], [112.238, 17.0039], [112.23, 17.0028], [112.2111, 16.9966], [112.2025, 16.992], [112.1926, 16.9831], [112.1915, 16.9777], [112.1939, 16.9729], [112.205, 16.9671], [112.2103, 16.9669], [112.2297, 16.974], [112.2415, 16.9734], [112.2456, 16.9766], [112.2549, 16.9764], [112.2597, 16.9749], [112.263, 16.977], [112.2816, 16.9761]]], [[[111.5598, 17.0978], [111.5585, 17.1048], [111.5545, 17.1086], [111.5461, 17.1119], [111.5354, 17.1145], [111.5276, 17.1152], [111.5098, 17.114], [111.5009, 17.112], [111.478, 17.103], [111.4615, 17.0988], [111.4509, 17.0936], [111.4453, 17.0889], [111.444, 17.0854], [111.4453, 17.0754], [111.4542, 17.0683], [111.4591, 17.0661], [111.4817, 17.0652], [111.4916, 17.0662], [111.5216, 17.0759], [111.5449, 17.0859], [111.5556, 17.0917], [111.5598, 17.0978]], [[111.4826, 17.0817], [111.4713, 17.0819], [111.467, 17.0839], [111.4666, 17.0879], [111.47, 17.0908], [111.4802, 17.0947], [111.4891, 17.0962], [111.4956, 17.0988], [111.5012, 17.0991], [111.509, 17.095], [111.5083, 17.0896], [111.4983, 17.083], [111.4826, 17.0817]]], [[[108.4491, 15.9694], [108.4524, 15.9777], [108.4483, 15.9768], [108.4443, 15.9734], [108.4449, 15.9695], [108.4491, 15.9694]]], [[[108.6983, 15.8138], [108.6928, 15.8168], [108.6908, 15.8125], [108.6975, 15.8114], [108.6983, 15.8138]]], [[[108.5416, 15.9109], [108.5353, 15.9097], [108.5327, 15.9047], [108.5363, 15.9026], [108.5401, 15.904], [108.5416, 15.9109]]], [[[108.4811, 15.9394], [108.4844, 15.9462], [108.4809, 15.9484], [108.4769, 15.9437], [108.4811, 15.9394]]], [[[108.5096, 15.9707], [108.5106, 15.9738], [108.5044, 15.9793], [108.5011, 15.9765], [108.4936, 15.9735], [108.491, 15.9679], [108.4874, 15.9679], [108.4842, 15.9648], [108.49, 15.9632], [108.4931, 15.956], [108.4965, 15.9569], [108.5002, 15.9608], [108.5069, 15.9579], [108.5095, 15.9502], [108.5097, 15.9459], [108.5146, 15.9387], [108.52, 15.9392], [108.5227, 15.9344], [108.5301, 15.9308], [108.5314, 15.9263], [108.5352, 15.9224], [108.5401, 15.9236], [108.5373, 15.9308], [108.5392, 15.938], [108.5368, 15.9445], [108.5366, 15.9504], [108.5385, 15.9547], [108.5333, 15.9577], [108.5159, 15.9629], [108.5111, 15.9658], [108.5096, 15.9707]]]]}, "properties": {"province_id": "da_nang", "name": "Đà Nẵng", "population": 3122915, "area_km2": 11913.2}}, {"type": "Feature", "geometry": {"type": "MultiPolygon", "coordinates": [[[[107.5604, 12.7952], [107.5628, 12.7965], [107.5758, 12.7979], [107.5788, 12.7957], [107.59, 12.7947], [107.6011, 12.8023], [107.6022, 12.7982], [107.608, 12.7949], [107.613, 12.7989], [107.6213, 12.7997], [107.6292, 12.8029], [107.6345, 12.8037], [107.6383, 12.7983], [107.643, 12.7955], [107.6611, 12.7985], [107.6654, 12.796], [107.6698, 12.796], [107.6755, 12.7934], [107.6788, 12.7938], [107.6866, 12.7891], [107.6889, 12.7899], [107.7059, 12.788], [107.7079, 12.7868], [107.717, 12.7865], [107.7245, 12.7852], [107.7316, 12.782], [107.7431, 12.7844], [107.7475, 12.7804], [107.7704, 12.7777], [107.7726, 12.779], [107.7816, 12.7779], [107.7935, 12.781], [107.8029, 12.7799], [107.8076, 12.7866], [107.8109, 12.7892], [107.8167, 12.79], [107.8236, 12.8001], [107.8304, 12.8017], [107.8368, 12.8047], [107.8435, 12.8107], [107.8487, 12.8121], [107.8557, 12.8066], [107.859, 12.8012], [107.8628, 12.7992], [107.8619, 12.7932], [107.8576, 12.7886], [107.8535, 12.7806], [107.8568, 12.7721], [107.8555, 12.7646], [107.8605, 12.7565], [107.8674, 12.7518], [107.8699, 12.7529], [107.8897, 12.7467], [107.8929, 12.7476], [107.903, 12.7439], [107.9091, 12.7431], [107.9103, 12.7368], [107.9076, 12.7314], [107.8991, 12.7247], [107.8963, 12.7191], [107.8953, 12.7108], [107.9017, 12.7063], [107.9108, 12.6955], [107.9122, 12.6925], [107.9082, 12.6852], [107.9045, 12.675], [107.9085, 12.6685], [107.9136, 12.6648], [107.9146, 12.6588], [107.9113, 12.6557], [107.907, 12.6544], [107.9042, 12.6513], [107.908, 12.646], [107.9168, 12.6482], [107.9206, 12.6453], [107.9207, 12.6402], [107.9189, 12.6356], [107.9227, 12.6295], [107.9202, 12.6218], [107.9208, 12.619], [107.928, 12.6176], [107.9293, 12.615], [107.9278, 12.6051], [107.9285, 12.6005], [107.9342, 12.5979], [107.9339, 12.5869], [107.9309, 12.5823], [107.9216, 12.5807], [107.908, 12.5754], [107.902, 12.569], [107.8957, 12.5673], [107.8928, 12.5637], [107.8924, 12.5595], [107.8951, 12.5576], [107.8955, 12.5529], [107.8916, 12.5513], [107.8862, 12.5446], [107.8878, 12.5391], [107.8934, 12.5391], [107.9012, 12.533], [107.9049, 12.5285], [107.9106, 12.5255], [107.915, 12.5286], [107.9269, 12.5286], [107.9324, 12.525], [107.9399, 12.5274], [107.9447, 12.5258], [107.9493, 12.5202], [107.9539, 12.5209], [107.9673, 12.5115], [107.9737, 12.5085], [107.9788, 12.5019], [107.9795, 12.4964], [107.986, 12.4952], [107.9915, 12.492], [107.9915, 12.4852], [107.9977, 12.4855], [107.9975, 12.4816], [108.0011, 12.4752], [107.995, 12.4704], [107.9947, 12.4663], [107.991, 12.4612], [107.992, 12.4564], [107.987, 12.4554], [107.9843, 12.4459], [107.9769, 12.4439], [107.9739, 12.441], [107.9656, 12.4364], [107.9533, 12.4417], [107.9449, 12.4405], [107.9437, 12.4369], [107.932, 12.4278], [107.9284, 12.4239], [107.9258, 12.4276], [107.9213, 12.4266], [107.9242, 12.4211], [107.9215, 12.4134], [107.926, 12.4136], [107.9261, 12.4102], [107.9175, 12.4076], [107.9127, 12.4029], [107.9128, 12.3983], [107.9168, 12.3916], [107.9256, 12.3896], [107.9204, 12.3857], [107.9218, 12.3804], [107.9284, 12.3803], [107.9292, 12.376], [107.9326, 12.3735], [107.9345, 12.3674], [107.9309, 12.3545], [107.934, 12.3504], [107.9337, 12.3432], [107.936, 12.3398], [107.9431, 12.336], [107.945, 12.3315], [107.9435, 12.3279], [107.9489, 12.3248], [107.9524, 12.3188], [107.9648, 12.3146], [107.9711, 12.311], [107.9743, 12.3056], [107.9729, 12.3002], [107.9738, 12.297], [107.9802, 12.2971], [107.9882, 12.302], [107.9967, 12.3046], [107.9998, 12.304], [108.0034, 12.2965], [108.0051, 12.2963], [108.016, 12.3026], [108.0186, 12.2963], [108.019, 12.2918], [108.025, 12.2887], [108.0397, 12.2893], [108.044, 12.2846], [108.044, 12.2768], [108.0515, 12.2658], [108.058, 12.2683], [108.0603, 12.2644], [108.0678, 12.2647], [108.0698, 12.2586], [108.0746, 12.2512], [108.0856, 12.2407], [108.0835, 12.2355], [108.0861, 12.225], [108.0899, 12.2194], [108.0945, 12.2168], [108.0963, 12.2106], [108.1021, 12.2083], [108.1064, 12.2051], [108.1136, 12.194], [108.1129, 12.1844], [108.1202, 12.1752], [108.1243, 12.1756], [108.1322, 12.1813], [108.1404, 12.1832], [108.1459, 12.1862], [108.1533, 12.1883], [108.1631, 12.1966], [108.167, 12.1959], [108.1685, 12.1883], [108.1757, 12.1845], [108.1812, 12.1847], [108.1848, 12.179], [108.1849, 12.1742], [108.1973, 12.1773], [108.1993, 12.1723], [108.2051, 12.1708], [108.2093, 12.1726], [108.2103, 12.1791], [108.2143, 12.1828], [108.2179, 12.1835], [108.2207, 12.1793], [108.2205, 12.1746], [108.2241, 12.1726], [108.2255, 12.1815], [108.2333, 12.1757], [108.238, 12.176], [108.2377, 12.1723], [108.2393, 12.1625], [108.2412, 12.1607], [108.2464, 12.1653], [108.2466, 12.1687], [108.2548, 12.1735], [108.2503, 12.1754], [108.2483, 12.1786], [108.2527, 12.1891], [108.2605, 12.1925], [108.2598, 12.2005], [108.2667, 12.2038], [108.2721, 12.2047], [108.2738, 12.2108], [108.278, 12.2144], [108.2883, 12.2101], [108.2953, 12.2082], [108.3004, 12.2085], [108.3068, 12.2133], [108.3106, 12.2144], [108.3112, 12.2181], [108.3178, 12.2183], [108.3224, 12.2201], [108.3211, 12.2239], [108.332, 12.2308], [108.3405, 12.2296], [108.3386, 12.2348], [108.3331, 12.2361], [108.3356, 12.2408], [108.3342, 12.2443], [108.3363, 12.2483], [108.3474, 12.2478], [108.352, 12.253], [108.356, 12.2548], [108.3617, 12.253], [108.3699, 12.2541], [108.3825, 12.2459], [108.3875, 12.2411], [108.3948, 12.2437], [108.3997, 12.2424], [108.4078, 12.2449], [108.4126, 12.2435], [108.4161, 12.2477], [108.4273, 12.2517], [108.4273, 12.2571], [108.4299, 12.2593], [108.4363, 12.2575], [108.4396, 12.2587], [108.4412, 12.2637], [108.4413, 12.2745], [108.4504, 12.2733], [108.455, 12.279], [108.46, 12.2759], [108.4665, 12.2833], [108.4655, 12.2971], [108.4697, 12.2947], [108.4722, 12.2884], [108.478, 12.2989], [108.4811, 12.3029], [108.4816, 12.3085], [108.4848, 12.3094], [108.4866, 12.3047], [108.4905, 12.3067], [108.4929, 12.3046], [108.4945, 12.2988], [108.4996, 12.2927], [108.4989, 12.2851], [108.5023, 12.2816], [108.5086, 12.2778], [108.5151, 12.278], [108.5211, 12.2807], [108.525, 12.2792], [108.5314, 12.2791], [108.5397, 12.2846], [108.5361, 12.2908], [108.5407, 12.297], [108.5455, 12.2971], [108.5505, 12.2923], [108.5524, 12.2958], [108.5576, 12.2924], [108.5649, 12.2921], [108.5697, 12.2953], [108.5724, 12.2898], [108.5788, 12.2862], [108.5831, 12.2855], [108.5897, 12.2879], [108.5887, 12.2827], [108.5908, 12.2788], [108.5961, 12.2767], [108.6109, 12.2834], [108.6209, 12.2831], [108.624, 12.2887], [108.6299, 12.2911], [108.6371, 12.2915], [108.6389, 12.2934], [108.6456, 12.2949], [108.6496, 12.2929], [108.652, 12.2951], [108.6628, 12.2976], [108.6686, 12.3012], [108.6764, 12.3088], [108.6774, 12.3133], [108.6805, 12.3166], [108.6804, 12.3198], [108.6853, 12.3233], [108.683, 12.3265], [108.683, 12.3345], [108.6787, 12.3419], [108.677, 12.348], [108.6812, 12.3591], [108.6875, 12.3644], [108.6872, 12.3696], [108.6892, 12.3725], [108.6882, 12.3774], [108.6834, 12.3792], [108.686, 12.3875], [108.6839, 12.3911], [108.6777, 12.3928], [108.6728, 12.4018], [108.6784, 12.4084], [108.6797, 12.4147], [108.6763, 12.4155], [108.6693, 12.4227], [108.6726, 12.4279], [108.6727, 12.4315], [108.6814, 12.4396], [108.6845, 12.4463], [108.6903, 12.4531], [108.6988, 12.4613], [108.6999, 12.4725], [108.7074, 12.4774], [108.7149, 12.4842], [108.7208, 12.4826], [108.7215, 12.4806], [108.732, 12.4772], [108.7376, 12.4763], [108.7476, 12.4798], [108.7511, 12.4976], [108.755, 12.5005], [108.7584, 12.4983], [108.763, 12.498], [108.7681, 12.5034], [108.7786, 12.5059], [108.784, 12.5014], [108.7913, 12.4999], [108.7945, 12.497], [108.7971, 12.4914], [108.7954, 12.4865], [108.7986, 12.4818], [108.805, 12.4809], [108.8097, 12.4847], [108.8143, 12.4832], [108.8207, 12.4776], [108.8202, 12.475], [108.8271, 12.4706], [108.8318, 12.4704], [108.8368, 12.463], [108.846, 12.4619], [108.8499, 12.4573], [108.8547, 12.4569], [108.8632, 12.4532], [108.8679, 12.4565], [108.8704, 12.463], [108.8696, 12.4669], [108.8758, 12.4699], [108.8784, 12.4778], [108.8772, 12.4812], [108.8583, 12.4917], [108.8606, 12.4958], [108.8674, 12.5032], [108.8727, 12.5062], [108.872, 12.5108], [108.8768, 12.5173], [108.8727, 12.5228], [108.8734, 12.5269], [108.8805, 12.5386], [108.886, 12.5439], [108.8908, 12.5461], [108.8937, 12.556], [108.8973, 12.5643], [108.893, 12.5675], [108.8946, 12.5747], [108.8921, 12.5803], [108.8837, 12.5809], [108.8793, 12.5877], [108.8688, 12.5903], [108.8631, 12.5949], [108.8615, 12.6045], [108.8621, 12.6076], [108.8689, 12.6191], [108.8749, 12.6252], [108.8828, 12.6267], [108.8881, 12.6233], [108.895, 12.6242], [108.9116, 12.6411], [108.9128, 12.6457], [108.914, 12.6614], [108.9017, 12.672], [108.9026, 12.6761], [108.9087, 12.6786], [108.9189, 12.6792], [108.9237, 12.6841], [108.9294, 12.6847], [108.9334, 12.6887], [108.9427, 12.6943], [108.9489, 12.6891], [108.9542, 12.6881], [108.9635, 12.6844], [108.9662, 12.6866], [108.971, 12.6835], [108.9792, 12.6839], [108.9844, 12.6889], [108.9891, 12.6906], [108.9866, 12.6961], [108.9866, 12.7041], [108.9909, 12.7048], [109.004, 12.7139], [109.0078, 12.7187], [109.0134, 12.7183], [109.0133, 12.7292], [109.0177, 12.7302], [109.0244, 12.7357], [109.0315, 12.7344], [109.0379, 12.736], [109.0373, 12.7429], [109.0466, 12.7467], [109.0596, 12.7439], [109.0652, 12.7522], [109.0682, 12.7525], [109.0726, 12.7464], [109.0814, 12.7424], [109.0874, 12.7443], [109.0923, 12.7512], [109.0901, 12.76], [109.0979, 12.7655], [109.1023, 12.7668], [109.1025, 12.7701], [109.1068, 12.7722], [109.1076, 12.7787], [109.1124, 12.7886], [109.1157, 12.79], [109.116, 12.7972], [109.118, 12.798], [109.1244, 12.7954], [109.1341, 12.7866], [109.1373, 12.7817], [109.1407, 12.7826], [109.1454, 12.79], [109.15, 12.7997], [109.1535, 12.8039], [109.1565, 12.8133], [109.1597, 12.8144], [109.163, 12.8239], [109.1672, 12.8266], [109.1766, 12.8261], [109.1903, 12.8283], [109.1951, 12.8307], [109.1989, 12.829], [109.2076, 12.8298], [109.2137, 12.8274], [109.2168, 12.8207], [109.22, 12.817], [109.226, 12.8128], [109.2301, 12.8165], [109.2458, 12.827], [109.2514, 12.8354], [109.2548, 12.838], [109.2586, 12.8382], [109.2685, 12.8322], [109.2786, 12.8342], [109.2814, 12.8323], [109.2953, 12.8364], [109.3005, 12.841], [109.303, 12.8388], [109.3083, 12.8391], [109.3143, 12.8429], [109.3153, 12.8385], [109.3193, 12.8354], [109.322, 12.8391], [109.3265, 12.8407], [109.3288, 12.8476], [109.3383, 12.8491], [109.3411, 12.8473], [109.3441, 12.8525], [109.3491, 12.8567], [109.3621, 12.8604], [109.3645, 12.8664], [109.3714, 12.8622], [109.3747, 12.8561], [109.3769, 12.8548], [109.3884, 12.8431], [109.3906, 12.8438], [109.3923, 12.8505], [109.4001, 12.8539], [109.4032, 12.8593], [109.4008, 12.8663], [109.4212, 12.8732], [109.422, 12.8764], [109.4303, 12.8813], [109.4378, 12.8802], [109.437, 12.8745], [109.4379, 12.8693], [109.4328, 12.863], [109.4307, 12.8623], [109.4203, 12.8504], [109.421, 12.8477], [109.4268, 12.8468], [109.431, 12.8494], [109.4329, 12.8536], [109.4385, 12.8572], [109.4507, 12.8584], [109.4536, 12.8622], [109.4512, 12.8711], [109.4518, 12.8788], [109.4589, 12.8825], [109.4544, 12.888], [109.4584, 12.8976], [109.4537, 12.8972], [109.4531, 12.9074], [109.4559, 12.9119], [109.4547, 12.9144], [109.4433, 12.9183], [109.4304, 12.9357], [109.4318, 12.9463], [109.4272, 12.948], [109.419, 12.9576], [109.4056, 12.9716], [109.3908, 12.9898], [109.3767, 13.0078], [109.3689, 13.019], [109.3605, 13.0324], [109.3444, 13.0603], [109.336, 13.0756], [109.3313, 13.0878], [109.3171, 13.1037], [109.3045, 13.1214], [109.3012, 13.1268], [109.2949, 13.1426], [109.2925, 13.1543], [109.2931, 13.1661], [109.297, 13.1792], [109.3035, 13.1893], [109.2992, 13.1945], [109.2952, 13.2043], [109.2932, 13.2146], [109.297, 13.2195], [109.2983, 13.2238], [109.3026, 13.2267], [109.305, 13.2313], [109.3022, 13.2406], [109.3023, 13.2475], [109.3039, 13.2506], [109.3095, 13.2506], [109.3157, 13.2545], [109.3134, 13.2661], [109.3065, 13.2778], [109.2966, 13.2894], [109.291, 13.2995], [109.2854, 13.3119], [109.2827, 13.3241], [109.284, 13.3315], [109.2888, 13.3366], [109.2934, 13.3337], [109.2988, 13.3346], [109.2979, 13.3414], [109.2918, 13.3465], [109.2911, 13.3531], [109.2956, 13.3548], [109.2944, 13.3635], [109.2882, 13.3658], [109.2834, 13.3633], [109.2759, 13.3659], [109.2697, 13.3646], [109.2706, 13.3604], [109.2646, 13.356], [109.2581, 13.3585], [109.2491, 13.3678], [109.2463, 13.3752], [109.2443, 13.3861], [109.2417, 13.39], [109.2354, 13.3933], [109.2258, 13.39], [109.2221, 13.3911], [109.2195, 13.3961], [109.2272, 13.3966], [109.2271, 13.4012], [109.2299, 13.405], [109.2312, 13.4132], [109.2199, 13.415], [109.2194, 13.4178], [109.2255, 13.4201], [109.2255, 13.4241], [109.2292, 13.426], [109.2322, 13.424], [109.2374, 13.4311], [109.2322, 13.43], [109.2284, 13.4313], [109.2273, 13.4365], [109.2226, 13.4414], [109.2262, 13.4562], [109.2251, 13.4596], [109.2286, 13.4659], [109.2331, 13.4706], [109.2326, 13.4768], [109.2284, 13.4804], [109.2328, 13.4858], [109.2392, 13.4881], [109.2405, 13.4937], [109.2475, 13.4938], [109.2488, 13.4887], [109.2524, 13.4832], [109.2665, 13.4796], [109.2747, 13.4705], [109.2791, 13.4627], [109.2839, 13.4637], [109.288, 13.462], [109.2922, 13.457], [109.2932, 13.4502], [109.2913, 13.4473], [109.2834, 13.4425], [109.2798, 13.4425], [109.2778, 13.4357], [109.2722, 13.433], [109.2658, 13.4348], [109.2621, 13.4326], [109.259, 13.4262], [109.2647, 13.4213], [109.2658, 13.4151], [109.2684, 13.4123], [109.2722, 13.4154], [109.2781, 13.4146], [109.2893, 13.4155], [109.2922, 13.4166], [109.2945, 13.4124], [109.2926, 13.4087], [109.2974, 13.4048], [109.299, 13.4107], [109.3038, 13.4163], [109.3096, 13.4175], [109.3121, 13.4266], [109.3109, 13.4286], [109.3106, 13.4383], [109.3131, 13.4415], [109.3198, 13.4439], [109.3155, 13.4534], [109.3162, 13.4582], [109.3195, 13.4634], [109.3253, 13.4649], [109.3301, 13.4621], [109.33, 13.4686], [109.3234, 13.4749], [109.3186, 13.4699], [109.3194, 13.4668], [109.3112, 13.4642], [109.3033, 13.4681], [109.2987, 13.4729], [109.2927, 13.4829], [109.2879, 13.4958], [109.2881, 13.5027], [109.2902, 13.5075], [109.297, 13.5122], [109.3008, 13.5105], [109.3018, 13.519], [109.2951, 13.5264], [109.2876, 13.5283], [109.285, 13.5322], [109.2789, 13.5336], [109.2763, 13.5447], [109.2796, 13.5511], [109.2804, 13.5572], [109.2836, 13.5561], [109.2879, 13.5587], [109.2902, 13.5627], [109.2883, 13.5649], [109.2962, 13.5719], [109.2917, 13.5732], [109.2816, 13.5724], [109.2709, 13.5783], [109.2604, 13.5871], [109.2489, 13.6], [109.2411, 13.6114], [109.2348, 13.622], [109.2267, 13.6387], [109.2259, 13.6447], [109.2302, 13.6463], [109.2284, 13.652], [109.233, 13.6549], [109.2302, 13.6659], [109.2336, 13.6698], [109.226, 13.6784], [109.2168, 13.6814], [109.2125, 13.6787], [109.2076, 13.6803], [109.2046, 13.6863], [109.2036, 13.6919], [109.1997, 13.6951], [109.1909, 13.6935], [109.1874, 13.6908], [109.1814, 13.6828], [109.1695, 13.6821], [109.1649, 13.6771], [109.1563, 13.6784], [109.1567, 13.6729], [109.155, 13.6628], [109.1514, 13.6544], [109.1542, 13.646], [109.1524, 13.6338], [109.1472, 13.6327], [109.144, 13.63], [109.1402, 13.634], [109.1358, 13.6357], [109.1245, 13.6439], [109.1198, 13.6406], [109.1184, 13.6348], [109.1227, 13.6322], [109.1269, 13.6249], [109.1269, 13.6201], [109.1206, 13.6187], [109.1154, 13.614], [109.1151, 13.6081], [109.1177, 13.602], [109.1133, 13.596], [109.1131, 13.5915], [109.1178, 13.5852], [109.1162, 13.5836], [109.1088, 13.5884], [109.1009, 13.5832], [109.0982, 13.5772], [109.0933, 13.5718], [109.0835, 13.5714], [109.0833, 13.5674], [109.0779, 13.5671], [109.0527, 13.5688], [109.049, 13.5611], [109.042, 13.5555], [109.0405, 13.5489], [109.0334, 13.5423], [109.0329, 13.537], [109.0279, 13.5306], [109.0219, 13.5285], [109.0178, 13.5256], [109.0104, 13.5269], [109.0076, 13.5235], [108.999, 13.5229], [108.9944, 13.5165], [108.9618, 13.5176], [108.9585, 13.5151], [108.9489, 13.5268], [108.9448, 13.5262], [108.9361, 13.5326], [108.9317, 13.533], [108.9241, 13.5368], [108.9227, 13.5399], [108.9089, 13.5415], [108.9031, 13.5381], [108.8942, 13.541], [108.8883, 13.5369], [108.868, 13.5346], [108.8668, 13.5387], [108.87, 13.5459], [108.8641, 13.5528], [108.8575, 13.5527], [108.8565, 13.5582], [108.8538, 13.5608], [108.8511, 13.569], [108.8448, 13.5638], [108.8276, 13.5644], [108.8207, 13.5674], [108.8147, 13.5763], [108.8058, 13.5773], [108.7994, 13.577], [108.7895, 13.5781], [108.7853, 13.5776], [108.7806, 13.5692], [108.7742, 13.5703], [108.7672, 13.5612], [108.7589, 13.5624], [108.7491, 13.5668], [108.7478, 13.564], [108.7479, 13.5561], [108.7421, 13.5562], [108.7397, 13.5508], [108.7361, 13.5482], [108.7336, 13.5403], [108.7344, 13.535], [108.7328, 13.5292], [108.7272, 13.5231], [108.7271, 13.5196], [108.7141, 13.5177], [108.7123, 13.509], [108.7124, 13.4997], [108.7089, 13.4976], [108.7076, 13.4911], [108.7034, 13.4846], [108.7071, 13.482], [108.7104, 13.4755], [108.7149, 13.4729], [108.7126, 13.4642], [108.7159, 13.4621], [108.726, 13.4633], [108.7351, 13.4568], [108.7439, 13.4565], [108.7476, 13.4579], [108.7522, 13.4625], [108.7576, 13.4591], [108.7605, 13.4646], [108.7635, 13.4633], [108.7734, 13.4668], [108.7792, 13.4661], [108.7889, 13.4682], [108.7923, 13.4731], [108.7957, 13.4711], [108.7953, 13.4657], [108.7926, 13.4625], [108.7925, 13.4575], [108.7905, 13.4531], [108.7965, 13.4519], [108.7964, 13.447], [108.7998, 13.4462], [108.801, 13.4402], [108.8057, 13.4344], [108.8044, 13.4316], [108.8056, 13.4231], [108.804, 13.4189], [108.8065, 13.4089], [108.805, 13.4071], [108.8073, 13.4016], [108.8069, 13.3926], [108.8037, 13.3901], [108.8043, 13.3807], [108.8068, 13.3737], [108.8065, 13.3652], [108.8096, 13.3615], [108.8081, 13.357], [108.8137, 13.3536], [108.8211, 13.3439], [108.8266, 13.3405], [108.8267, 13.3361], [108.8354, 13.3285], [108.84, 13.3231], [108.8427, 13.3136], [108.8452, 13.311], [108.8526, 13.293], [108.858, 13.2907], [108.8625, 13.2868], [108.8677, 13.2882], [108.8731, 13.2786], [108.8708, 13.2726], [108.8708, 13.2675], [108.8678, 13.2604], [108.871, 13.2533], [108.8704, 13.2458], [108.8636, 13.2251], [108.858, 13.2233], [108.8542, 13.2178], [108.8503, 13.2173], [108.851, 13.2085], [108.8478, 13.2049], [108.8491, 13.2003], [108.8538, 13.1964], [108.8548, 13.1934], [108.8492, 13.1913], [108.8499, 13.1819], [108.8438, 13.1807], [108.8431, 13.1744], [108.8389, 13.1711], [108.8422, 13.1648], [108.8374, 13.1617], [108.8308, 13.1652], [108.8272, 13.1646], [108.8251, 13.1604], [108.8245, 13.1548], [108.8202, 13.1572], [108.8134, 13.1589], [108.807, 13.1522], [108.7974, 13.1523], [108.796, 13.1416], [108.7931, 13.1417], [108.79, 13.147], [108.7867, 13.1415], [108.7824, 13.1431], [108.7809, 13.1465], [108.7764, 13.1469], [108.7768, 13.1373], [108.7675, 13.134], [108.7618, 13.135], [108.7595, 13.1287], [108.7614, 13.1242], [108.767, 13.1225], [108.7677, 13.118], [108.7614, 13.116], [108.7589, 13.1129], [108.7561, 13.1016], [108.7492, 13.0918], [108.7528, 13.0681], [108.7567, 13.0331], [108.7454, 13.0281], [108.7144, 13.0174], [108.7047, 13.0176], [108.6927, 13.0168], [108.6891, 13.0089], [108.6819, 12.9993], [108.6757, 12.9964], [108.6676, 13.0045], [108.6594, 12.9988], [108.6525, 13.0013], [108.6451, 13.0105], [108.6292, 13.0094], [108.6275, 13.0075], [108.6192, 13.0103], [108.6131, 13.0081], [108.6061, 13.0182], [108.6005, 13.0179], [108.599, 13.0212], [108.5922, 13.0292], [108.5784, 13.0285], [108.5746, 13.0245], [108.5676, 13.0197], [108.5551, 13.0254], [108.5371, 13.0324], [108.5288, 13.0339], [108.5216, 13.0327], [108.5131, 13.0344], [108.5109, 13.0369], [108.5137, 13.0408], [108.5112, 13.0453], [108.5166, 13.06], [108.5214, 13.0633], [108.5181, 13.067], [108.5192, 13.0713], [108.5131, 13.0757], [108.5086, 13.0805], [108.4992, 13.0858], [108.4996, 13.0896], [108.4956, 13.0953], [108.4884, 13.0987], [108.4926, 13.1036], [108.4922, 13.1069], [108.4859, 13.1122], [108.4771, 13.1145], [108.4726, 13.1183], [108.4653, 13.1169], [108.4614, 13.1198], [108.457, 13.1268], [108.4607, 13.1344], [108.4673, 13.1357], [108.4696, 13.1398], [108.4648, 13.1409], [108.4643, 13.147], [108.4613, 13.1489], [108.4607, 13.1548], [108.4638, 13.1624], [108.4568, 13.1656], [108.4406, 13.1784], [108.4368, 13.1793], [108.4305, 13.1872], [108.4236, 13.1977], [108.4212, 13.208], [108.4215, 13.2113], [108.4182, 13.2134], [108.4162, 13.221], [108.4177, 13.2244], [108.422, 13.2266], [108.4176, 13.2333], [108.4192, 13.2433], [108.4109, 13.2477], [108.4094, 13.2561], [108.4054, 13.2604], [108.3973, 13.2555], [108.3872, 13.2574], [108.3838, 13.2596], [108.3769, 13.2669], [108.3721, 13.2678], [108.3739, 13.2763], [108.3731, 13.2885], [108.3688, 13.2947], [108.3725, 13.3025], [108.3669, 13.3103], [108.3642, 13.3104], [108.3617, 13.3151], [108.3562, 13.3152], [108.3528, 13.3233], [108.3529, 13.3297], [108.3457, 13.3321], [108.3472, 13.3387], [108.3371, 13.3379], [108.3309, 13.34], [108.3284, 13.3429], [108.3245, 13.3431], [108.3161, 13.3469], [108.3136, 13.3459], [108.2967, 13.3517], [108.2881, 13.3508], [108.2868, 13.3551], [108.2795, 13.3626], [108.2641, 13.3723], [108.258, 13.3694], [108.246, 13.3711], [108.2426, 13.3681], [108.2361, 13.3718], [108.2279, 13.3705], [108.2225, 13.3711], [108.2131, 13.3682], [108.2092, 13.3765], [108.2044, 13.3734], [108.1977, 13.3786], [108.1875, 13.3815], [108.183, 13.3815], [108.1778, 13.3837], [108.1745, 13.3911], [108.1647, 13.3944], [108.1624, 13.4004], [108.1572, 13.4014], [108.1509, 13.4005], [108.1443, 13.4076], [108.1368, 13.4072], [108.1297, 13.4113], [108.1255, 13.4091], [108.113, 13.4165], [108.1089, 13.4124], [108.0984, 13.4099], [108.0937, 13.4075], [108.0898, 13.4089], [108.0841, 13.4044], [108.077, 13.4038], [108.0727, 13.4], [108.0694, 13.4093], [108.0638, 13.4093], [108.0574, 13.4075], [108.057, 13.4111], [108.0534, 13.4123], [108.0476, 13.4068], [108.0458, 13.4017], [108.0411, 13.3993], [108.0361, 13.4028], [108.0334, 13.3957], [108.0267, 13.3948], [108.0219, 13.387], [108.0141, 13.3857], [108.0126, 13.3827], [108.0083, 13.3809], [107.9998, 13.3869], [107.9967, 13.3907], [107.994, 13.389], [107.9894, 13.3919], [107.9819, 13.3922], [107.9804, 13.3888], [107.9818, 13.3852], [107.9697, 13.3827], [107.9649, 13.3797], [107.9579, 13.381], [107.9524, 13.3856], [107.9497, 13.3811], [107.9445, 13.3804], [107.9438, 13.3745], [107.9332, 13.3757], [107.9232, 13.3791], [107.9157, 13.3849], [107.9119, 13.3854], [107.9072, 13.3889], [107.9005, 13.3883], [107.8969, 13.3866], [107.8866, 13.3849], [107.883, 13.3904], [107.8765, 13.3936], [107.8722, 13.3932], [107.8517, 13.3893], [107.8392, 13.4005], [107.8315, 13.3963], [107.8162, 13.3928], [107.8087, 13.3949], [107.8044, 13.3932], [107.7979, 13.3885], [107.7999, 13.3812], [107.7925, 13.3819], [107.7863, 13.3759], [107.7806, 13.375], [107.774, 13.3699], [107.769, 13.3697], [107.7643, 13.3649], [107.7603, 13.3701], [107.7558, 13.3686], [107.7482, 13.3634], [107.7402, 13.3644], [107.7376, 13.3671], [107.7301, 13.3662], [107.7246, 13.3695], [107.7202, 13.3697], [107.7171, 13.3742], [107.7131, 13.3736], [107.7101, 13.3697], [107.7044, 13.3749], [107.6958, 13.3727], [107.6897, 13.3658], [107.6749, 13.3577], [107.6717, 13.3502], [107.6644, 13.3508], [107.6575, 13.3467], [107.6551, 13.343], [107.6492, 13.3408], [107.6502, 13.3342], [107.6498, 13.3268], [107.6455, 13.3258], [107.6411, 13.3289], [107.6383, 13.3217], [107.6319, 13.3217], [107.6295, 13.3149], [107.6242, 13.3151], [107.6161, 13.312], [107.6147, 13.3076], [107.6066, 13.3043], [107.5596, 13.1956], [107.5125, 13.0861], [107.4903, 13.0338], [107.4941, 13.025], [107.4914, 13.0212], [107.4911, 13.0167], [107.493, 13.0107], [107.4913, 13.0068], [107.4915, 13.0009], [107.4983, 12.998], [107.498, 12.992], [107.4964, 12.9879], [107.4978, 12.9822], [107.5038, 12.977], [107.5005, 12.9728], [107.4945, 12.9737], [107.4872, 12.9698], [107.4898, 12.9642], [107.487, 12.962], [107.4852, 12.954], [107.4846, 12.9433], [107.4926, 12.9379], [107.4947, 12.9239], [107.4962, 12.9192], [107.5015, 12.9148], [107.4992, 12.9109], [107.4946, 12.9091], [107.4974, 12.9046], [107.4914, 12.8979], [107.4927, 12.8937], [107.4967, 12.8929], [107.4986, 12.8777], [107.5035, 12.8718], [107.5114, 12.8693], [107.5133, 12.8645], [107.5122, 12.8565], [107.5209, 12.8545], [107.5252, 12.8486], [107.527, 12.8398], [107.5318, 12.8393], [107.5409, 12.8349], [107.5419, 12.8301], [107.5458, 12.8216], [107.5546, 12.8171], [107.5525, 12.8129], [107.5527, 12.8056], [107.5572, 12.8047], [107.5604, 12.7952]]], [[[109.3338, 13.2861], [109.3285, 13.2868], [109.3286, 13.2823], [109.3307, 13.2764], [109.3376, 13.2758], [109.3426, 13.2815], [109.3338, 13.2861]]]]}, "properties": {"province_id": "dak_lak", "name": "Đắk Lắk", "population": 3346853, "area_km2": 18095.6}}, {"type": "Feature", "geometry": {"type": "Polygon", "coordinates": [[[102.3218, 22.5473], [102.313, 22.541], [102.308, 22.5362], [102.3041, 22.535], [102.2998, 22.5296], [102.3008, 22.5256], [102.296, 22.5215], [102.2933, 22.5169], [102.2939, 22.5118], [102.2882, 22.5041], [102.2805, 22.5023], [102.2776, 22.4955], [102.2685, 22.4868], [102.2718, 22.4839], [102.2668, 22.4789], [102.2639, 22.4792], [102.2632, 22.467], [102.2517, 22.4636], [102.2457, 22.4654], [102.2479, 22.4596], [102.2461, 22.4551], [102.2507, 22.4549], [102.253, 22.4501], [102.256, 22.4494], [102.2576, 22.4421], [102.2605, 22.4398], [102.2663, 22.431], [102.2671, 22.4259], [102.2631, 22.4147], [102.2602, 22.4142], [102.2536, 22.4171], [102.2516, 22.4197], [102.2376, 22.4281], [102.2307, 22.429], [102.224, 22.4283], [102.223, 22.4258], [102.2167, 22.4284], [102.2132, 22.4315], [102.2069, 22.4283], [102.1995, 22.4303], [102.1948, 22.4335], [102.1852, 22.4361], [102.1789, 22.4319], [102.1743, 22.4321], [102.1641, 22.4289], [102.1594, 22.4301], [102.1581, 22.4258], [102.1538, 22.4244], [102.1544, 22.417], [102.1487, 22.4078], [102.1456, 22.406], [102.145, 22.3993], [102.1491, 22.3954], [102.1495, 22.3905], [102.1527, 22.3868], [102.1592, 22.3848], [102.1639, 22.3778], [102.1693, 22.3756], [102.1716, 22.3711], [102.1642, 22.361], [102.1685, 22.3505], [102.1793, 22.339], [102.1868, 22.3411], [102.193, 22.3399], [102.1962, 22.3363], [102.1913, 22.3317], [102.1892, 22.3263], [102.1818, 22.3232], [102.1774, 22.314], [102.1779, 22.3051], [102.1904, 22.3027], [102.1934, 22.2992], [102.2009, 22.2971], [102.2032, 22.2926], [102.2106, 22.2913], [102.2121, 22.2873], [102.2247, 22.2872], [102.2258, 22.2851], [102.2321, 22.2848], [102.2345, 22.2825], [102.2336, 22.278], [102.2304, 22.2749], [102.2324, 22.2698], [102.232, 22.2654], [102.2365, 22.2638], [102.2415, 22.2551], [102.2388, 22.2487], [102.2397, 22.2432], [102.2423, 22.2385], [102.2485, 22.2381], [102.2617, 22.2338], [102.2658, 22.2366], [102.2702, 22.2373], [102.2739, 22.2353], [102.2722, 22.2249], [102.2757, 22.2238], [102.279, 22.2198], [102.2776, 22.2124], [102.2801, 22.2057], [102.2871, 22.2063], [102.298, 22.2053], [102.3032, 22.2014], [102.3085, 22.2042], [102.3102, 22.2082], [102.3224, 22.2037], [102.3244, 22.1994], [102.3313, 22.1956], [102.3353, 22.1877], [102.336, 22.1834], [102.3357, 22.1658], [102.3384, 22.1669], [102.3478, 22.163], [102.3581, 22.1666], [102.3659, 22.1637], [102.3688, 22.1593], [102.3835, 22.1501], [102.3857, 22.1422], [102.3845, 22.1306], [102.3901, 22.1272], [102.404, 22.1262], [102.408, 22.1282], [102.4116, 22.1241], [102.4225, 22.116], [102.4322, 22.1165], [102.4403, 22.1032], [102.4391, 22.0905], [102.4464, 22.0844], [102.4458, 22.0803], [102.4415, 22.0785], [102.4418, 22.0743], [102.4471, 22.0744], [102.459, 22.0696], [102.4606, 22.0658], [102.4697, 22.062], [102.4724, 22.0578], [102.4777, 22.0529], [102.4838, 22.0428], [102.4972, 22.0357], [102.4993, 22.0378], [102.5043, 22.0345], [102.5093, 22.0373], [102.5188, 22.0324], [102.52, 22.0239], [102.5071, 22.0148], [102.5004, 22.0153], [102.4941, 22.0126], [102.4888, 22.0067], [102.4886, 21.9967], [102.493, 21.9924], [102.4935, 21.9886], [102.5004, 21.9795], [102.5051, 21.9758], [102.5054, 21.9731], [102.5125, 21.9691], [102.5152, 21.9654], [102.5219, 21.9659], [102.5376, 21.9581], [102.5442, 21.9522], [102.5477, 21.9518], [102.5544, 21.9462], [102.5639, 21.9412], [102.5658, 21.9372], [102.5801, 21.9334], [102.5863, 21.9275], [102.605, 21.9235], [102.6102, 21.9205], [102.6151, 21.9148], [102.618, 21.9086], [102.6203, 21.8996], [102.6166, 21.8979], [102.6145, 21.8939], [102.6117, 21.8807], [102.6123, 21.8748], [102.6172, 21.8722], [102.6286, 21.8692], [102.631, 21.8632], [102.6395, 21.8597], [102.6457, 21.8589], [102.6466, 21.8556], [102.6426, 21.8484], [102.6455, 21.8379], [102.6508, 21.8264], [102.6503, 21.8154], [102.6483, 21.8081], [102.6593, 21.8], [102.6633, 21.7907], [102.6603, 21.7849], [102.6571, 21.7743], [102.6508, 21.7677], [102.6489, 21.7582], [102.6497, 21.7542], [102.6487, 21.735], [102.6462, 21.732], [102.6515, 21.7279], [102.6534, 21.7196], [102.6563, 21.7189], [102.6604, 21.7105], [102.6612, 21.7005], [102.6649, 21.6935], [102.6653, 21.6888], [102.6679, 21.6862], [102.6633, 21.6805], [102.6689, 21.6756], [102.6688, 21.6727], [102.6741, 21.665], [102.6754, 21.6554], [102.6818, 21.6548], [102.6886, 21.6582], [102.6891, 21.6625], [102.6937, 21.6643], [102.6997, 21.6616], [102.7069, 21.663], [102.7092, 21.6647], [102.7152, 21.6626], [102.7239, 21.6644], [102.7321, 21.6628], [102.7364, 21.659], [102.749, 21.6639], [102.7548, 21.6734], [102.7623, 21.6746], [102.7683, 21.6832], [102.7711, 21.6888], [102.7823, 21.702], [102.7888, 21.7069], [102.7953, 21.7062], [102.7998, 21.7083], [102.8044, 21.7169], [102.8092, 21.7171], [102.8115, 21.7195], [102.8098, 21.7246], [102.8143, 21.7274], [102.8158, 21.7316], [102.821, 21.7309], [102.8265, 21.7356], [102.8251, 21.7414], [102.8248, 21.7514], [102.8209, 21.7605], [102.8204, 21.7725], [102.8212, 21.7772], [102.8174, 21.7828], [102.8158, 21.7909], [102.8206, 21.7977], [102.8161, 21.813], [102.8111, 21.8191], [102.8109, 21.825], [102.8187, 21.835], [102.8177, 21.8401], [102.8323, 21.8458], [102.839, 21.8448], [102.8433, 21.8465], [102.8503, 21.8432], [102.8529, 21.84], [102.8543, 21.8247], [102.857, 21.8234], [102.8579, 21.8162], [102.855, 21.8107], [102.8575, 21.8068], [102.8565, 21.8028], [102.8603, 21.7977], [102.8559, 21.7853], [102.8596, 21.7828], [102.8579, 21.7768], [102.8592, 21.7746], [102.8557, 21.7679], [102.8618, 21.7665], [102.8611, 21.7541], [102.8572, 21.7499], [102.8552, 21.7395], [102.859, 21.7324], [102.8572, 21.7209], [102.8623, 21.7165], [102.8682, 21.7147], [102.872, 21.7083], [102.8815, 21.7051], [102.8825, 21.7086], [102.8867, 21.7128], [102.8912, 21.7126], [102.8986, 21.7147], [102.9026, 21.7188], [102.9088, 21.718], [102.914, 21.7212], [102.9182, 21.7215], [102.9244, 21.7252], [102.9294, 21.7239], [102.9454, 21.7265], [102.9482, 21.7285], [102.9549, 21.7289], [102.9562, 21.7332], [102.962, 21.7383], [102.9647, 21.7433], [102.9695, 21.7464], [102.9743, 21.7448], [102.9732, 21.7364], [102.9774, 21.7347], [102.9807, 21.7295], [102.9855, 21.7265], [102.9851, 21.7223], [102.9888, 21.7201], [102.9897, 21.7103], [102.9873, 21.7025], [102.9818, 21.7004], [102.9789, 21.6966], [102.9805, 21.6896], [102.9854, 21.6887], [102.9902, 21.6825], [102.9857, 21.6665], [102.9868, 21.6609], [102.9844, 21.658], [102.9812, 21.648], [102.9861, 21.6426], [102.9827, 21.6345], [102.9866, 21.6289], [102.9849, 21.6264], [102.9897, 21.6225], [102.987, 21.6195], [102.9847, 21.6056], [102.9908, 21.6027], [102.9928, 21.5903], [102.9912, 21.5853], [102.9851, 21.5841], [102.984, 21.5786], [102.9794, 21.5723], [102.9688, 21.5667], [102.9668, 21.5612], [102.9587, 21.554], [102.9612, 21.5468], [102.9557, 21.5411], [102.9464, 21.5362], [102.9427, 21.5325], [102.9392, 21.5258], [102.9312, 21.5238], [102.932, 21.5163], [102.9273, 21.5161], [102.9203, 21.5096], [102.9184, 21.5048], [102.9135, 21.5031], [102.9146, 21.4946], [102.9105, 21.4865], [102.9078, 21.4865], [102.9084, 21.4801], [102.9033, 21.4763], [102.8908, 21.4776], [102.8862, 21.4762], [102.8917, 21.4695], [102.8836, 21.4617], [102.8867, 21.4574], [102.8858, 21.4496], [102.8781, 21.4448], [102.8792, 21.4387], [102.8775, 21.4353], [102.8726, 21.4318], [102.8703, 21.4281], [102.8716, 21.4246], [102.8755, 21.4237], [102.8846, 21.4253], [102.8906, 21.4283], [102.8926, 21.4322], [102.8995, 21.435], [102.9009, 21.4299], [102.9054, 21.4344], [102.9139, 21.4374], [102.9137, 21.4446], [102.92, 21.4502], [102.9229, 21.4551], [102.9261, 21.4567], [102.9396, 21.4583], [102.9405, 21.4527], [102.9313, 21.4448], [102.9258, 21.4326], [102.9237, 21.4311], [102.9219, 21.4216], [102.9189, 21.4184], [102.9167, 21.4064], [102.9092, 21.3985], [102.9086, 21.3944], [102.9028, 21.3909], [102.9009, 21.3879], [102.8966, 21.3865], [102.896, 21.3826], [102.8988, 21.3764], [102.8953, 21.369], [102.899, 21.3655], [102.894, 21.3605], [102.8968, 21.356], [102.8943, 21.3526], [102.8926, 21.3453], [102.8936, 21.341], [102.8913, 21.3391], [102.8917, 21.3309], [102.9001, 21.3174], [102.8969, 21.3032], [102.889, 21.3024], [102.8842, 21.2994], [102.8776, 21.3025], [102.8724, 21.3004], [102.8625, 21.3008], [102.8585, 21.298], [102.8518, 21.2996], [102.8488, 21.29], [102.8438, 21.2928], [102.8406, 21.2911], [102.8384, 21.2825], [102.8334, 21.2824], [102.8327, 21.278], [102.829, 21.2784], [102.8201, 21.2726], [102.815, 21.2668], [102.8098, 21.2669], [102.8076, 21.2636], [102.8149, 21.2576], [102.8118, 21.2534], [102.8141, 21.2509], [102.82, 21.2499], [102.8236, 21.2455], [102.8295, 21.2474], [102.8393, 21.247], [102.845, 21.2495], [102.8482, 21.2532], [102.8572, 21.2528], [102.8601, 21.2569], [102.864, 21.2576], [102.8718, 21.2525], [102.8793, 21.2515], [102.8945, 21.2433], [102.9041, 21.2318], [102.9131, 21.2298], [102.9131, 21.2266], [102.9083, 21.2247], [102.9075, 21.2171], [102.9108, 21.206], [102.9098, 21.1964], [102.9055, 21.1893], [102.9106, 21.1813], [102.9096, 21.176], [102.9065, 21.1759], [102.9043, 21.1663], [102.9091, 21.1633], [102.9194, 21.161], [102.9234, 21.1559], [102.9275, 21.162], [102.9386, 21.1581], [102.9385, 21.1542], [102.9449, 21.1436], [102.9499, 21.1416], [102.9499, 21.1389], [102.9412, 21.1318], [102.9399, 21.129], [102.9436, 21.1238], [102.9468, 21.1238], [102.9543, 21.1195], [102.9554, 21.117], [102.9609, 21.1144], [102.9615, 21.1109], [102.9675, 21.0985], [102.968, 21.0925], [102.9668, 21.0881], [102.9616, 21.0823], [102.964, 21.0773], [102.9668, 21.0756], [102.9692, 21.0704], [102.9749, 21.0657], [102.9787, 21.0671], [102.9884, 21.0621], [102.9966, 21.0631], [103.0019, 21.0603], [103.0057, 21.0608], [103.0085, 21.0643], [103.0141, 21.065], [103.0246, 21.0592], [103.0364, 21.0548], [103.0348, 21.0508], [103.039, 21.0486], [103.0414, 21.0433], [103.0399, 21.0376], [103.0452, 21.0348], [103.0452, 21.0322], [103.0507, 21.0265], [103.0565, 21.0146], [103.0589, 21.0144], [103.0583, 21.0058], [103.0606, 21.0006], [103.0707, 20.9926], [103.0695, 20.9889], [103.0721, 20.9815], [103.078, 20.9788], [103.08, 20.9721], [103.0854, 20.9712], [103.0865, 20.9559], [103.0843, 20.9446], [103.0927, 20.9355], [103.1047, 20.935], [103.108, 20.9253], [103.1062, 20.9192], [103.1112, 20.9167], [103.1124, 20.9128], [103.1096, 20.9015], [103.1148, 20.8969], [103.1181, 20.8963], [103.1244, 20.9065], [103.1286, 20.9094], [103.1314, 20.907], [103.138, 20.9081], [103.1395, 20.9063], [103.1477, 20.9045], [103.1578, 20.9057], [103.1649, 20.9107], [103.165, 20.9165], [103.1699, 20.9147], [103.1739, 20.9095], [103.1811, 20.9085], [103.1821, 20.9048], [103.19, 20.9035], [103.1932, 20.9016], [103.198, 20.9059], [103.2001, 20.9026], [103.2103, 20.902], [103.2172, 20.8955], [103.2321, 20.8956], [103.2333, 20.894], [103.2409, 20.8945], [103.2457, 20.892], [103.2492, 20.8949], [103.2559, 20.8974], [103.2592, 20.8965], [103.2671, 20.9017], [103.2733, 20.9024], [103.2769, 20.8973], [103.2818, 20.8962], [103.2811, 20.9008], [103.2881, 20.9049], [103.2897, 20.908], [103.2784, 20.9204], [103.2793, 20.9241], [103.2773, 20.9379], [103.2795, 20.9409], [103.2894, 20.9476], [103.2934, 20.9453], [103.2999, 20.9458], [103.3, 20.9514], [103.2978, 20.9558], [103.3002, 20.9643], [103.2988, 20.9714], [103.2941, 20.9764], [103.2899, 20.989], [103.2898, 20.9948], [103.281, 20.9991], [103.2797, 21.0038], [103.285, 21.007], [103.2873, 21.0145], [103.292, 21.017], [103.2849, 21.0304], [103.2861, 21.0353], [103.2814, 21.0384], [103.281, 21.0424], [103.2759, 21.0445], [103.2775, 21.051], [103.274, 21.0522], [103.2749, 21.0567], [103.2807, 21.0605], [103.2818, 21.066], [103.2884, 21.0618], [103.2941, 21.062], [103.2985, 21.0596], [103.3018, 21.0629], [103.3, 21.0671], [103.2934, 21.0753], [103.2878, 21.078], [103.2928, 21.084], [103.2865, 21.0933], [103.2941, 21.0985], [103.3006, 21.0958], [103.3093, 21.0962], [103.3128, 21.0927], [103.3174, 21.0958], [103.3248, 21.0924], [103.3346, 21.0914], [103.3537, 21.0777], [103.3586, 21.072], [103.3666, 21.0702], [103.371, 21.0627], [103.3825, 21.062], [103.3875, 21.0635], [103.3936, 21.0633], [103.3999, 21.0606], [103.4042, 21.0603], [103.4109, 21.0632], [103.4221, 21.0649], [103.4243, 21.0713], [103.4186, 21.0752], [103.4146, 21.0823], [103.4087, 21.0874], [103.4058, 21.0956], [103.406, 21.1002], [103.4023, 21.1046], [103.4024, 21.1119], [103.4007, 21.116], [103.4017, 21.1213], [103.4006, 21.1299], [103.3955, 21.1449], [103.3964, 21.1511], [103.4059, 21.1565], [103.4081, 21.1614], [103.4146, 21.1687], [103.4281, 21.163], [103.4338, 21.1691], [103.4352, 21.184], [103.4379, 21.1907], [103.436, 21.2021], [103.4329, 21.2066], [103.4329, 21.2136], [103.4349, 21.2198], [103.4316, 21.2242], [103.4342, 21.2332], [103.4337, 21.2373], [103.4366, 21.2413], [103.4332, 21.2448], [103.4308, 21.2519], [103.4343, 21.259], [103.4393, 21.2637], [103.4395, 21.2705], [103.4413, 21.2819], [103.4399, 21.2869], [103.4328, 21.3045], [103.4327, 21.3107], [103.4243, 21.3157], [103.4142, 21.3196], [103.399, 21.3169], [103.3933, 21.3192], [103.3884, 21.3239], [103.3798, 21.329], [103.3744, 21.3291], [103.3697, 21.3315], [103.3716, 21.3407], [103.3753, 21.3455], [103.3802, 21.3491], [103.3839, 21.357], [103.3882, 21.3612], [103.3884, 21.3676], [103.3844, 21.3693], [103.3783, 21.3693], [103.373, 21.372], [103.3626, 21.3718], [103.3586, 21.3883], [103.3546, 21.3919], [103.3437, 21.3991], [103.3402, 21.3999], [103.3369, 21.4107], [103.3312, 21.4129], [103.3382, 21.4184], [103.3417, 21.4275], [103.3444, 21.4294], [103.3491, 21.4284], [103.354, 21.4247], [103.3596, 21.4277], [103.3662, 21.4291], [103.3749, 21.4278], [103.3828, 21.4341], [103.388, 21.4342], [103.3919, 21.4368], [103.3977, 21.4351], [103.401, 21.4316], [103.4181, 21.4267], [103.4202, 21.4298], [103.4299, 21.4304], [103.433, 21.432], [103.4427, 21.4322], [103.4494, 21.4383], [103.4464, 21.4431], [103.4568, 21.4576], [103.4536, 21.471], [103.4542, 21.4802], [103.4478, 21.4856], [103.4511, 21.4917], [103.4517, 21.5018], [103.4573, 21.5091], [103.4619, 21.5122], [103.4595, 21.5179], [103.4636, 21.5197], [103.4706, 21.5168], [103.4742, 21.5205], [103.4849, 21.5207], [103.4891, 21.5271], [103.5031, 21.5337], [103.5108, 21.534], [103.5171, 21.5328], [103.5195, 21.5398], [103.5225, 21.543], [103.5226, 21.548], [103.5192, 21.5573], [103.5192, 21.565], [103.524, 21.5652], [103.5341, 21.5686], [103.5319, 21.573], [103.5329, 21.58], [103.5303, 21.5813], [103.5305, 21.5867], [103.5346, 21.5909], [103.5378, 21.5901], [103.5382, 21.5977], [103.5427, 21.6025], [103.5479, 21.6023], [103.5496, 21.6095], [103.554, 21.6133], [103.5555, 21.6174], [103.554, 21.6208], [103.5579, 21.6229], [103.5599, 21.6266], [103.5556, 21.6305], [103.5508, 21.6326], [103.551, 21.6382], [103.545, 21.6399], [103.5416, 21.6456], [103.5478, 21.6513], [103.5537, 21.6532], [103.5571, 21.656], [103.5574, 21.66], [103.5605, 21.6676], [103.567, 21.6721], [103.5679, 21.6778], [103.5765, 21.6833], [103.5841, 21.6852], [103.5937, 21.6747], [103.5987, 21.683], [103.5951, 21.6868], [103.5935, 21.693], [103.5863, 21.7001], [103.5838, 21.7053], [103.5858, 21.707], [103.5826, 21.7141], [103.578, 21.7205], [103.5742, 21.7332], [103.571, 21.7359], [103.5726, 21.7396], [103.5677, 21.743], [103.5614, 21.7493], [103.5598, 21.76], [103.5511, 21.769], [103.5456, 21.7718], [103.5411, 21.7774], [103.5441, 21.7907], [103.5477, 21.7988], [103.5433, 21.8043], [103.5396, 21.8121], [103.5364, 21.8143], [103.5419, 21.8205], [103.5399, 21.8279], [103.5357, 21.8315], [103.5295, 21.8332], [103.53, 21.8421], [103.5229, 21.8546], [103.5223, 21.8615], [103.5174, 21.8656], [103.5113, 21.8675], [103.5068, 21.8728], [103.5013, 21.873], [103.4948, 21.8752], [103.4923, 21.8806], [103.4879, 21.8842], [103.4895, 21.8889], [103.4828, 21.895], [103.4867, 21.9034], [103.4795, 21.9087], [103.4803, 21.9164], [103.4843, 21.9211], [103.4824, 21.9231], [103.4849, 21.9341], [103.4845, 21.9383], [103.4944, 21.9438], [103.4984, 21.9446], [103.4997, 21.9513], [103.5055, 21.9552], [103.5033, 21.9593], [103.5025, 21.9659], [103.4968, 21.9698], [103.4898, 21.9753], [103.4786, 21.9773], [103.4751, 21.979], [103.4682, 21.9865], [103.4646, 21.9967], [103.4596, 22.0001], [103.4566, 22.0054], [103.4523, 22.0094], [103.4555, 22.0172], [103.4685, 22.0269], [103.4684, 22.0299], [103.4641, 22.0343], [103.4602, 22.0409], [103.4572, 22.0492], [103.4534, 22.0539], [103.4443, 22.0583], [103.4377, 22.0551], [103.4341, 22.056], [103.431, 22.0649], [103.423, 22.071], [103.4199, 22.075], [103.4183, 22.0851], [103.4134, 22.0942], [103.4066, 22.1151], [103.4049, 22.129], [103.403, 22.1317], [103.3942, 22.1391], [103.3896, 22.1477], [103.3922, 22.1535], [103.3892, 22.1569], [103.381, 22.1562], [103.3731, 22.1542], [103.3636, 22.1545], [103.3553, 22.1526], [103.3425, 22.1528], [103.3368, 22.1542], [103.3303, 22.1523], [103.3276, 22.1478], [103.3188, 22.1421], [103.3169, 22.1342], [103.3064, 22.125], [103.3089, 22.116], [103.3024, 22.113], [103.2933, 22.1127], [103.2875, 22.1089], [103.2846, 22.1034], [103.2834, 22.0875], [103.2761, 22.0802], [103.2734, 22.0723], [103.2785, 22.0638], [103.2882, 22.0557], [103.2918, 22.0498], [103.2912, 22.0432], [103.2863, 22.0393], [103.2773, 22.039], [103.2687, 22.043], [103.2558, 22.047], [103.2436, 22.0491], [103.2294, 22.0598], [103.2253, 22.0637], [103.2111, 22.0703], [103.2, 22.0679], [103.1907, 22.0698], [103.1758, 22.0766], [103.1711, 22.0814], [103.1672, 22.0794], [103.1659, 22.0742], [103.1586, 22.0765], [103.1506, 22.0751], [103.15, 22.0703], [103.1473, 22.0672], [103.1333, 22.0739], [103.1285, 22.0805], [103.1218, 22.095], [103.1139, 22.099], [103.1026, 22.1018], [103.0997, 22.0871], [103.0962, 22.0839], [103.0952, 22.0765], [103.0897, 22.0701], [103.0956, 22.0656], [103.0949, 22.0577], [103.0856, 22.0584], [103.0767, 22.0575], [103.0718, 22.0586], [103.0647, 22.063], [103.0591, 22.0612], [103.0561, 22.0533], [103.0454, 22.0484], [103.039, 22.0477], [103.0272, 22.0519], [103.0224, 22.056], [103.0134, 22.0527], [103.0072, 22.0527], [103.0034, 22.0502], [102.9985, 22.0514], [102.994, 22.0434], [102.9951, 22.0359], [102.9916, 22.0343], [102.9903, 22.0286], [102.9853, 22.026], [102.981, 22.029], [102.975, 22.0305], [102.9699, 22.0297], [102.9614, 22.0378], [102.9641, 22.0408], [102.9604, 22.0501], [102.9572, 22.0514], [102.955, 22.0558], [102.9472, 22.059], [102.944, 22.0661], [102.9364, 22.0682], [102.93, 22.0686], [102.9283, 22.0767], [102.9347, 22.0841], [102.9346, 22.0929], [102.9331, 22.0953], [102.9319, 22.1036], [102.9246, 22.1065], [102.9255, 22.0917], [102.9218, 22.0904], [102.9132, 22.0912], [102.9106, 22.0873], [102.9058, 22.0867], [102.901, 22.079], [102.897, 22.0761], [102.888, 22.0754], [102.8793, 22.0802], [102.868, 22.0779], [102.865, 22.0736], [102.8619, 22.0612], [102.8577, 22.0608], [102.855, 22.0656], [102.8405, 22.0659], [102.8283, 22.0637], [102.8201, 22.0652], [102.8147, 22.0696], [102.7998, 22.0777], [102.7918, 22.0809], [102.7896, 22.0833], [102.7813, 22.0859], [102.7778, 22.0885], [102.7759, 22.0935], [102.7808, 22.099], [102.7766, 22.1037], [102.7678, 22.1172], [102.7624, 22.1164], [102.7574, 22.1204], [102.756, 22.1246], [102.7483, 22.1294], [102.7436, 22.1309], [102.7411, 22.1423], [102.7393, 22.1466], [102.7408, 22.1517], [102.737, 22.1639], [102.7388, 22.1724], [102.7469, 22.177], [102.7479, 22.1873], [102.7511, 22.1936], [102.7496, 22.1988], [102.7517, 22.2038], [102.7469, 22.2188], [102.7407, 22.2228], [102.7393, 22.2283], [102.735, 22.2301], [102.7343, 22.2335], [102.7286, 22.2354], [102.7291, 22.2382], [102.721, 22.238], [102.7142, 22.2411], [102.7107, 22.2381], [102.7051, 22.2435], [102.698, 22.2464], [102.6954, 22.2452], [102.6815, 22.2563], [102.6765, 22.2619], [102.6684, 22.2564], [102.6625, 22.2536], [102.6688, 22.2509], [102.6697, 22.2487], [102.6803, 22.2423], [102.6875, 22.2366], [102.6869, 22.2305], [102.6894, 22.225], [102.695, 22.2198], [102.695, 22.2149], [102.6979, 22.209], [102.6944, 22.1971], [102.6882, 22.1927], [102.6865, 22.1821], [102.6824, 22.1788], [102.681, 22.1735], [102.6771, 22.169], [102.6697, 22.1682], [102.6685, 22.1704], [102.661, 22.175], [102.6541, 22.176], [102.6465, 22.1747], [102.6401, 22.1771], [102.6373, 22.1815], [102.6369, 22.1872], [102.6293, 22.1877], [102.6221, 22.1982], [102.6172, 22.2031], [102.619, 22.2078], [102.6165, 22.2224], [102.6211, 22.2277], [102.6186, 22.2358], [102.6157, 22.2358], [102.611, 22.2393], [102.6047, 22.2394], [102.601, 22.2438], [102.5948, 22.2462], [102.5934, 22.2491], [102.5873, 22.2521], [102.5793, 22.2606], [102.5636, 22.2601], [102.5593, 22.254], [102.559, 22.2502], [102.5538, 22.2435], [102.5444, 22.2425], [102.5341, 22.246], [102.5306, 22.2495], [102.5247, 22.2525], [102.5202, 22.2574], [102.5147, 22.261], [102.5125, 22.2688], [102.5099, 22.2724], [102.5094, 22.2793], [102.5028, 22.2883], [102.4979, 22.2926], [102.4951, 22.2927], [102.4903, 22.2978], [102.4911, 22.3027], [102.4849, 22.3075], [102.4821, 22.3134], [102.4748, 22.3206], [102.4736, 22.3278], [102.4701, 22.3289], [102.4675, 22.3347], [102.4562, 22.3427], [102.4572, 22.3501], [102.4533, 22.353], [102.4492, 22.3612], [102.4416, 22.3666], [102.4363, 22.3659], [102.4326, 22.3692], [102.4265, 22.3711], [102.4248, 22.3762], [102.4245, 22.3825], [102.418, 22.389], [102.4105, 22.3884], [102.3995, 22.402], [102.3954, 22.4007], [102.3877, 22.412], [102.3945, 22.4188], [102.3981, 22.4186], [102.3966, 22.4254], [102.3965, 22.4335], [102.3912, 22.44], [102.3912, 22.4451], [102.3936, 22.4496], [102.3922, 22.4576], [102.3868, 22.4675], [102.3819, 22.4703], [102.3709, 22.472], [102.361, 22.4771], [102.3586, 22.4882], [102.3569, 22.4904], [102.3474, 22.4895], [102.3491, 22.4982], [102.347, 22.5004], [102.3485, 22.5045], [102.345, 22.5055], [102.344, 22.5111], [102.3389, 22.5176], [102.3378, 22.5225], [102.3398, 22.5273], [102.329, 22.5363], [102.324, 22.5464], [102.3218, 22.5473]]]}, "properties": {"province_id": "dien_bien", "name": "Điện Biên", "population": 673091, "area_km2": 9539.2}}, {"type": "Feature", "geometry": {"type": "Polygon", "coordinates": [[[106.4236, 11.4952], [106.4296, 11.4971], [106.4316, 11.4997], [106.4362, 11.5006], [106.4434, 11.4985], [106.4489, 11.4996], [106.4543, 11.4978], [106.465, 11.4987], [106.4702, 11.4964], [106.4771, 11.4959], [106.4819, 11.4993], [106.4847, 11.4979], [106.4887, 11.4996], [106.4975, 11.4956], [106.5056, 11.488], [106.5083, 11.4882], [106.514, 11.4826], [106.5216, 11.4818], [106.529, 11.4752], [106.5374, 11.4704], [106.5401, 11.4676], [106.5456, 11.4682], [106.5543, 11.4783], [106.5564, 11.4849], [106.5732, 11.4566], [106.5725, 11.4536], [106.5646, 11.4448], [106.5579, 11.4395], [106.5555, 11.4402], [106.5459, 11.4335], [106.5422, 11.4233], [106.5469, 11.4155], [106.5479, 11.4033], [106.5459, 11.4008], [106.5445, 11.3933], [106.5393, 11.3878], [106.5468, 11.3832], [106.5531, 11.3731], [106.5576, 11.3708], [106.5631, 11.3706], [106.5703, 11.3735], [106.5761, 11.3786], [106.5849, 11.38], [106.5881, 11.3817], [106.592, 11.3807], [106.5995, 11.3864], [106.6132, 11.3874], [106.6134, 11.3762], [106.6161, 11.3633], [106.6256, 11.36], [106.6329, 11.3588], [106.6439, 11.36], [106.6514, 11.3597], [106.6661, 11.354], [106.6713, 11.3537], [106.6772, 11.3627], [106.6768, 11.3652], [106.679, 11.3755], [106.6759, 11.3817], [106.6793, 11.3851], [106.6743, 11.4011], [106.6784, 11.4023], [106.6865, 11.3955], [106.6927, 11.4016], [106.6968, 11.403], [106.7009, 11.3982], [106.7047, 11.3971], [106.7103, 11.4007], [106.7088, 11.4045], [106.7108, 11.4077], [106.717, 11.4126], [106.7189, 11.4155], [106.7176, 11.4213], [106.7195, 11.423], [106.7261, 11.4238], [106.726, 11.4307], [106.7291, 11.4327], [106.7365, 11.4317], [106.741, 11.4332], [106.7421, 11.4409], [106.7534, 11.4466], [106.7566, 11.4531], [106.753, 11.4558], [106.7525, 11.4623], [106.7501, 11.4679], [106.7539, 11.4766], [106.7587, 11.4775], [106.7681, 11.4824], [106.7753, 11.4827], [106.784, 11.4886], [106.7909, 11.492], [106.7964, 11.4914], [106.8004, 11.4867], [106.8031, 11.4812], [106.8028, 11.473], [106.8079, 11.4613], [106.8063, 11.4581], [106.8053, 11.4504], [106.7997, 11.4461], [106.7908, 11.4351], [106.7832, 11.4289], [106.7794, 11.427], [106.7696, 11.4261], [106.7693, 11.4081], [106.7736, 11.399], [106.786, 11.3989], [106.7852, 11.38], [106.7976, 11.3793], [106.8024, 11.3804], [106.811, 11.376], [106.8137, 11.3762], [106.8252, 11.3832], [106.8268, 11.3805], [106.8343, 11.3805], [106.8418, 11.3749], [106.8546, 11.3767], [106.8573, 11.3732], [106.8556, 11.3695], [106.8585, 11.3608], [106.8558, 11.3533], [106.858, 11.3503], [106.8568, 11.3459], [106.8614, 11.3445], [106.8631, 11.3384], [106.8584, 11.3351], [106.8554, 11.3289], [106.8556, 11.3222], [106.859, 11.3152], [106.87, 11.31], [106.8746, 11.3093], [106.8723, 11.3174], [106.8698, 11.3204], [106.8716, 11.326], [106.8801, 11.334], [106.885, 11.3404], [106.8879, 11.3411], [106.9003, 11.3406], [106.904, 11.3441], [106.9036, 11.3475], [106.9081, 11.3536], [106.9177, 11.3561], [106.9207, 11.3535], [106.9298, 11.3553], [106.9398, 11.3515], [106.9447, 11.3469], [106.9511, 11.3375], [106.9529, 11.3286], [106.9512, 11.3217], [106.9474, 11.3181], [106.943, 11.3168], [106.9394, 11.3125], [106.9372, 11.3056], [106.94, 11.3031], [106.9392, 11.2922], [106.9345, 11.2851], [106.9332, 11.2788], [106.9256, 11.2671], [106.9272, 11.2606], [106.9282, 11.2487], [106.9236, 11.2418], [106.9169, 11.2427], [106.9107, 11.2412], [106.9152, 11.2302], [106.9149, 11.2256], [106.9183, 11.221], [106.9152, 11.2143], [106.9116, 11.2141], [106.9074, 11.211], [106.9023, 11.2108], [106.9021, 11.2069], [106.9071, 11.2033], [106.9077, 11.1998], [106.9056, 11.1943], [106.9083, 11.1919], [106.9139, 11.1933], [106.9209, 11.1922], [106.9218, 11.188], [106.927, 11.1895], [106.9333, 11.1891], [106.9397, 11.1789], [106.9455, 11.177], [106.9457, 11.1743], [106.9414, 11.1677], [106.9482, 11.1661], [106.9536, 11.1635], [106.9554, 11.1596], [106.9559, 11.1527], [106.9646, 11.1497], [106.9668, 11.1449], [106.9653, 11.1427], [106.9558, 11.1421], [106.9544, 11.1385], [106.9569, 11.1363], [106.9539, 11.1308], [106.9577, 11.1213], [106.9626, 11.1167], [106.9652, 11.1122], [106.9652, 11.1081], [106.9574, 11.1063], [106.959, 11.1001], [106.9525, 11.0973], [106.9472, 11.0899], [106.9469, 11.0836], [106.945, 11.0795], [106.946, 11.0764], [106.9507, 11.0742], [106.9525, 11.071], [106.9495, 11.0678], [106.948, 11.0598], [106.9458, 11.0574], [106.9408, 11.0574], [106.9372, 11.0632], [106.9325, 11.0645], [106.9222, 11.0542], [106.9225, 11.0467], [106.9148, 11.0432], [106.9119, 11.0375], [106.9115, 11.0276], [106.9096, 11.0234], [106.9067, 11.0219], [106.8987, 11.0269], [106.8907, 11.0269], [106.8727, 11.0198], [106.8666, 11.0235], [106.8591, 11.0321], [106.8453, 11.0362], [106.8396, 11.0403], [106.8287, 11.0636], [106.8214, 11.0651], [106.8019, 11.0596], [106.7986, 11.0565], [106.8004, 11.0522], [106.8079, 11.0471], [106.8107, 11.0431], [106.8131, 11.0325], [106.808, 11.0261], [106.7946, 11.0236], [106.7846, 11.0177], [106.7817, 11.0114], [106.7763, 11.0082], [106.7745, 11.0053], [106.7762, 10.9983], [106.7816, 10.987], [106.7965, 10.974], [106.795, 10.9705], [106.786, 10.9675], [106.7783, 10.9624], [106.7758, 10.9593], [106.77, 10.9651], [106.762, 10.9633], [106.7649, 10.9597], [106.7627, 10.9533], [106.769, 10.9518], [106.7708, 10.9428], [106.7793, 10.9371], [106.7827, 10.9373], [106.7839, 10.933], [106.7906, 10.9322], [106.7941, 10.9237], [106.8008, 10.9199], [106.8065, 10.9207], [106.8121, 10.9176], [106.8115, 10.9152], [106.8151, 10.9103], [106.8162, 10.9036], [106.8239, 10.9029], [106.8312, 10.9065], [106.8383, 10.9033], [106.843, 10.8913], [106.8437, 10.8838], [106.8511, 10.8763], [106.8505, 10.8724], [106.8467, 10.8655], [106.8496, 10.8562], [106.8567, 10.8427], [106.8801, 10.8169], [106.8819, 10.8085], [106.8782, 10.8005], [106.8665, 10.7908], [106.8647, 10.7859], [106.8661, 10.7828], [106.8733, 10.7765], [106.874, 10.7681], [106.8691, 10.7646], [106.865, 10.7645], [106.8597, 10.7682], [106.8546, 10.7736], [106.8482, 10.7754], [106.8432, 10.7746], [106.8379, 10.7715], [106.8317, 10.7648], [106.8289, 10.7605], [106.8236, 10.7603], [106.8236, 10.7666], [106.8258, 10.7719], [106.8248, 10.7786], [106.822, 10.7808], [106.8164, 10.7799], [106.8056, 10.7701], [106.8033, 10.7625], [106.799, 10.7589], [106.7762, 10.7487], [106.7677, 10.7419], [106.7538, 10.7248], [106.752, 10.7211], [106.7509, 10.7135], [106.7519, 10.705], [106.7575, 10.6938], [106.771, 10.6801], [106.7727, 10.6763], [106.7828, 10.6731], [106.7922, 10.6673], [106.7972, 10.6622], [106.8071, 10.6575], [106.809, 10.655], [106.814, 10.6405], [106.8239, 10.629], [106.8266, 10.6278], [106.8376, 10.627], [106.8404, 10.6356], [106.8436, 10.6384], [106.8512, 10.6398], [106.8585, 10.6367], [106.8637, 10.6414], [106.869, 10.6427], [106.8727, 10.6479], [106.8816, 10.648], [106.8847, 10.6408], [106.8901, 10.6368], [106.8934, 10.6317], [106.8984, 10.6293], [106.9034, 10.6248], [106.9098, 10.6098], [106.9142, 10.6076], [106.9211, 10.6098], [106.9272, 10.6031], [106.9333, 10.6017], [106.9406, 10.597], [106.9471, 10.5972], [106.9563, 10.594], [106.9597, 10.5938], [106.9693, 10.5887], [106.9738, 10.5831], [106.9839, 10.5794], [106.9871, 10.589], [106.986, 10.5955], [106.9907, 10.601], [106.9913, 10.6054], [106.9963, 10.6055], [106.9984, 10.6077], [107.0067, 10.61], [107.0079, 10.6133], [107.0015, 10.6179], [106.9973, 10.6236], [106.9963, 10.63], [106.9992, 10.6347], [107.0034, 10.637], [107.0085, 10.6371], [107.0126, 10.6325], [107.0174, 10.6334], [107.0132, 10.6434], [107.0188, 10.6454], [107.0284, 10.6504], [107.0444, 10.6575], [107.0551, 10.6581], [107.0643, 10.6569], [107.0666, 10.6535], [107.0744, 10.6537], [107.0936, 10.653], [107.0966, 10.6521], [107.1008, 10.6592], [107.101, 10.6631], [107.1069, 10.6651], [107.1102, 10.669], [107.1172, 10.6708], [107.1214, 10.6734], [107.1235, 10.6798], [107.1263, 10.6823], [107.1338, 10.6851], [107.1341, 10.6948], [107.1367, 10.7004], [107.1374, 10.7076], [107.1397, 10.7104], [107.1392, 10.7278], [107.1436, 10.7237], [107.1442, 10.7326], [107.1389, 10.7325], [107.139, 10.7415], [107.1434, 10.7452], [107.1544, 10.7442], [107.1588, 10.7483], [107.1637, 10.7498], [107.1663, 10.7535], [107.1695, 10.7537], [107.1717, 10.758], [107.1792, 10.7622], [107.1808, 10.7671], [107.1893, 10.772], [107.199, 10.772], [107.2068, 10.7746], [107.2065, 10.7581], [107.211, 10.7585], [107.2109, 10.7526], [107.2149, 10.7528], [107.2163, 10.7573], [107.2212, 10.757], [107.2313, 10.7642], [107.2368, 10.7607], [107.2387, 10.7618], [107.2439, 10.7564], [107.2934, 10.7554], [107.3005, 10.755], [107.2995, 10.7505], [107.3042, 10.7493], [107.3017, 10.7455], [107.3038, 10.7303], [107.3038, 10.7255], [107.3009, 10.7207], [107.3013, 10.7178], [107.3053, 10.7131], [107.3011, 10.7078], [107.3008, 10.7018], [107.3071, 10.6962], [107.3077, 10.6936], [107.3036, 10.6911], [107.3047, 10.6885], [107.2994, 10.6863], [107.3, 10.6834], [107.3101, 10.6757], [107.311, 10.6728], [107.3162, 10.669], [107.3214, 10.6698], [107.3229, 10.6721], [107.3317, 10.6774], [107.3405, 10.6773], [107.3459, 10.6758], [107.3501, 10.6783], [107.3518, 10.6849], [107.3499, 10.6919], [107.3538, 10.6964], [107.3526, 10.7011], [107.3483, 10.705], [107.3513, 10.7106], [107.356, 10.7127], [107.3585, 10.716], [107.361, 10.7282], [107.3718, 10.732], [107.3763, 10.7375], [107.3829, 10.7507], [107.3858, 10.7535], [107.3916, 10.7555], [107.3944, 10.763], [107.3972, 10.7629], [107.4005, 10.7674], [107.4057, 10.7704], [107.4098, 10.7746], [107.4164, 10.7725], [107.4202, 10.7743], [107.426, 10.7845], [107.426, 10.7867], [107.4357, 10.793], [107.4382, 10.8002], [107.4444, 10.8043], [107.4536, 10.803], [107.4582, 10.7961], [107.4579, 10.7914], [107.4661, 10.7919], [107.4709, 10.7935], [107.4739, 10.7916], [107.4756, 10.7839], [107.4831, 10.7709], [107.4863, 10.7687], [107.4962, 10.7674], [107.505, 10.7714], [107.522, 10.7735], [107.5397, 10.7839], [107.5452, 10.7889], [107.5545, 10.7934], [107.5615, 10.7998], [107.5702, 10.811], [107.5727, 10.817], [107.5771, 10.8327], [107.5765, 10.8384], [107.5735, 10.8472], [107.5597, 10.8674], [107.5605, 10.9074], [107.5602, 10.9366], [107.5427, 10.9783], [107.537, 10.9776], [107.5353, 10.9852], [107.5315, 10.9916], [107.5273, 10.9959], [107.518, 11.0007], [107.5092, 11.007], [107.506, 11.0137], [107.5008, 11.0152], [107.4957, 11.0143], [107.4874, 11.0091], [107.4743, 11.0067], [107.4688, 11.0105], [107.4652, 11.0158], [107.4565, 11.0167], [107.4491, 11.0214], [107.4473, 11.0284], [107.4427, 11.0306], [107.4282, 11.0333], [107.4266, 11.0366], [107.4207, 11.0371], [107.4183, 11.0423], [107.4126, 11.0418], [107.4126, 11.0456], [107.4061, 11.0428], [107.4051, 11.0459], [107.3987, 11.0503], [107.4007, 11.0539], [107.4094, 11.0506], [107.4151, 11.0501], [107.4184, 11.0565], [107.4246, 11.0617], [107.4262, 11.0675], [107.4228, 11.0737], [107.4245, 11.0779], [107.4276, 11.0777], [107.432, 11.0825], [107.4318, 11.0878], [107.4389, 11.088], [107.4462, 11.0915], [107.4493, 11.0994], [107.4487, 11.1026], [107.4514, 11.1091], [107.454, 11.1109], [107.4504, 11.1157], [107.4508, 11.1181], [107.4439, 11.1252], [107.4396, 11.1253], [107.4357, 11.1304], [107.4347, 11.1365], [107.4382, 11.1392], [107.4429, 11.1396], [107.4454, 11.1461], [107.4563, 11.1495], [107.4581, 11.153], [107.4548, 11.1599], [107.4575, 11.1613], [107.4621, 11.1683], [107.4601, 11.1716], [107.4609, 11.1769], [107.4665, 11.1802], [107.4692, 11.1781], [107.4715, 11.1855], [107.4709, 11.1923], [107.4761, 11.1954], [107.4733, 11.1992], [107.4741, 11.2021], [107.4826, 11.2008], [107.4842, 11.2051], [107.479, 11.2082], [107.4882, 11.2161], [107.4851, 11.2213], [107.4893, 11.2249], [107.4983, 11.2272], [107.4994, 11.2302], [107.4958, 11.2375], [107.497, 11.2426], [107.5008, 11.2421], [107.5014, 11.2364], [107.5084, 11.2381], [107.5095, 11.2439], [107.5146, 11.245], [107.5163, 11.2508], [107.5242, 11.2518], [107.5233, 11.2731], [107.5184, 11.2841], [107.5198, 11.2887], [107.5236, 11.294], [107.5241, 11.2995], [107.5187, 11.3057], [107.5176, 11.3095], [107.5193, 11.3139], [107.5238, 11.3159], [107.5254, 11.3189], [107.5297, 11.3193], [107.5351, 11.3247], [107.5356, 11.3332], [107.5413, 11.3412], [107.5434, 11.3599], [107.5345, 11.3556], [107.5261, 11.3658], [107.5248, 11.3706], [107.5189, 11.3707], [107.513, 11.3846], [107.5058, 11.3833], [107.5011, 11.3841], [107.4971, 11.3869], [107.4973, 11.3948], [107.4957, 11.3965], [107.4876, 11.3963], [107.4854, 11.4055], [107.4887, 11.4233], [107.4878, 11.4273], [107.4843, 11.4305], [107.4791, 11.4309], [107.4749, 11.4363], [107.4655, 11.4343], [107.4608, 11.4314], [107.4542, 11.4321], [107.4521, 11.4246], [107.4537, 11.4201], [107.4435, 11.4201], [107.4462, 11.4295], [107.4417, 11.4319], [107.4372, 11.4308], [107.4304, 11.4249], [107.431, 11.434], [107.429, 11.4369], [107.4306, 11.4405], [107.4371, 11.4429], [107.4408, 11.4463], [107.4458, 11.4475], [107.4509, 11.4586], [107.4621, 11.463], [107.461, 11.472], [107.4665, 11.4776], [107.4671, 11.4822], [107.4619, 11.4893], [107.4549, 11.4924], [107.4529, 11.502], [107.4484, 11.5044], [107.4412, 11.5109], [107.4329, 11.5155], [107.4304, 11.519], [107.4262, 11.5173], [107.4202, 11.5111], [107.4137, 11.5163], [107.4112, 11.5211], [107.4097, 11.5284], [107.4017, 11.5297], [107.3983, 11.5268], [107.3928, 11.5272], [107.3861, 11.5254], [107.3854, 11.5206], [107.3802, 11.5196], [107.3725, 11.5149], [107.367, 11.5179], [107.3761, 11.5239], [107.3754, 11.533], [107.3784, 11.5398], [107.3785, 11.544], [107.3746, 11.5506], [107.3696, 11.5487], [107.3643, 11.5537], [107.3605, 11.5549], [107.3663, 11.5616], [107.3625, 11.5652], [107.3611, 11.5695], [107.3664, 11.5732], [107.3631, 11.5765], [107.3604, 11.582], [107.3575, 11.5801], [107.3579, 11.5745], [107.3561, 11.5695], [107.3566, 11.559], [107.3542, 11.5555], [107.3496, 11.5549], [107.347, 11.5521], [107.3466, 11.5443], [107.3385, 11.5441], [107.3327, 11.5541], [107.3274, 11.5547], [107.3117, 11.5536], [107.31, 11.5552], [107.3017, 11.5706], [107.3052, 11.5718], [107.3107, 11.5687], [107.312, 11.5716], [107.3007, 11.5774], [107.2973, 11.5858], [107.3066, 11.5986], [107.3008, 11.606], [107.3044, 11.6175], [107.2878, 11.6309], [107.2777, 11.6348], [107.2726, 11.6358], [107.2687, 11.6414], [107.2728, 11.6511], [107.2665, 11.657], [107.2666, 11.6623], [107.2724, 11.6705], [107.2785, 11.682], [107.2845, 11.6855], [107.2849, 11.6875], [107.2788, 11.6931], [107.2839, 11.6983], [107.2857, 11.7139], [107.2854, 11.7241], [107.2897, 11.7298], [107.297, 11.73], [107.3011, 11.7394], [107.3152, 11.7404], [107.32, 11.7434], [107.3253, 11.7491], [107.3357, 11.7479], [107.3438, 11.7511], [107.3475, 11.7506], [107.353, 11.7527], [107.3566, 11.7571], [107.3565, 11.762], [107.3626, 11.7611], [107.3645, 11.7652], [107.3719, 11.7702], [107.3868, 11.773], [107.3912, 11.7666], [107.3958, 11.7707], [107.3973, 11.7768], [107.3971, 11.7854], [107.3929, 11.7889], [107.3931, 11.7949], [107.4005, 11.7981], [107.4096, 11.8069], [107.4074, 11.8084], [107.4046, 11.815], [107.4085, 11.8236], [107.4136, 11.8268], [107.414, 11.8333], [107.4217, 11.8448], [107.427, 11.8445], [107.4263, 11.8571], [107.4237, 11.8623], [107.4186, 11.8654], [107.4126, 11.8641], [107.4054, 11.8685], [107.406, 11.8753], [107.4005, 11.8838], [107.4012, 11.8897], [107.3949, 11.8964], [107.3861, 11.9121], [107.3865, 11.9158], [107.3813, 11.9227], [107.3753, 11.9235], [107.3744, 11.9264], [107.3695, 11.928], [107.3687, 11.932], [107.3595, 11.9343], [107.3543, 11.9419], [107.3569, 11.9522], [107.3545, 11.9523], [107.3536, 11.9588], [107.3443, 11.975], [107.3439, 11.9785], [107.332, 11.9946], [107.3243, 11.9998], [107.3223, 12.0047], [107.3178, 12.005], [107.3141, 12.0081], [107.3096, 12.0057], [107.3057, 12.0068], [107.3029, 12.0104], [107.2986, 12.0091], [107.2946, 12.0124], [107.296, 12.0159], [107.2909, 12.0189], [107.2892, 12.0157], [107.2837, 12.0181], [107.2796, 12.0129], [107.2731, 12.0146], [107.2697, 12.014], [107.2659, 12.0174], [107.2621, 12.0176], [107.2523, 12.021], [107.2468, 12.027], [107.2426, 12.0265], [107.2455, 12.0348], [107.2368, 12.037], [107.2323, 12.0296], [107.2321, 12.0412], [107.2342, 12.0443], [107.2316, 12.0525], [107.233, 12.0612], [107.2303, 12.0755], [107.2294, 12.0862], [107.2331, 12.09], [107.2318, 12.0988], [107.2364, 12.1043], [107.2401, 12.1144], [107.2283, 12.1156], [107.2267, 12.123], [107.2217, 12.1259], [107.2295, 12.1351], [107.2241, 12.181], [107.221, 12.2025], [107.2063, 12.2955], [107.2017, 12.2981], [107.199, 12.2958], [107.1913, 12.2954], [107.1909, 12.2922], [107.1857, 12.2907], [107.1832, 12.2834], [107.1796, 12.2858], [107.1759, 12.2808], [107.1698, 12.2803], [107.1679, 12.278], [107.1595, 12.2794], [107.155, 12.2757], [107.1516, 12.2758], [107.1525, 12.2675], [107.1494, 12.2669], [107.1466, 12.2627], [107.1485, 12.26], [107.1459, 12.2531], [107.1393, 12.248], [107.1411, 12.2456], [107.1357, 12.2378], [107.1401, 12.233], [107.1296, 12.2243], [107.126, 12.2276], [107.1205, 12.2204], [107.115, 12.2165], [107.1106, 12.2194], [107.1099, 12.2148], [107.1051, 12.2092], [107.1005, 12.2064], [107.1021, 12.2026], [107.0966, 12.1987], [107.0981, 12.1914], [107.0928, 12.1816], [107.0888, 12.1827], [107.0871, 12.1868], [107.0814, 12.1849], [107.0757, 12.1888], [107.0722, 12.1818], [107.074, 12.1797], [107.0757, 12.1719], [107.0805, 12.1696], [107.0794, 12.164], [107.0734, 12.1638], [107.0697, 12.1595], [107.0666, 12.1615], [107.0588, 12.1602], [107.0589, 12.1541], [107.0524, 12.1476], [107.0548, 12.1422], [107.0503, 12.1427], [107.0484, 12.1373], [107.0445, 12.1315], [107.0372, 12.1314], [107.034, 12.1268], [107.0294, 12.1259], [107.0258, 12.1207], [107.0225, 12.1272], [107.0197, 12.1234], [107.0212, 12.1196], [107.016, 12.1185], [107.0121, 12.1199], [107.0083, 12.115], [107.0129, 12.1119], [107.0118, 12.1087], [107.0019, 12.1052], [107.0085, 12.1028], [107.0023, 12.0996], [107, 12.0949], [106.9958, 12.0963], [106.9913, 12.0928], [106.9749, 12.0851], [106.965, 12.0822], [106.9635, 12.0773], [106.9486, 12.0728], [106.945, 12.0673], [106.9382, 12.0686], [106.9357, 12.0665], [106.9272, 12.0654], [106.9212, 12.0628], [106.9156, 12.0625], [106.9108, 12.0679], [106.9048, 12.0684], [106.8967, 12.0673], [106.8941, 12.0698], [106.8861, 12.0737], [106.8817, 12.0727], [106.8702, 12.0735], [106.8554, 12.066], [106.8471, 12.0733], [106.8431, 12.0743], [106.8382, 12.0727], [106.8262, 12.0816], [106.8153, 12.0832], [106.8114, 12.079], [106.8081, 12.081], [106.8051, 12.0795], [106.7977, 12.0824], [106.7922, 12.082], [106.7865, 12.0763], [106.7863, 12.0734], [106.7817, 12.0705], [106.7806, 12.0656], [106.7772, 12.0594], [106.7717, 12.0566], [106.7718, 12.0527], [106.7672, 12.0442], [106.7629, 12.0415], [106.7622, 12.0343], [106.7564, 12.0292], [106.756, 12.025], [106.7482, 12.0188], [106.7488, 12.0119], [106.7452, 12.0006], [106.7412, 12.0018], [106.7404, 11.9967], [106.7353, 11.991], [106.7325, 11.9855], [106.7284, 11.9837], [106.7255, 11.9801], [106.725, 11.9755], [106.7191, 11.9696], [106.7178, 11.9731], [106.7102, 11.9678], [106.7054, 11.9672], [106.699, 11.9686], [106.6953, 11.9641], [106.6907, 11.9633], [106.6839, 11.9644], [106.6767, 11.9724], [106.6757, 11.9798], [106.6714, 11.9767], [106.6627, 11.9835], [106.6604, 11.9868], [106.6566, 11.9875], [106.6493, 11.9788], [106.6538, 11.9711], [106.6588, 11.9688], [106.6578, 11.9637], [106.6452, 11.9652], [106.6383, 11.9732], [106.6318, 11.9609], [106.6294, 11.966], [106.6312, 11.9689], [106.6281, 11.9747], [106.6157, 11.9746], [106.5898, 11.973], [106.5567, 11.9696], [106.5311, 11.9684], [106.5313, 11.9747], [106.5236, 11.9798], [106.5105, 11.9805], [106.5082, 11.9763], [106.493, 11.9691], [106.4888, 11.9695], [106.4831, 11.9729], [106.4787, 11.9718], [106.4687, 11.9738], [106.4623, 11.9848], [106.4562, 11.9879], [106.4442, 11.9868], [106.4379, 11.9831], [106.4368, 11.9799], [106.4332, 11.979], [106.4334, 11.9733], [106.424, 11.971], [106.4193, 11.9727], [106.4134, 11.9728], [106.4153, 11.9674], [106.4289, 11.9432], [106.4419, 11.919], [106.456, 11.8898], [106.4662, 11.8701], [106.4655, 11.8672], [106.4611, 11.8647], [106.4547, 11.8663], [106.45, 11.8648], [106.4462, 11.8666], [106.4457, 11.8593], [106.4408, 11.8585], [106.4382, 11.8517], [106.441, 11.848], [106.4382, 11.8391], [106.4441, 11.8333], [106.4481, 11.8272], [106.4464, 11.8215], [106.4406, 11.8173], [106.4402, 11.8138], [106.4362, 11.8084], [106.4342, 11.7998], [106.4275, 11.7931], [106.4266, 11.7879], [106.4196, 11.7772], [106.4165, 11.774], [106.4165, 11.76], [106.4196, 11.7579], [106.4195, 11.7513], [106.4221, 11.7451], [106.422, 11.7387], [106.4274, 11.7326], [106.4271, 11.7277], [106.4348, 11.7187], [106.4336, 11.715], [106.4387, 11.7101], [106.4377, 11.7061], [106.4533, 11.6907], [106.4528, 11.6725], [106.4517, 11.6712], [106.4521, 11.663], [106.4554, 11.6581], [106.4535, 11.6535], [106.46, 11.6496], [106.4588, 11.6447], [106.4644, 11.6398], [106.462, 11.6343], [106.4661, 11.6325], [106.4666, 11.6197], [106.4697, 11.6138], [106.4757, 11.6128], [106.4768, 11.6103], [106.4866, 11.603], [106.4831, 11.5948], [106.4858, 11.5912], [106.4873, 11.5842], [106.4893, 11.5834], [106.4905, 11.5705], [106.4861, 11.5621], [106.4827, 11.5603], [106.4805, 11.5552], [106.4807, 11.5507], [106.4786, 11.5472], [106.475, 11.549], [106.4707, 11.5472], [106.4658, 11.5427], [106.4609, 11.546], [106.4555, 11.5415], [106.4487, 11.5438], [106.4467, 11.5472], [106.4408, 11.5463], [106.4361, 11.542], [106.4342, 11.5363], [106.43, 11.5359], [106.4269, 11.5327], [106.4292, 11.5233], [106.428, 11.5124], [106.4225, 11.5064], [106.4236, 11.4952]]]}, "properties": {"province_id": "dong_nai", "name": "Đồng Nai", "population": 4491408, "area_km2": 12737.4}}, {"type": "Feature", "geometry": {"type": "MultiPolygon", "coordinates": [[[[105.4954, 10.3253], [105.5127, 10.308], [105.5336, 10.2976], [105.5421, 10.2927], [105.5645, 10.274], [105.5895, 10.2493], [105.6046, 10.233], [105.6111, 10.2236], [105.6165, 10.2137], [105.6197, 10.2046], [105.6249, 10.1864], [105.637, 10.1749], [105.6463, 10.1668], [105.6569, 10.1513], [105.6641, 10.1458], [105.6823, 10.1345], [105.6869, 10.1391], [105.6854, 10.1435], [105.7278, 10.2047], [105.7477, 10.1969], [105.7587, 10.183], [105.7658, 10.1793], [105.7752, 10.1886], [105.8011, 10.1555], [105.8155, 10.1528], [105.8185, 10.1495], [105.8491, 10.1502], [105.8516, 10.1601], [105.8664, 10.154], [105.8705, 10.1545], [105.8743, 10.1663], [105.8702, 10.1687], [105.8763, 10.1818], [105.8762, 10.1892], [105.8887, 10.188], [105.8952, 10.1855], [105.8996, 10.1918], [105.9132, 10.1924], [105.9197, 10.2113], [105.9158, 10.218], [105.9128, 10.2257], [105.9012, 10.2342], [105.9019, 10.245], [105.8903, 10.2443], [105.8867, 10.2516], [105.8773, 10.2643], [105.8825, 10.2655], [105.8876, 10.2695], [105.8935, 10.2759], [105.8991, 10.274], [105.9041, 10.2751], [105.9269, 10.2837], [105.9373, 10.295], [105.9568, 10.311], [105.9693, 10.3247], [105.9748, 10.3289], [105.983, 10.3311], [105.9877, 10.3313], [105.9949, 10.3289], [106.0117, 10.3163], [106.025, 10.3053], [106.0346, 10.2988], [106.0537, 10.2892], [106.0767, 10.2783], [106.0887, 10.2762], [106.0964, 10.2781], [106.1037, 10.2837], [106.1168, 10.2843], [106.1306, 10.2834], [106.1429, 10.2841], [106.148, 10.2857], [106.1635, 10.2928], [106.2032, 10.3133], [106.2215, 10.3176], [106.2491, 10.3205], [106.2591, 10.3226], [106.288, 10.3306], [106.3001, 10.3196], [106.3047, 10.3192], [106.3118, 10.3211], [106.3335, 10.3286], [106.342, 10.332], [106.3679, 10.3396], [106.3773, 10.3405], [106.3875, 10.3397], [106.3942, 10.338], [106.4025, 10.3342], [106.4148, 10.327], [106.4374, 10.3123], [106.4483, 10.3065], [106.4572, 10.3079], [106.4772, 10.3066], [106.4808, 10.3032], [106.4976, 10.2913], [106.5185, 10.2821], [106.5301, 10.2716], [106.5357, 10.2679], [106.5419, 10.2656], [106.5659, 10.2592], [106.5904, 10.2508], [106.6116, 10.2477], [106.6424, 10.2406], [106.6567, 10.241], [106.6658, 10.2396], [106.6778, 10.2366], [106.6912, 10.2309], [106.7035, 10.2199], [106.7093, 10.2123], [106.7464, 10.1935], [106.7543, 10.191], [106.7566, 10.2055], [106.7688, 10.2137], [106.777, 10.2179], [106.7802, 10.2208], [106.7809, 10.2255], [106.7765, 10.237], [106.7802, 10.2488], [106.7716, 10.2554], [106.7558, 10.2663], [106.7675, 10.2752], [106.7753, 10.2827], [106.7808, 10.2903], [106.7826, 10.2985], [106.7825, 10.3083], [106.7807, 10.311], [106.7816, 10.3167], [106.7814, 10.3287], [106.7829, 10.3587], [106.7827, 10.3756], [106.8225, 10.3774], [106.8151, 10.3913], [106.8044, 10.4036], [106.7813, 10.4295], [106.7777, 10.4331], [106.7631, 10.4524], [106.7569, 10.4626], [106.749, 10.4795], [106.7454, 10.4884], [106.744, 10.5], [106.7359, 10.4981], [106.7223, 10.4869], [106.7049, 10.4711], [106.7014, 10.4666], [106.6917, 10.4492], [106.6843, 10.441], [106.6797, 10.439], [106.6715, 10.4385], [106.6677, 10.4395], [106.6614, 10.4456], [106.6599, 10.451], [106.6607, 10.4667], [106.6586, 10.4771], [106.6554, 10.4813], [106.6509, 10.4837], [106.6445, 10.4832], [106.639, 10.4793], [106.6363, 10.4726], [106.6332, 10.4594], [106.6309, 10.4553], [106.6254, 10.4506], [106.6171, 10.448], [106.6054, 10.4411], [106.6012, 10.4377], [106.5853, 10.4358], [106.584, 10.4325], [106.5873, 10.4258], [106.5892, 10.4184], [106.5706, 10.4123], [106.5673, 10.4148], [106.5601, 10.4128], [106.5577, 10.4162], [106.5591, 10.423], [106.5575, 10.4251], [106.5489, 10.4248], [106.5473, 10.4288], [106.5444, 10.4288], [106.5373, 10.4206], [106.5325, 10.4299], [106.5289, 10.4333], [106.5242, 10.4308], [106.5182, 10.4243], [106.5097, 10.4276], [106.5084, 10.4227], [106.5046, 10.4229], [106.5013, 10.418], [106.4971, 10.4147], [106.4931, 10.414], [106.4864, 10.4086], [106.4851, 10.4031], [106.4815, 10.4043], [106.4803, 10.3969], [106.4727, 10.3987], [106.4682, 10.3964], [106.4645, 10.4002], [106.459, 10.3953], [106.4562, 10.3946], [106.454, 10.4003], [106.4488, 10.3984], [106.4489, 10.4044], [106.4546, 10.4007], [106.4594, 10.4041], [106.4536, 10.4118], [106.4492, 10.4112], [106.4463, 10.4136], [106.4405, 10.4151], [106.4394, 10.4117], [106.4319, 10.4149], [106.4278, 10.4098], [106.4263, 10.4144], [106.4203, 10.4224], [106.4212, 10.4276], [106.415, 10.4325], [106.4179, 10.4348], [106.4273, 10.4339], [106.4375, 10.4409], [106.4396, 10.4454], [106.4426, 10.4444], [106.4455, 10.4493], [106.4506, 10.4535], [106.4422, 10.4579], [106.4421, 10.466], [106.4344, 10.4686], [106.4298, 10.474], [106.4257, 10.4739], [106.424, 10.4785], [106.4174, 10.4819], [106.417, 10.4881], [106.4077, 10.492], [106.404, 10.4918], [106.4003, 10.4855], [106.396, 10.4857], [106.3928, 10.4773], [106.3892, 10.4764], [106.3744, 10.4861], [106.3705, 10.4877], [106.3744, 10.4942], [106.3687, 10.498], [106.3711, 10.5015], [106.3716, 10.5065], [106.3665, 10.5111], [106.3695, 10.518], [106.3612, 10.5236], [106.3559, 10.5225], [106.3478, 10.5304], [106.349, 10.5407], [106.3389, 10.5481], [106.3329, 10.5558], [106.3184, 10.5707], [106.3106, 10.5656], [106.2951, 10.5781], [106.286, 10.587], [106.2047, 10.5792], [106.1965, 10.5804], [106.1012, 10.5758], [106.1024, 10.5228], [106.086, 10.5237], [106.0354, 10.529], [105.9981, 10.5326], [105.91, 10.5386], [105.8967, 10.5561], [105.8682, 10.5925], [105.8512, 10.6161], [105.8347, 10.6383], [105.8238, 10.6447], [105.8095, 10.6516], [105.8079, 10.6536], [105.7806, 10.6587], [105.7547, 10.6829], [105.7042, 10.7302], [105.6256, 10.8034], [105.6211, 10.8079], [105.5959, 10.8306], [105.6127, 10.832], [105.5898, 10.8782], [105.5826, 10.8919], [105.5474, 10.9099], [105.5163, 10.9224], [105.5093, 10.9359], [105.4993, 10.953], [105.4951, 10.9486], [105.4831, 10.9523], [105.4834, 10.9576], [105.4785, 10.962], [105.4646, 10.9642], [105.4577, 10.9587], [105.4554, 10.9555], [105.4424, 10.96], [105.4393, 10.9661], [105.4364, 10.9674], [105.4334, 10.973], [105.4258, 10.9727], [105.4234, 10.9648], [105.419, 10.9587], [105.4177, 10.9544], [105.4106, 10.9435], [105.4059, 10.9336], [105.408, 10.9313], [105.3998, 10.9285], [105.3966, 10.9242], [105.3938, 10.9246], [105.3915, 10.9206], [105.3885, 10.9206], [105.3846, 10.9169], [105.3831, 10.9123], [105.3802, 10.9099], [105.3795, 10.9023], [105.3728, 10.9031], [105.3685, 10.8884], [105.365, 10.8867], [105.3602, 10.8871], [105.3604, 10.8821], [105.3532, 10.8788], [105.353, 10.8748], [105.3482, 10.8683], [105.3381, 10.8657], [105.3383, 10.8597], [105.3272, 10.8665], [105.3214, 10.8688], [105.2911, 10.8835], [105.2849, 10.8877], [105.2747, 10.8888], [105.265, 10.8961], [105.2402, 10.892], [105.2156, 10.8996], [105.1981, 10.9116], [105.189, 10.9118], [105.1854, 10.8969], [105.1854, 10.8832], [105.1863, 10.8747], [105.1903, 10.8551], [105.1942, 10.8471], [105.1993, 10.8453], [105.2095, 10.8495], [105.2195, 10.8266], [105.2318, 10.8085], [105.2371, 10.8048], [105.2546, 10.8024], [105.2613, 10.7999], [105.2622, 10.7949], [105.2611, 10.7894], [105.2582, 10.7831], [105.2596, 10.7745], [105.2641, 10.7691], [105.2691, 10.766], [105.2778, 10.7635], [105.2896, 10.7634], [105.2997, 10.7622], [105.3038, 10.7588], [105.3036, 10.7518], [105.3, 10.747], [105.2843, 10.7383], [105.2784, 10.7337], [105.2755, 10.7273], [105.2799, 10.722], [105.2867, 10.7188], [105.2947, 10.7166], [105.3057, 10.7168], [105.3214, 10.7212], [105.3342, 10.7233], [105.3425, 10.7219], [105.3468, 10.719], [105.3507, 10.7127], [105.3464, 10.6938], [105.3442, 10.6867], [105.339, 10.6773], [105.3379, 10.6686], [105.3392, 10.6536], [105.3413, 10.641], [105.3469, 10.6238], [105.3517, 10.6127], [105.3687, 10.5763], [105.3752, 10.5714], [105.3864, 10.5713], [105.3966, 10.5671], [105.4087, 10.5542], [105.413, 10.5512], [105.4188, 10.5497], [105.4391, 10.5526], [105.4458, 10.5528], [105.4684, 10.5403], [105.4787, 10.5355], [105.4823, 10.5357], [105.4884, 10.5423], [105.5014, 10.5459], [105.5099, 10.5452], [105.5132, 10.547], [105.532, 10.5378], [105.5442, 10.528], [105.5502, 10.5213], [105.5577, 10.5081], [105.5705, 10.4786], [105.5736, 10.4685], [105.5753, 10.4474], [105.5728, 10.4396], [105.574, 10.4287], [105.5668, 10.4292], [105.5548, 10.4343], [105.5489, 10.4296], [105.5494, 10.4244], [105.5468, 10.4201], [105.5514, 10.4192], [105.5521, 10.4164], [105.5448, 10.4128], [105.5406, 10.4135], [105.537, 10.4102], [105.5316, 10.4076], [105.5297, 10.4004], [105.5238, 10.3994], [105.5265, 10.3916], [105.5268, 10.3839], [105.529, 10.3782], [105.5265, 10.3732], [105.5215, 10.3705], [105.521, 10.3634], [105.5141, 10.3619], [105.5094, 10.3569], [105.4999, 10.3541], [105.4976, 10.3501], [105.4907, 10.3448], [105.4915, 10.3384], [105.4877, 10.3346], [105.4954, 10.3253]]], [[[106.7905, 10.2133], [106.7885, 10.2068], [106.7858, 10.2039], [106.79, 10.2012], [106.8006, 10.2067], [106.8009, 10.2098], [106.7958, 10.2185], [106.7893, 10.2243], [106.7844, 10.223], [106.789, 10.2182], [106.7905, 10.2133]]]]}, "properties": {"province_id": "dong_thap", "name": "Đồng Tháp", "population": 881384, "area_km2": 8310.2}}, {"type": "Feature", "geometry": {"type": "MultiPolygon", "coordinates": [[[[109.2336, 13.6698], [109.234, 13.6803], [109.2274, 13.6901], [109.2243, 13.7027], [109.2219, 13.7085], [109.2222, 13.7123], [109.2183, 13.7146], [109.2182, 13.727], [109.2194, 13.7365], [109.2146, 13.7452], [109.2193, 13.7565], [109.2288, 13.7656], [109.2369, 13.7702], [109.2425, 13.7715], [109.2498, 13.77], [109.2514, 13.7678], [109.2529, 13.7596], [109.2608, 13.7572], [109.2693, 13.7576], [109.2778, 13.7622], [109.2824, 13.7616], [109.2879, 13.7538], [109.2899, 13.7564], [109.2899, 13.7639], [109.2933, 13.7669], [109.2915, 13.7712], [109.2937, 13.773], [109.2942, 13.7805], [109.2892, 13.7908], [109.2894, 13.7949], [109.2857, 13.8015], [109.2864, 13.809], [109.2897, 13.817], [109.2984, 13.8242], [109.2995, 13.8292], [109.2964, 13.8364], [109.2987, 13.8423], [109.2932, 13.8487], [109.2925, 13.8527], [109.295, 13.8552], [109.2936, 13.8606], [109.2921, 13.8728], [109.2961, 13.878], [109.2964, 13.8847], [109.2911, 13.8889], [109.2871, 13.8865], [109.2797, 13.8884], [109.2693, 13.8975], [109.256, 13.9159], [109.2492, 13.9283], [109.2452, 13.9369], [109.2426, 13.9452], [109.2425, 13.955], [109.2495, 13.9595], [109.253, 13.9589], [109.2559, 13.9646], [109.2506, 13.9742], [109.2493, 13.9787], [109.2501, 13.9847], [109.2547, 13.9846], [109.2568, 13.9872], [109.2562, 13.9921], [109.2521, 13.9947], [109.247, 14.0071], [109.251, 14.014], [109.2538, 14.016], [109.252, 14.0201], [109.2477, 14.0249], [109.2314, 14.052], [109.2234, 14.0661], [109.2127, 14.0883], [109.2075, 14.102], [109.2049, 14.1126], [109.2066, 14.123], [109.2108, 14.1279], [109.2205, 14.1262], [109.2257, 14.1311], [109.2267, 14.139], [109.222, 14.1376], [109.2112, 14.1518], [109.1987, 14.1713], [109.1854, 14.1994], [109.1816, 14.2134], [109.1816, 14.2211], [109.186, 14.2291], [109.1899, 14.2296], [109.1939, 14.2268], [109.1977, 14.2317], [109.1981, 14.2351], [109.1948, 14.242], [109.1938, 14.2494], [109.1875, 14.2553], [109.1796, 14.269], [109.1791, 14.2765], [109.1845, 14.2787], [109.1819, 14.2826], [109.1653, 14.3041], [109.1498, 14.3261], [109.1369, 14.3454], [109.1286, 14.3603], [109.1225, 14.3726], [109.1208, 14.3803], [109.1237, 14.3849], [109.1229, 14.3891], [109.1267, 14.393], [109.1167, 14.4175], [109.1153, 14.4228], [109.1161, 14.4284], [109.1189, 14.4294], [109.1188, 14.4373], [109.1222, 14.4401], [109.1222, 14.4461], [109.1171, 14.4565], [109.0986, 14.4878], [109.0883, 14.5087], [109.0767, 14.5347], [109.0688, 14.5573], [109.0672, 14.5645], [109.0684, 14.5735], [109.0725, 14.5783], [109.0758, 14.577], [109.0821, 14.5779], [109.0739, 14.5811], [109.0665, 14.589], [109.0589, 14.5914], [109.0538, 14.6032], [109.0484, 14.6036], [109.0445, 14.6082], [109.0466, 14.6162], [109.0425, 14.6232], [109.046, 14.6277], [109.043, 14.6346], [109.0386, 14.6389], [109.0347, 14.647], [109.0303, 14.6453], [109.0213, 14.6582], [109.0177, 14.659], [109.017, 14.6648], [109.0079, 14.6691], [109.0034, 14.6669], [108.9989, 14.668], [108.9945, 14.6728], [108.9886, 14.6706], [108.9789, 14.6693], [108.9737, 14.6718], [108.9737, 14.6741], [108.9685, 14.6797], [108.9636, 14.6832], [108.9584, 14.6825], [108.9505, 14.6838], [108.95, 14.6869], [108.9431, 14.6883], [108.94, 14.6938], [108.9337, 14.6967], [108.9256, 14.6985], [108.9196, 14.6958], [108.9177, 14.6932], [108.9072, 14.6898], [108.9059, 14.6861], [108.9007, 14.6847], [108.8927, 14.6845], [108.8903, 14.6815], [108.8781, 14.6841], [108.874, 14.6888], [108.8648, 14.6926], [108.8525, 14.6886], [108.8519, 14.6828], [108.8488, 14.6812], [108.842, 14.6919], [108.8396, 14.6931], [108.8354, 14.6899], [108.8314, 14.6802], [108.8261, 14.6745], [108.8152, 14.6712], [108.8134, 14.6689], [108.8077, 14.6679], [108.8022, 14.6694], [108.7979, 14.6678], [108.7914, 14.6679], [108.787, 14.6696], [108.7814, 14.6689], [108.7719, 14.6761], [108.7647, 14.6718], [108.7618, 14.6669], [108.7624, 14.6543], [108.7644, 14.6501], [108.7653, 14.643], [108.7645, 14.6366], [108.7669, 14.6268], [108.7661, 14.621], [108.7619, 14.6188], [108.7613, 14.6146], [108.7619, 14.6039], [108.7638, 14.5987], [108.7602, 14.5978], [108.7584, 14.5945], [108.7532, 14.5918], [108.7401, 14.59], [108.7372, 14.5877], [108.7332, 14.5882], [108.7284, 14.593], [108.7184, 14.5971], [108.7164, 14.6005], [108.7088, 14.6035], [108.7057, 14.6086], [108.6978, 14.5979], [108.6981, 14.5955], [108.6889, 14.5913], [108.6846, 14.5944], [108.68, 14.5955], [108.6755, 14.5888], [108.6772, 14.5841], [108.6708, 14.5781], [108.6676, 14.5788], [108.6605, 14.5753], [108.6527, 14.5692], [108.6471, 14.5681], [108.6402, 14.563], [108.6436, 14.5555], [108.6417, 14.5466], [108.6332, 14.5513], [108.6279, 14.5491], [108.6276, 14.5437], [108.6181, 14.54], [108.6178, 14.5362], [108.6144, 14.5323], [108.608, 14.5328], [108.6037, 14.5356], [108.6025, 14.5395], [108.5956, 14.5465], [108.5967, 14.5536], [108.5938, 14.5599], [108.5933, 14.5643], [108.5832, 14.5676], [108.5799, 14.5701], [108.5733, 14.5721], [108.571, 14.578], [108.5663, 14.579], [108.5615, 14.5835], [108.5551, 14.5854], [108.5513, 14.5844], [108.5476, 14.589], [108.5411, 14.5849], [108.5323, 14.5775], [108.5298, 14.569], [108.5313, 14.5655], [108.5285, 14.5556], [108.5121, 14.5498], [108.5052, 14.5448], [108.4973, 14.5437], [108.489, 14.5441], [108.4755, 14.5469], [108.4584, 14.5529], [108.442, 14.5543], [108.438, 14.5554], [108.4271, 14.5649], [108.4164, 14.57], [108.4145, 14.5725], [108.4133, 14.58], [108.4092, 14.5896], [108.4026, 14.5972], [108.3938, 14.6024], [108.3921, 14.6], [108.3872, 14.6024], [108.3824, 14.5984], [108.3764, 14.6011], [108.3701, 14.5927], [108.3657, 14.5844], [108.3582, 14.5801], [108.357, 14.5698], [108.3593, 14.5628], [108.3667, 14.5572], [108.3739, 14.5485], [108.3734, 14.5411], [108.3715, 14.5369], [108.3778, 14.5284], [108.382, 14.5268], [108.384, 14.5222], [108.3785, 14.5119], [108.3689, 14.5035], [108.3632, 14.4943], [108.332, 14.463], [108.3303, 14.4588], [108.3267, 14.4577], [108.3243, 14.4535], [108.3236, 14.4419], [108.3189, 14.4381], [108.3165, 14.4341], [108.3125, 14.4321], [108.3091, 14.4253], [108.3043, 14.4205], [108.2983, 14.418], [108.2918, 14.4045], [108.2958, 14.3999], [108.2968, 14.3926], [108.2941, 14.3902], [108.2862, 14.3881], [108.2818, 14.3889], [108.2745, 14.3861], [108.27, 14.388], [108.2666, 14.3863], [108.2588, 14.3904], [108.2524, 14.39], [108.2435, 14.3974], [108.2389, 14.3923], [108.2324, 14.3893], [108.2284, 14.3919], [108.2252, 14.3903], [108.2195, 14.3905], [108.2137, 14.3866], [108.21, 14.3869], [108.2042, 14.3803], [108.203, 14.3747], [108.1986, 14.373], [108.1921, 14.3735], [108.1897, 14.3689], [108.1698, 14.3682], [108.166, 14.3645], [108.1599, 14.3627], [108.1554, 14.3536], [108.1517, 14.3535], [108.1521, 14.3485], [108.1457, 14.3479], [108.1422, 14.3535], [108.1496, 14.3596], [108.1395, 14.3601], [108.1397, 14.3573], [108.1346, 14.3553], [108.127, 14.3567], [108.1183, 14.363], [108.1155, 14.3633], [108.1085, 14.3535], [108.1122, 14.3476], [108.1046, 14.3436], [108.1046, 14.3387], [108.0994, 14.3353], [108.082, 14.3342], [108.0781, 14.3315], [108.0788, 14.3285], [108.0875, 14.3241], [108.0874, 14.3178], [108.0891, 14.3152], [108.084, 14.3129], [108.073, 14.3054], [108.072, 14.296], [108.0669, 14.2863], [108.0686, 14.2835], [108.0652, 14.2799], [108.0645, 14.2763], [108.0567, 14.2662], [108.0488, 14.2722], [108.0456, 14.273], [108.043, 14.2769], [108.0397, 14.2767], [108.0347, 14.2735], [108.0344, 14.2686], [108.0309, 14.2661], [108.029, 14.2617], [108.0224, 14.2527], [108.0175, 14.2494], [108.0171, 14.2445], [108.0143, 14.2412], [108.0073, 14.2398], [107.9997, 14.2453], [107.9894, 14.2459], [107.98, 14.2432], [107.9729, 14.2372], [107.9623, 14.2408], [107.9482, 14.243], [107.9416, 14.241], [107.9333, 14.2409], [107.9282, 14.2458], [107.9193, 14.2599], [107.9135, 14.2627], [107.9014, 14.2757], [107.8971, 14.2782], [107.8768, 14.2824], [107.8728, 14.2762], [107.8689, 14.2768], [107.8607, 14.2734], [107.8555, 14.2757], [107.8501, 14.2754], [107.849, 14.2729], [107.8402, 14.2705], [107.8369, 14.2683], [107.8353, 14.2628], [107.8372, 14.2524], [107.8383, 14.2381], [107.837, 14.2331], [107.8345, 14.2318], [107.8291, 14.2333], [107.8266, 14.2272], [107.8199, 14.2218], [107.8209, 14.2179], [107.8179, 14.214], [107.8085, 14.2125], [107.7987, 14.22], [107.7937, 14.2217], [107.7907, 14.2208], [107.7874, 14.2241], [107.7832, 14.2252], [107.7785, 14.2161], [107.7725, 14.2188], [107.7696, 14.2146], [107.7634, 14.2127], [107.7627, 14.2029], [107.7594, 14.2023], [107.7479, 14.2072], [107.7413, 14.208], [107.7309, 14.2134], [107.723, 14.2157], [107.714, 14.2136], [107.7081, 14.2166], [107.6995, 14.2155], [107.6893, 14.2213], [107.6836, 14.2064], [107.6782, 14.2], [107.6792, 14.1921], [107.6772, 14.1865], [107.6739, 14.1824], [107.6708, 14.1758], [107.6625, 14.1702], [107.6584, 14.1636], [107.6609, 14.1577], [107.6604, 14.15], [107.6614, 14.1454], [107.6648, 14.1404], [107.6647, 14.1355], [107.6611, 14.1307], [107.6603, 14.1203], [107.6581, 14.115], [107.658, 14.1042], [107.6504, 14.1019], [107.649, 14.0963], [107.6548, 14.0906], [107.6573, 14.0837], [107.6517, 14.0774], [107.6505, 14.0676], [107.6486, 14.0653], [107.6419, 14.0627], [107.6359, 14.0551], [107.6323, 14.0537], [107.6257, 14.0559], [107.6162, 14.0637], [107.6136, 14.0629], [107.6128, 14.0536], [107.61, 14.0505], [107.604, 14.0481], [107.601, 14.0442], [107.6012, 14.0321], [107.5998, 14.028], [107.5924, 14.0223], [107.5842, 14.0213], [107.5765, 14.0189], [107.5692, 14.0192], [107.5657, 14.0216], [107.5574, 14.0213], [107.553, 14.0251], [107.5467, 14.0227], [107.5447, 14.0145], [107.5382, 14.0106], [107.5233, 14.0144], [107.5206, 14.0125], [107.5212, 14.0055], [107.5266, 13.9855], [107.5254, 13.9821], [107.5124, 13.9841], [107.5063, 13.9749], [107.502, 13.9708], [107.4978, 13.9696], [107.4924, 13.9648], [107.485, 13.9606], [107.4766, 13.959], [107.4691, 13.953], [107.4706, 13.9374], [107.4701, 13.9346], [107.4615, 13.9295], [107.4588, 13.9215], [107.4709, 13.9215], [107.4733, 13.9175], [107.4709, 13.91], [107.4704, 13.9013], [107.4709, 13.8911], [107.4698, 13.8893], [107.4578, 13.8795], [107.4544, 13.8717], [107.4575, 13.8659], [107.4646, 13.8623], [107.4723, 13.8607], [107.4742, 13.8553], [107.4701, 13.8466], [107.4649, 13.8376], [107.4592, 13.8334], [107.4558, 13.8289], [107.4558, 13.823], [107.4613, 13.8177], [107.4589, 13.8061], [107.4558, 13.8031], [107.4505, 13.7941], [107.4733, 13.7775], [107.4846, 13.776], [107.5118, 13.7605], [107.5318, 13.7441], [107.5333, 13.7417], [107.5443, 13.7096], [107.5514, 13.6901], [107.5696, 13.6638], [107.5717, 13.6239], [107.575, 13.6155], [107.6084, 13.5475], [107.6177, 13.5287], [107.6215, 13.475], [107.6303, 13.3598], [107.6066, 13.3043], [107.6147, 13.3076], [107.6161, 13.312], [107.6242, 13.3151], [107.6295, 13.3149], [107.6319, 13.3217], [107.6383, 13.3217], [107.6411, 13.3289], [107.6455, 13.3258], [107.6498, 13.3268], [107.6502, 13.3342], [107.6492, 13.3408], [107.6551, 13.343], [107.6575, 13.3467], [107.6644, 13.3508], [107.6717, 13.3502], [107.6749, 13.3577], [107.6897, 13.3658], [107.6958, 13.3727], [107.7044, 13.3749], [107.7101, 13.3697], [107.7131, 13.3736], [107.7171, 13.3742], [107.7202, 13.3697], [107.7246, 13.3695], [107.7301, 13.3662], [107.7376, 13.3671], [107.7402, 13.3644], [107.7482, 13.3634], [107.7558, 13.3686], [107.7603, 13.3701], [107.7643, 13.3649], [107.769, 13.3697], [107.774, 13.3699], [107.7806, 13.375], [107.7863, 13.3759], [107.7925, 13.3819], [107.7999, 13.3812], [107.7979, 13.3885], [107.8044, 13.3932], [107.8087, 13.3949], [107.8162, 13.3928], [107.8315, 13.3963], [107.8392, 13.4005], [107.8517, 13.3893], [107.8722, 13.3932], [107.8765, 13.3936], [107.883, 13.3904], [107.8866, 13.3849], [107.8969, 13.3866], [107.9005, 13.3883], [107.9072, 13.3889], [107.9119, 13.3854], [107.9157, 13.3849], [107.9232, 13.3791], [107.9332, 13.3757], [107.9438, 13.3745], [107.9445, 13.3804], [107.9497, 13.3811], [107.9524, 13.3856], [107.9579, 13.381], [107.9649, 13.3797], [107.9697, 13.3827], [107.9818, 13.3852], [107.9804, 13.3888], [107.9819, 13.3922], [107.9894, 13.3919], [107.994, 13.389], [107.9967, 13.3907], [107.9998, 13.3869], [108.0083, 13.3809], [108.0126, 13.3827], [108.0141, 13.3857], [108.0219, 13.387], [108.0267, 13.3948], [108.0334, 13.3957], [108.0361, 13.4028], [108.0411, 13.3993], [108.0458, 13.4017], [108.0476, 13.4068], [108.0534, 13.4123], [108.057, 13.4111], [108.0574, 13.4075], [108.0638, 13.4093], [108.0694, 13.4093], [108.0727, 13.4], [108.077, 13.4038], [108.0841, 13.4044], [108.0898, 13.4089], [108.0937, 13.4075], [108.0984, 13.4099], [108.1089, 13.4124], [108.113, 13.4165], [108.1255, 13.4091], [108.1297, 13.4113], [108.1368, 13.4072], [108.1443, 13.4076], [108.1509, 13.4005], [108.1572, 13.4014], [108.1624, 13.4004], [108.1647, 13.3944], [108.1745, 13.3911], [108.1778, 13.3837], [108.183, 13.3815], [108.1875, 13.3815], [108.1977, 13.3786], [108.2044, 13.3734], [108.2092, 13.3765], [108.2131, 13.3682], [108.2225, 13.3711], [108.2279, 13.3705], [108.2361, 13.3718], [108.2426, 13.3681], [108.246, 13.3711], [108.258, 13.3694], [108.2641, 13.3723], [108.2795, 13.3626], [108.2868, 13.3551], [108.2881, 13.3508], [108.2967, 13.3517], [108.3136, 13.3459], [108.3161, 13.3469], [108.3245, 13.3431], [108.3284, 13.3429], [108.3309, 13.34], [108.3371, 13.3379], [108.3472, 13.3387], [108.3457, 13.3321], [108.3529, 13.3297], [108.3528, 13.3233], [108.3562, 13.3152], [108.3617, 13.3151], [108.3642, 13.3104], [108.3669, 13.3103], [108.3725, 13.3025], [108.3688, 13.2947], [108.3731, 13.2885], [108.3739, 13.2763], [108.3721, 13.2678], [108.3769, 13.2669], [108.3838, 13.2596], [108.3872, 13.2574], [108.3973, 13.2555], [108.4054, 13.2604], [108.4094, 13.2561], [108.4109, 13.2477], [108.4192, 13.2433], [108.4176, 13.2333], [108.422, 13.2266], [108.4177, 13.2244], [108.4162, 13.221], [108.4182, 13.2134], [108.4215, 13.2113], [108.4212, 13.208], [108.4236, 13.1977], [108.4305, 13.1872], [108.4368, 13.1793], [108.4406, 13.1784], [108.4568, 13.1656], [108.4638, 13.1624], [108.4607, 13.1548], [108.4613, 13.1489], [108.4643, 13.147], [108.4648, 13.1409], [108.4696, 13.1398], [108.4673, 13.1357], [108.4607, 13.1344], [108.457, 13.1268], [108.4614, 13.1198], [108.4653, 13.1169], [108.4726, 13.1183], [108.4771, 13.1145], [108.4859, 13.1122], [108.4922, 13.1069], [108.4926, 13.1036], [108.4884, 13.0987], [108.4956, 13.0953], [108.4996, 13.0896], [108.4992, 13.0858], [108.5086, 13.0805], [108.5131, 13.0757], [108.5192, 13.0713], [108.5181, 13.067], [108.5214, 13.0633], [108.5166, 13.06], [108.5112, 13.0453], [108.5137, 13.0408], [108.5109, 13.0369], [108.5131, 13.0344], [108.5216, 13.0327], [108.5288, 13.0339], [108.5371, 13.0324], [108.5551, 13.0254], [108.5676, 13.0197], [108.5746, 13.0245], [108.5784, 13.0285], [108.5922, 13.0292], [108.599, 13.0212], [108.6005, 13.0179], [108.6061, 13.0182], [108.6131, 13.0081], [108.6192, 13.0103], [108.6275, 13.0075], [108.6292, 13.0094], [108.6451, 13.0105], [108.6525, 13.0013], [108.6594, 12.9988], [108.6676, 13.0045], [108.6757, 12.9964], [108.6819, 12.9993], [108.6891, 13.0089], [108.6927, 13.0168], [108.7047, 13.0176], [108.7144, 13.0174], [108.7454, 13.0281], [108.7567, 13.0331], [108.7528, 13.0681], [108.7492, 13.0918], [108.7561, 13.1016], [108.7589, 13.1129], [108.7614, 13.116], [108.7677, 13.118], [108.767, 13.1225], [108.7614, 13.1242], [108.7595, 13.1287], [108.7618, 13.135], [108.7675, 13.134], [108.7768, 13.1373], [108.7764, 13.1469], [108.7809, 13.1465], [108.7824, 13.1431], [108.7867, 13.1415], [108.79, 13.147], [108.7931, 13.1417], [108.796, 13.1416], [108.7974, 13.1523], [108.807, 13.1522], [108.8134, 13.1589], [108.8202, 13.1572], [108.8245, 13.1548], [108.8251, 13.1604], [108.8272, 13.1646], [108.8308, 13.1652], [108.8374, 13.1617], [108.8422, 13.1648], [108.8389, 13.1711], [108.8431, 13.1744], [108.8438, 13.1807], [108.8499, 13.1819], [108.8492, 13.1913], [108.8548, 13.1934], [108.8538, 13.1964], [108.8491, 13.2003], [108.8478, 13.2049], [108.851, 13.2085], [108.8503, 13.2173], [108.8542, 13.2178], [108.858, 13.2233], [108.8636, 13.2251], [108.8704, 13.2458], [108.871, 13.2533], [108.8678, 13.2604], [108.8708, 13.2675], [108.8708, 13.2726], [108.8731, 13.2786], [108.8677, 13.2882], [108.8625, 13.2868], [108.858, 13.2907], [108.8526, 13.293], [108.8452, 13.311], [108.8427, 13.3136], [108.84, 13.3231], [108.8354, 13.3285], [108.8267, 13.3361], [108.8266, 13.3405], [108.8211, 13.3439], [108.8137, 13.3536], [108.8081, 13.357], [108.8096, 13.3615], [108.8065, 13.3652], [108.8068, 13.3737], [108.8043, 13.3807], [108.8037, 13.3901], [108.8069, 13.3926], [108.8073, 13.4016], [108.805, 13.4071], [108.8065, 13.4089], [108.804, 13.4189], [108.8056, 13.4231], [108.8044, 13.4316], [108.8057, 13.4344], [108.801, 13.4402], [108.7998, 13.4462], [108.7964, 13.447], [108.7965, 13.4519], [108.7905, 13.4531], [108.7925, 13.4575], [108.7926, 13.4625], [108.7953, 13.4657], [108.7957, 13.4711], [108.7923, 13.4731], [108.7889, 13.4682], [108.7792, 13.4661], [108.7734, 13.4668], [108.7635, 13.4633], [108.7605, 13.4646], [108.7576, 13.4591], [108.7522, 13.4625], [108.7476, 13.4579], [108.7439, 13.4565], [108.7351, 13.4568], [108.726, 13.4633], [108.7159, 13.4621], [108.7126, 13.4642], [108.7149, 13.4729], [108.7104, 13.4755], [108.7071, 13.482], [108.7034, 13.4846], [108.7076, 13.4911], [108.7089, 13.4976], [108.7124, 13.4997], [108.7123, 13.509], [108.7141, 13.5177], [108.7271, 13.5196], [108.7272, 13.5231], [108.7328, 13.5292], [108.7344, 13.535], [108.7336, 13.5403], [108.7361, 13.5482], [108.7397, 13.5508], [108.7421, 13.5562], [108.7479, 13.5561], [108.7478, 13.564], [108.7491, 13.5668], [108.7589, 13.5624], [108.7672, 13.5612], [108.7742, 13.5703], [108.7806, 13.5692], [108.7853, 13.5776], [108.7895, 13.5781], [108.7994, 13.577], [108.8058, 13.5773], [108.8147, 13.5763], [108.8207, 13.5674], [108.8276, 13.5644], [108.8448, 13.5638], [108.8511, 13.569], [108.8538, 13.5608], [108.8565, 13.5582], [108.8575, 13.5527], [108.8641, 13.5528], [108.87, 13.5459], [108.8668, 13.5387], [108.868, 13.5346], [108.8883, 13.5369], [108.8942, 13.541], [108.9031, 13.5381], [108.9089, 13.5415], [108.9227, 13.5399], [108.9241, 13.5368], [108.9317, 13.533], [108.9361, 13.5326], [108.9448, 13.5262], [108.9489, 13.5268], [108.9585, 13.5151], [108.9618, 13.5176], [108.9944, 13.5165], [108.999, 13.5229], [109.0076, 13.5235], [109.0104, 13.5269], [109.0178, 13.5256], [109.0219, 13.5285], [109.0279, 13.5306], [109.0329, 13.537], [109.0334, 13.5423], [109.0405, 13.5489], [109.042, 13.5555], [109.049, 13.5611], [109.0527, 13.5688], [109.0779, 13.5671], [109.0833, 13.5674], [109.0835, 13.5714], [109.0933, 13.5718], [109.0982, 13.5772], [109.1009, 13.5832], [109.1088, 13.5884], [109.1162, 13.5836], [109.1178, 13.5852], [109.1131, 13.5915], [109.1133, 13.596], [109.1177, 13.602], [109.1151, 13.6081], [109.1154, 13.614], [109.1206, 13.6187], [109.1269, 13.6201], [109.1269, 13.6249], [109.1227, 13.6322], [109.1184, 13.6348], [109.1198, 13.6406], [109.1245, 13.6439], [109.1358, 13.6357], [109.1402, 13.634], [109.144, 13.63], [109.1472, 13.6327], [109.1524, 13.6338], [109.1542, 13.646], [109.1514, 13.6544], [109.155, 13.6628], [109.1567, 13.6729], [109.1563, 13.6784], [109.1649, 13.6771], [109.1695, 13.6821], [109.1814, 13.6828], [109.1874, 13.6908], [109.1909, 13.6935], [109.1997, 13.6951], [109.2036, 13.6919], [109.2046, 13.6863], [109.2076, 13.6803], [109.2125, 13.6787], [109.2168, 13.6814], [109.226, 13.6784], [109.2336, 13.6698]]], [[[109.3431, 13.6346], [109.338, 13.6342], [109.3377, 13.6275], [109.3407, 13.6203], [109.3476, 13.6117], [109.352, 13.6103], [109.3566, 13.6112], [109.3614, 13.6047], [109.3634, 13.6107], [109.3564, 13.6199], [109.3512, 13.6205], [109.35, 13.6249], [109.3431, 13.6346]]]]}, "properties": {"province_id": "gia_lai", "name": "Gia Lai", "population": 3583691, "area_km2": 21577}}, {"type": "Feature", "geometry": {"type": "Polygon", "coordinates": [[[105.8928, 21.3265], [105.8886, 21.3254], [105.8838, 21.3275], [105.8767, 21.3276], [105.8717, 21.3297], [105.8672, 21.3278], [105.8658, 21.3334], [105.862, 21.3384], [105.8588, 21.338], [105.8533, 21.3482], [105.8545, 21.352], [105.8518, 21.3553], [105.8527, 21.3616], [105.8589, 21.3737], [105.8558, 21.3765], [105.8494, 21.3743], [105.8472, 21.3774], [105.8397, 21.3774], [105.832, 21.3733], [105.8307, 21.3752], [105.8214, 21.3781], [105.8165, 21.3828], [105.8136, 21.3812], [105.8005, 21.3847], [105.7986, 21.3817], [105.7905, 21.3781], [105.7877, 21.3749], [105.7865, 21.3641], [105.7846, 21.3596], [105.7861, 21.3546], [105.783, 21.3538], [105.785, 21.3484], [105.7832, 21.3429], [105.7764, 21.3362], [105.7736, 21.3316], [105.772, 21.3255], [105.7676, 21.3183], [105.7626, 21.3138], [105.757, 21.3005], [105.7477, 21.2943], [105.7432, 21.2929], [105.742, 21.2872], [105.738, 21.288], [105.7352, 21.2834], [105.7358, 21.2793], [105.7323, 21.2749], [105.7291, 21.2759], [105.7228, 21.2661], [105.7248, 21.2581], [105.7237, 21.2506], [105.7285, 21.2495], [105.7287, 21.2463], [105.7253, 21.242], [105.7323, 21.2419], [105.7362, 21.2401], [105.7314, 21.2316], [105.7242, 21.2253], [105.7156, 21.2247], [105.7092, 21.2198], [105.7033, 21.2213], [105.6974, 21.2186], [105.6935, 21.2215], [105.6904, 21.2199], [105.6861, 21.2263], [105.6882, 21.2347], [105.6805, 21.2337], [105.6794, 21.2294], [105.6759, 21.2271], [105.6685, 21.2335], [105.666, 21.2392], [105.6617, 21.235], [105.6561, 21.235], [105.6528, 21.238], [105.6448, 21.2347], [105.6454, 21.2271], [105.6511, 21.2259], [105.6552, 21.2272], [105.659, 21.2232], [105.6562, 21.219], [105.6451, 21.2156], [105.6369, 21.218], [105.6396, 21.2076], [105.6312, 21.2089], [105.6281, 21.2107], [105.6211, 21.2059], [105.6169, 21.2087], [105.6166, 21.2025], [105.6228, 21.1997], [105.6217, 21.1948], [105.6247, 21.1928], [105.6253, 21.1872], [105.6298, 21.1841], [105.6258, 21.1755], [105.6173, 21.1791], [105.605, 21.1745], [105.6, 21.1696], [105.5878, 21.1666], [105.5759, 21.1644], [105.5709, 21.1606], [105.5463, 21.157], [105.5336, 21.1542], [105.5278, 21.1542], [105.4947, 21.1599], [105.4862, 21.163], [105.4768, 21.1709], [105.4698, 21.1787], [105.468, 21.1828], [105.4657, 21.2077], [105.4598, 21.2284], [105.4521, 21.238], [105.4475, 21.2506], [105.4437, 21.2697], [105.4407, 21.2719], [105.4345, 21.273], [105.4272, 21.2778], [105.4145, 21.2916], [105.4058, 21.2991], [105.394, 21.3033], [105.3868, 21.3015], [105.3787, 21.2922], [105.3759, 21.2903], [105.3615, 21.2836], [105.3567, 21.2781], [105.356, 21.2602], [105.35, 21.2324], [105.3463, 21.2245], [105.3328, 21.2135], [105.3252, 21.2047], [105.3168, 21.1982], [105.3041, 21.1905], [105.2994, 21.1868], [105.2944, 21.1802], [105.2891, 21.1703], [105.2881, 21.1641], [105.2914, 21.1529], [105.298, 21.1441], [105.3057, 21.1378], [105.3147, 21.1214], [105.3185, 21.1159], [105.3205, 21.1099], [105.3191, 21.0994], [105.3172, 21.0927], [105.3079, 21.0828], [105.3039, 21.0758], [105.294, 21.0547], [105.2948, 21.0454], [105.2972, 21.0352], [105.2998, 21.029], [105.3048, 21.0223], [105.3153, 21.0113], [105.3218, 21.0147], [105.3209, 21.0187], [105.3256, 21.021], [105.3289, 21.0174], [105.3264, 21.0093], [105.3297, 21.008], [105.3352, 21.0094], [105.3388, 21.0136], [105.3492, 21.0128], [105.3534, 21.0074], [105.359, 21.0089], [105.3666, 21.013], [105.3754, 21.0145], [105.382, 21.0215], [105.387, 21.0202], [105.3921, 21.0145], [105.3921, 21.006], [105.3969, 21.0009], [105.4032, 20.9981], [105.4178, 20.9978], [105.4223, 20.9837], [105.4324, 20.9791], [105.4362, 20.9748], [105.4429, 20.9633], [105.4438, 20.956], [105.4514, 20.954], [105.4617, 20.9465], [105.4671, 20.9451], [105.4693, 20.947], [105.4796, 20.9477], [105.4843, 20.9426], [105.4905, 20.9341], [105.4996, 20.9303], [105.5024, 20.931], [105.5059, 20.9262], [105.5125, 20.9223], [105.5208, 20.9221], [105.5251, 20.9188], [105.5323, 20.9228], [105.5385, 20.9276], [105.546, 20.9231], [105.5549, 20.9271], [105.5608, 20.9246], [105.566, 20.9272], [105.5713, 20.9271], [105.5744, 20.9299], [105.5805, 20.9287], [105.5813, 20.9236], [105.5793, 20.9155], [105.5721, 20.9137], [105.5684, 20.911], [105.5664, 20.8996], [105.5606, 20.8956], [105.5597, 20.8908], [105.5565, 20.8878], [105.5458, 20.882], [105.5483, 20.879], [105.5593, 20.8811], [105.5616, 20.8754], [105.5654, 20.8746], [105.5754, 20.8643], [105.5825, 20.8592], [105.5847, 20.8527], [105.5864, 20.8408], [105.5805, 20.8361], [105.5797, 20.8267], [105.5747, 20.8223], [105.5646, 20.8218], [105.5607, 20.8198], [105.5589, 20.8108], [105.5552, 20.806], [105.5582, 20.8037], [105.5712, 20.8084], [105.5751, 20.8082], [105.5835, 20.8119], [105.5841, 20.8176], [105.5882, 20.821], [105.5871, 20.8256], [105.5894, 20.8315], [105.5956, 20.831], [105.5981, 20.842], [105.6038, 20.8386], [105.6107, 20.8373], [105.6163, 20.8317], [105.6321, 20.8321], [105.6416, 20.8286], [105.6413, 20.8243], [105.6377, 20.8246], [105.6329, 20.8221], [105.6304, 20.8159], [105.6333, 20.8047], [105.6329, 20.7927], [105.6417, 20.7926], [105.6481, 20.7937], [105.6483, 20.7842], [105.6496, 20.7764], [105.6489, 20.766], [105.6497, 20.7608], [105.6546, 20.7475], [105.6581, 20.741], [105.6665, 20.7341], [105.6616, 20.7234], [105.6637, 20.7189], [105.6749, 20.7049], [105.6823, 20.699], [105.6839, 20.6922], [105.6802, 20.6835], [105.6746, 20.6802], [105.67, 20.68], [105.6694, 20.6759], [105.6737, 20.6703], [105.6722, 20.668], [105.6786, 20.6602], [105.6811, 20.653], [105.679, 20.6474], [105.6807, 20.6424], [105.6868, 20.6377], [105.6849, 20.633], [105.6784, 20.6285], [105.6734, 20.6292], [105.6639, 20.6281], [105.6659, 20.6244], [105.6662, 20.6179], [105.677, 20.616], [105.6871, 20.6162], [105.6917, 20.6221], [105.6967, 20.6194], [105.7013, 20.6215], [105.7039, 20.6166], [105.7055, 20.6048], [105.7098, 20.5993], [105.7217, 20.5961], [105.7272, 20.6046], [105.7316, 20.6001], [105.7393, 20.5982], [105.7434, 20.5986], [105.7471, 20.5926], [105.752, 20.5899], [105.7551, 20.5851], [105.7641, 20.5768], [105.7678, 20.5698], [105.769, 20.5645], [105.7777, 20.5646], [105.7796, 20.5662], [105.7951, 20.5676], [105.8006, 20.5845], [105.8016, 20.5937], [105.8058, 20.6003], [105.8074, 20.6066], [105.8063, 20.6115], [105.8126, 20.6165], [105.8111, 20.6278], [105.8133, 20.6337], [105.8239, 20.6406], [105.8323, 20.6451], [105.8326, 20.65], [105.8278, 20.6519], [105.8187, 20.6605], [105.8223, 20.6645], [105.8325, 20.6623], [105.8408, 20.6592], [105.8437, 20.6548], [105.8476, 20.6553], [105.8526, 20.6481], [105.8601, 20.6447], [105.868, 20.6453], [105.8746, 20.6433], [105.8838, 20.6446], [105.8922, 20.6488], [105.8964, 20.6522], [105.8958, 20.6669], [105.8986, 20.6683], [105.9027, 20.6649], [105.9076, 20.6687], [105.9197, 20.6759], [105.9327, 20.6801], [105.943, 20.6821], [105.947, 20.6762], [105.9468, 20.6682], [105.9434, 20.6632], [105.9452, 20.6551], [105.958, 20.6508], [105.957, 20.6566], [105.96, 20.6607], [105.9691, 20.6651], [105.9776, 20.6657], [105.9784, 20.6737], [105.9848, 20.6805], [105.9887, 20.6826], [105.9945, 20.681], [105.9907, 20.6893], [105.9979, 20.6923], [105.9958, 20.6975], [106.0028, 20.7015], [106.0033, 20.7038], [105.9894, 20.7036], [105.9848, 20.7004], [105.976, 20.699], [105.9715, 20.7018], [105.9667, 20.7096], [105.9628, 20.7202], [105.9622, 20.7264], [105.9658, 20.7318], [105.9701, 20.7346], [105.9677, 20.7505], [105.9677, 20.7574], [105.9695, 20.7695], [105.9642, 20.7775], [105.9575, 20.7801], [105.9374, 20.7833], [105.9298, 20.7855], [105.9247, 20.7891], [105.9193, 20.7972], [105.9125, 20.8167], [105.9114, 20.8231], [105.9118, 20.8316], [105.9153, 20.8399], [105.922, 20.8455], [105.932, 20.8501], [105.9361, 20.8561], [105.936, 20.8671], [105.9331, 20.8723], [105.9236, 20.879], [105.9095, 20.8866], [105.9005, 20.8898], [105.8967, 20.8925], [105.8949, 20.8988], [105.8971, 20.9029], [105.9028, 20.9079], [105.9132, 20.9148], [105.9162, 20.9212], [105.9091, 20.9265], [105.9152, 20.9371], [105.9104, 20.9422], [105.9036, 20.9472], [105.9056, 20.9508], [105.907, 20.9581], [105.9157, 20.9751], [105.9323, 20.9735], [105.9386, 20.9677], [105.9486, 20.9695], [105.9527, 20.9684], [105.9596, 20.9642], [105.9645, 20.9634], [105.9652, 20.9725], [105.9618, 20.9759], [105.9643, 20.9832], [105.9618, 20.9883], [105.9655, 20.991], [105.9692, 20.9887], [105.9726, 20.9897], [105.9712, 20.9952], [105.9777, 20.9994], [105.9814, 20.9972], [105.9864, 20.9969], [105.9919, 21.001], [106.0012, 21.0003], [105.9991, 21.0066], [106.0085, 21.0082], [106.0094, 21.0124], [106.0034, 21.0174], [106.007, 21.0242], [106.0064, 21.0289], [106.0127, 21.0302], [106.0165, 21.0344], [106.0201, 21.0414], [106.02, 21.0475], [106.014, 21.0509], [106.0144, 21.0559], [106.0071, 21.0577], [106.0067, 21.063], [105.9995, 21.0745], [105.9936, 21.069], [105.9769, 21.0703], [105.9689, 21.0736], [105.962, 21.0779], [105.9599, 21.0883], [105.9579, 21.0913], [105.9457, 21.085], [105.9402, 21.0834], [105.9409, 21.089], [105.9381, 21.0939], [105.9346, 21.0966], [105.9364, 21.1016], [105.9294, 21.1126], [105.9156, 21.119], [105.9128, 21.1265], [105.9193, 21.1299], [105.9178, 21.132], [105.9263, 21.1403], [105.9256, 21.147], [105.9234, 21.1473], [105.9195, 21.1554], [105.9229, 21.1617], [105.9193, 21.1632], [105.9169, 21.1716], [105.9212, 21.1737], [105.9202, 21.1783], [105.9237, 21.1827], [105.9152, 21.1873], [105.9122, 21.1923], [105.9071, 21.1924], [105.9043, 21.1992], [105.9134, 21.2027], [105.9103, 21.2059], [105.9148, 21.2082], [105.9145, 21.2182], [105.9089, 21.2248], [105.9042, 21.2274], [105.9089, 21.231], [105.9154, 21.2322], [105.9269, 21.2385], [105.9263, 21.2447], [105.934, 21.2454], [105.9384, 21.2472], [105.9236, 21.2683], [105.9222, 21.2726], [105.9222, 21.2821], [105.9232, 21.2876], [105.9299, 21.2912], [105.9284, 21.2954], [105.9187, 21.2941], [105.9153, 21.2978], [105.9175, 21.3041], [105.915, 21.3054], [105.908, 21.3015], [105.901, 21.304], [105.8972, 21.3076], [105.8986, 21.3148], [105.8992, 21.3249], [105.8928, 21.3265]]]}, "properties": {"province_id": "ha_noi", "name": "Hà Nội", "population": 8807523, "area_km2": 3359.6}}, {"type": "Feature", "geometry": {"type": "MultiPolygon", "coordinates": [[[[105.1883, 18.6019], [105.1806, 18.6027], [105.1773, 18.6059], [105.1737, 18.6057], [105.1671, 18.6117], [105.1585, 18.6128], [105.1563, 18.6066], [105.1503, 18.6052], [105.1393, 18.5973], [105.1347, 18.5911], [105.1359, 18.5859], [105.134, 18.57], [105.1391, 18.5648], [105.14, 18.5619], [105.1327, 18.5592], [105.1282, 18.5555], [105.1292, 18.5485], [105.1236, 18.5423], [105.1162, 18.5392], [105.1153, 18.5278], [105.1197, 18.5225], [105.1156, 18.5195], [105.1155, 18.5165], [105.111, 18.5123], [105.1104, 18.501], [105.1131, 18.4967], [105.1135, 18.4923], [105.1104, 18.4866], [105.1098, 18.4796], [105.1073, 18.4756], [105.1085, 18.4646], [105.1049, 18.4612], [105.1078, 18.4565], [105.1039, 18.4474], [105.1098, 18.4347], [105.1175, 18.433], [105.1208, 18.423], [105.1208, 18.4191], [105.1304, 18.4154], [105.1347, 18.4154], [105.138, 18.4123], [105.1383, 18.408], [105.1443, 18.4063], [105.1473, 18.4036], [105.1453, 18.4006], [105.1516, 18.3879], [105.158, 18.3865], [105.1663, 18.3874], [105.1667, 18.3907], [105.1713, 18.3922], [105.1767, 18.3907], [105.1846, 18.3863], [105.1785, 18.3711], [105.182, 18.3669], [105.1856, 18.3574], [105.189, 18.3529], [105.1889, 18.3446], [105.1871, 18.3371], [105.1843, 18.3304], [105.1854, 18.3247], [105.1905, 18.322], [105.1927, 18.3185], [105.2085, 18.3143], [105.2156, 18.3074], [105.2176, 18.3029], [105.2238, 18.3043], [105.2308, 18.3028], [105.2361, 18.298], [105.2428, 18.2963], [105.2462, 18.2876], [105.2486, 18.2861], [105.2584, 18.2669], [105.2559, 18.2645], [105.2561, 18.259], [105.2642, 18.2594], [105.2669, 18.2582], [105.2729, 18.2591], [105.2748, 18.2545], [105.2774, 18.2541], [105.2812, 18.2578], [105.2816, 18.2608], [105.2874, 18.2589], [105.288, 18.255], [105.2976, 18.2561], [105.2993, 18.2549], [105.2958, 18.2461], [105.2959, 18.2421], [105.3006, 18.2357], [105.3031, 18.2446], [105.3067, 18.2512], [105.3051, 18.256], [105.3104, 18.2661], [105.3125, 18.2646], [105.3289, 18.2643], [105.3286, 18.2592], [105.3312, 18.2526], [105.3282, 18.241], [105.325, 18.2378], [105.3253, 18.2329], [105.3233, 18.2279], [105.3253, 18.2205], [105.326, 18.2094], [105.3204, 18.2012], [105.3287, 18.1919], [105.3377, 18.1912], [105.3372, 18.1837], [105.3439, 18.1822], [105.3538, 18.1824], [105.3619, 18.1705], [105.3636, 18.1639], [105.3673, 18.1612], [105.3749, 18.1607], [105.3763, 18.1655], [105.384, 18.1699], [105.3884, 18.1631], [105.3923, 18.1594], [105.4016, 18.1592], [105.4096, 18.1535], [105.412, 18.1563], [105.4153, 18.1659], [105.414, 18.1692], [105.4149, 18.1742], [105.422, 18.1838], [105.4285, 18.1823], [105.4315, 18.1792], [105.4383, 18.1806], [105.4415, 18.1885], [105.4467, 18.1944], [105.4467, 18.1994], [105.4419, 18.2019], [105.4429, 18.2043], [105.453, 18.2022], [105.4592, 18.205], [105.4624, 18.2024], [105.4666, 18.2023], [105.4701, 18.1993], [105.4759, 18.1987], [105.4801, 18.1961], [105.4861, 18.2007], [105.4903, 18.2019], [105.4937, 18.2004], [105.4928, 18.1967], [105.4895, 18.1935], [105.4866, 18.1828], [105.4892, 18.1759], [105.4938, 18.1766], [105.4942, 18.1804], [105.5014, 18.1885], [105.506, 18.1748], [105.5047, 18.1721], [105.5081, 18.1677], [105.5108, 18.1593], [105.5109, 18.1535], [105.5128, 18.1492], [105.5067, 18.1453], [105.5043, 18.1411], [105.5035, 18.1288], [105.5088, 18.1228], [105.5214, 18.1263], [105.5284, 18.119], [105.5344, 18.1156], [105.5386, 18.1025], [105.5401, 18.082], [105.5557, 18.0802], [105.5613, 18.0811], [105.5688, 18.086], [105.5711, 18.084], [105.5734, 18.0729], [105.5762, 18.0683], [105.5727, 18.0668], [105.5742, 18.0619], [105.5803, 18.0618], [105.5825, 18.0488], [105.5856, 18.0416], [105.5826, 18.0355], [105.5819, 18.0294], [105.5794, 18.0268], [105.5839, 18.0197], [105.5811, 18.0142], [105.5941, 18.0082], [105.5946, 18.005], [105.5996, 18.005], [105.6049, 18.0098], [105.613, 18.0119], [105.6171, 18.006], [105.6235, 17.999], [105.6303, 17.9936], [105.6354, 17.9914], [105.6535, 17.9933], [105.7062, 17.9929], [105.7126, 17.9986], [105.7131, 18.0028], [105.722, 18.0058], [105.723, 18.0082], [105.7211, 18.0157], [105.7212, 18.0205], [105.7254, 18.0269], [105.7284, 18.0287], [105.7302, 18.0331], [105.7369, 18.0359], [105.749, 18.0338], [105.7534, 18.0287], [105.76, 18.0242], [105.7685, 18.023], [105.7754, 18.0173], [105.7801, 18.0181], [105.7865, 18.0238], [105.7976, 18.0236], [105.8019, 18.0255], [105.8087, 18.0253], [105.8073, 18.0312], [105.8165, 18.0372], [105.8207, 18.0333], [105.8283, 18.0311], [105.834, 18.0369], [105.8353, 18.0405], [105.834, 18.045], [105.825, 18.0479], [105.8215, 18.0504], [105.813, 18.0529], [105.82, 18.0605], [105.824, 18.0601], [105.8301, 18.0637], [105.8338, 18.0626], [105.8394, 18.0661], [105.845, 18.066], [105.8488, 18.064], [105.8519, 18.0673], [105.8685, 18.066], [105.8737, 18.0683], [105.8773, 18.0742], [105.8881, 18.0849], [105.8963, 18.0896], [105.9064, 18.0886], [105.9123, 18.0867], [105.9193, 18.0804], [105.9319, 18.089], [105.9338, 18.0883], [105.9399, 18.0777], [105.9461, 18.0726], [105.95, 18.0657], [105.9495, 18.0586], [105.9527, 18.0572], [105.9574, 18.0589], [105.9629, 18.0587], [105.9674, 18.0549], [105.9754, 18.0623], [105.9862, 18.0638], [105.9927, 18.0572], [105.9961, 18.0512], [106.0073, 18.0425], [106.0129, 18.036], [106.0159, 18.0343], [106.0184, 18.0272], [106.0234, 18.0239], [106.0337, 18.0224], [106.0503, 18.0221], [106.0574, 18.0164], [106.0708, 17.9957], [106.0757, 17.9912], [106.0741, 17.9883], [106.0677, 17.9841], [106.0652, 17.9798], [106.054, 17.9714], [106.0481, 17.9655], [106.0495, 17.9606], [106.0457, 17.9467], [106.0523, 17.9448], [106.0605, 17.9384], [106.0679, 17.9373], [106.0782, 17.9328], [106.0944, 17.932], [106.1057, 17.928], [106.1108, 17.9271], [106.1188, 17.9274], [106.1309, 17.9207], [106.1375, 17.9214], [106.1397, 17.9191], [106.1514, 17.9187], [106.1542, 17.9174], [106.1639, 17.917], [106.1726, 17.9145], [106.1813, 17.921], [106.1876, 17.9208], [106.1928, 17.9226], [106.195, 17.9182], [106.1993, 17.9163], [106.204, 17.9199], [106.207, 17.9249], [106.2205, 17.9276], [106.2231, 17.93], [106.2313, 17.9291], [106.2356, 17.9273], [106.2406, 17.9304], [106.2486, 17.9251], [106.2531, 17.9203], [106.2586, 17.9188], [106.26, 17.9157], [106.2642, 17.9142], [106.2718, 17.9198], [106.275, 17.9196], [106.2837, 17.9104], [106.2912, 17.9212], [106.2866, 17.928], [106.2849, 17.9354], [106.2872, 17.9366], [106.2892, 17.943], [106.2963, 17.9456], [106.2976, 17.9534], [106.3019, 17.956], [106.3057, 17.9624], [106.3138, 17.9634], [106.3234, 17.9629], [106.3295, 17.9788], [106.3368, 17.9864], [106.3388, 17.9909], [106.342, 17.9915], [106.3485, 17.9894], [106.3585, 17.9908], [106.3752, 17.9858], [106.3805, 17.9861], [106.3859, 17.9828], [106.4017, 17.9793], [106.41, 17.9728], [106.4173, 17.9744], [106.4228, 17.9696], [106.4352, 17.9728], [106.4389, 17.97], [106.4442, 17.9689], [106.4445, 17.9521], [106.4503, 17.9496], [106.4581, 17.9539], [106.4683, 17.9563], [106.4793, 17.9534], [106.4917, 17.9595], [106.5042, 17.9616], [106.511, 17.9599], [106.5029, 17.9646], [106.4946, 17.9652], [106.4865, 17.9775], [106.4821, 17.9855], [106.4752, 17.9935], [106.4725, 17.998], [106.4698, 17.998], [106.458, 18.0151], [106.4462, 18.0362], [106.4372, 18.0552], [106.4337, 18.0646], [106.4292, 18.0794], [106.4216, 18.0907], [106.4237, 18.0957], [106.4209, 18.1024], [106.4303, 18.1129], [106.4346, 18.1187], [106.4352, 18.1222], [106.4227, 18.121], [106.4218, 18.1255], [106.4175, 18.1254], [106.4117, 18.1212], [106.4094, 18.1173], [106.4077, 18.1104], [106.4088, 18.1072], [106.4069, 18.1006], [106.4021, 18.0991], [106.3909, 18.0993], [106.3797, 18.1039], [106.3737, 18.1051], [106.3643, 18.1086], [106.3618, 18.1073], [106.3566, 18.1097], [106.3552, 18.1142], [106.3507, 18.1184], [106.3358, 18.1304], [106.321, 18.1432], [106.2872, 18.1758], [106.2505, 18.216], [106.2379, 18.2177], [106.2348, 18.2168], [106.2293, 18.2228], [106.221, 18.2257], [106.2138, 18.2344], [106.2093, 18.2339], [106.1932, 18.2463], [106.1856, 18.2537], [106.1748, 18.2606], [106.1584, 18.2685], [106.151, 18.2685], [106.141, 18.2664], [106.1284, 18.2677], [106.122, 18.2656], [106.1157, 18.2672], [106.1108, 18.2721], [106.1033, 18.2745], [106.0961, 18.2793], [106.0781, 18.2943], [106.0644, 18.3068], [106.043, 18.3276], [106.0256, 18.3463], [106.0035, 18.3711], [105.9825, 18.3975], [105.9597, 18.4285], [105.9501, 18.4434], [105.9405, 18.4599], [105.9394, 18.4668], [105.9155, 18.4661], [105.908, 18.4748], [105.8873, 18.5011], [105.8707, 18.5247], [105.8531, 18.5508], [105.8377, 18.5776], [105.8295, 18.593], [105.8184, 18.616], [105.8123, 18.6312], [105.8023, 18.6588], [105.7972, 18.6766], [105.7933, 18.6938], [105.7906, 18.7085], [105.7851, 18.7321], [105.777, 18.7594], [105.7685, 18.7589], [105.7627, 18.7631], [105.7475, 18.7539], [105.7421, 18.7469], [105.7418, 18.7428], [105.745, 18.7338], [105.7492, 18.7268], [105.7541, 18.7145], [105.7562, 18.7066], [105.761, 18.697], [105.7657, 18.6908], [105.7682, 18.6841], [105.7688, 18.6767], [105.7637, 18.6708], [105.7543, 18.6683], [105.7441, 18.6681], [105.7319, 18.672], [105.7262, 18.6727], [105.7213, 18.6712], [105.7163, 18.6676], [105.7123, 18.6611], [105.7112, 18.6531], [105.7059, 18.638], [105.7034, 18.6346], [105.6933, 18.6329], [105.6912, 18.6295], [105.6887, 18.6207], [105.6901, 18.6128], [105.6892, 18.6049], [105.6896, 18.5956], [105.6832, 18.5825], [105.6802, 18.5791], [105.6761, 18.5784], [105.6703, 18.5829], [105.6632, 18.5849], [105.6498, 18.5784], [105.6413, 18.5688], [105.6353, 18.5636], [105.6262, 18.5627], [105.6257, 18.5655], [105.6311, 18.5665], [105.6316, 18.5705], [105.6264, 18.5695], [105.6205, 18.5703], [105.6163, 18.5773], [105.6062, 18.577], [105.5977, 18.5755], [105.5937, 18.5722], [105.5897, 18.5727], [105.5832, 18.5587], [105.5726, 18.5605], [105.5589, 18.5591], [105.552, 18.557], [105.5463, 18.5524], [105.5413, 18.5552], [105.5386, 18.5586], [105.5311, 18.5608], [105.5303, 18.5673], [105.5265, 18.5761], [105.5185, 18.5837], [105.5158, 18.5909], [105.5155, 18.5986], [105.5086, 18.6032], [105.5064, 18.6085], [105.5018, 18.6109], [105.492, 18.6106], [105.4866, 18.6125], [105.4765, 18.614], [105.4765, 18.6076], [105.465, 18.6052], [105.4594, 18.6011], [105.4508, 18.6015], [105.4431, 18.5996], [105.4348, 18.5875], [105.4278, 18.5872], [105.4247, 18.5885], [105.4209, 18.5859], [105.4176, 18.5906], [105.4093, 18.5843], [105.407, 18.5864], [105.3988, 18.5833], [105.3976, 18.5799], [105.3898, 18.5809], [105.3831, 18.5806], [105.3772, 18.5784], [105.3723, 18.5809], [105.3684, 18.5801], [105.3597, 18.5815], [105.3549, 18.5861], [105.3492, 18.5875], [105.3431, 18.5906], [105.3387, 18.5904], [105.3339, 18.5957], [105.3302, 18.6018], [105.324, 18.6019], [105.3218, 18.6036], [105.3059, 18.6068], [105.3021, 18.6135], [105.2956, 18.6219], [105.2893, 18.6197], [105.2833, 18.6234], [105.2735, 18.622], [105.2701, 18.6183], [105.2628, 18.6178], [105.2581, 18.6155], [105.2533, 18.611], [105.2409, 18.6044], [105.2326, 18.594], [105.2281, 18.5924], [105.2211, 18.5968], [105.2121, 18.5993], [105.2016, 18.599], [105.1966, 18.6017], [105.1911, 18.6], [105.1883, 18.6019]]], [[[105.8572, 18.7378], [105.8582, 18.7417], [105.8556, 18.7497], [105.8509, 18.7538], [105.842, 18.7526], [105.8374, 18.749], [105.8349, 18.7398], [105.8364, 18.7359], [105.8423, 18.7327], [105.8476, 18.7318], [105.8524, 18.7335], [105.8572, 18.7378]]], [[[105.8452, 18.7691], [105.8399, 18.7769], [105.8338, 18.7779], [105.8279, 18.7744], [105.8262, 18.7676], [105.8298, 18.759], [105.8399, 18.7539], [105.8471, 18.7585], [105.8475, 18.7616], [105.8452, 18.7691]]], [[[105.9527, 18.8056], [105.9582, 18.7946], [105.9645, 18.7897], [105.9659, 18.7955], [105.9585, 18.8022], [105.9527, 18.8056]]], [[[106.4622, 18.1016], [106.4609, 18.1065], [106.4547, 18.1026], [106.4622, 18.1016]]]]}, "properties": {"province_id": "ha_tinh", "name": "Hà Tĩnh", "population": 1617938, "area_km2": 5994.9}}, {"type": "Feature", "geometry": {"type": "MultiPolygon", "coordinates": [[[[106.1274, 20.9837], [106.1323, 20.9781], [106.1379, 20.9743], [106.1328, 20.9687], [106.1351, 20.9603], [106.1409, 20.9604], [106.1487, 20.9585], [106.1588, 20.951], [106.1575, 20.9477], [106.1507, 20.9443], [106.1527, 20.9417], [106.1515, 20.9344], [106.1486, 20.9276], [106.1496, 20.9244], [106.154, 20.9236], [106.1554, 20.9173], [106.1463, 20.913], [106.1422, 20.9076], [106.1369, 20.9047], [106.1382, 20.8955], [106.1466, 20.8887], [106.1461, 20.8807], [106.1432, 20.878], [106.1416, 20.8693], [106.1415, 20.8593], [106.1364, 20.8509], [106.1325, 20.8511], [106.1263, 20.8481], [106.1293, 20.8454], [106.1287, 20.8373], [106.1247, 20.8332], [106.1244, 20.8301], [106.1306, 20.8287], [106.1367, 20.8232], [106.14, 20.8176], [106.1371, 20.8094], [106.131, 20.8065], [106.1416, 20.7981], [106.1417, 20.7939], [106.1481, 20.7849], [106.1574, 20.7797], [106.162, 20.7842], [106.1664, 20.7843], [106.1711, 20.779], [106.1754, 20.7775], [106.1746, 20.7717], [106.1801, 20.764], [106.1849, 20.7633], [106.1889, 20.7667], [106.193, 20.7657], [106.1993, 20.7549], [106.2033, 20.7521], [106.2152, 20.7503], [106.2187, 20.7399], [106.2185, 20.7321], [106.2146, 20.7327], [106.2128, 20.7289], [106.2194, 20.7242], [106.2244, 20.7167], [106.2248, 20.7116], [106.2277, 20.7051], [106.2339, 20.7028], [106.2434, 20.6961], [106.249, 20.6867], [106.258, 20.6878], [106.2651, 20.6843], [106.2671, 20.6881], [106.2582, 20.6889], [106.253, 20.6905], [106.2492, 20.6949], [106.2519, 20.6993], [106.2609, 20.7038], [106.2668, 20.7035], [106.2722, 20.6951], [106.2753, 20.6929], [106.2849, 20.6933], [106.2898, 20.6954], [106.2873, 20.7001], [106.2828, 20.7047], [106.2836, 20.7107], [106.2861, 20.7114], [106.2922, 20.7087], [106.2948, 20.7056], [106.2937, 20.6966], [106.2988, 20.6911], [106.3032, 20.6903], [106.3103, 20.6948], [106.32, 20.6992], [106.3249, 20.7029], [106.3316, 20.71], [106.3376, 20.7116], [106.342, 20.7093], [106.3466, 20.7022], [106.3541, 20.7005], [106.3618, 20.7026], [106.3692, 20.7084], [106.3736, 20.7105], [106.3823, 20.7118], [106.4018, 20.729], [106.4075, 20.7285], [106.4089, 20.7223], [106.4172, 20.7168], [106.4161, 20.7131], [106.4123, 20.7123], [106.414, 20.7065], [106.4107, 20.7042], [106.4023, 20.6935], [106.4004, 20.6889], [106.4059, 20.6872], [106.4265, 20.6718], [106.4402, 20.6601], [106.4486, 20.646], [106.4551, 20.6391], [106.4549, 20.6325], [106.4501, 20.6217], [106.4506, 20.6197], [106.4598, 20.6176], [106.4672, 20.6121], [106.4696, 20.6066], [106.4703, 20.5994], [106.4741, 20.598], [106.4823, 20.5996], [106.4894, 20.6092], [106.492, 20.6157], [106.5061, 20.6151], [106.5146, 20.612], [106.518, 20.6085], [106.5195, 20.6024], [106.5289, 20.6027], [106.54, 20.6083], [106.5419, 20.6156], [106.5413, 20.6214], [106.5461, 20.6267], [106.5513, 20.6276], [106.5609, 20.6257], [106.5647, 20.621], [106.5695, 20.6199], [106.5861, 20.6278], [106.5916, 20.6353], [106.6014, 20.6396], [106.6066, 20.6312], [106.6118, 20.6271], [106.6167, 20.6254], [106.6229, 20.6253], [106.6306, 20.6277], [106.6347, 20.6276], [106.6423, 20.6243], [106.6507, 20.6181], [106.6566, 20.6124], [106.6902, 20.6326], [106.6946, 20.6379], [106.7013, 20.6485], [106.7084, 20.6631], [106.7074, 20.6698], [106.7077, 20.6856], [106.7168, 20.6863], [106.7247, 20.6907], [106.7291, 20.6951], [106.743, 20.7044], [106.767, 20.7148], [106.7699, 20.7095], [106.7738, 20.708], [106.7735, 20.7045], [106.7859, 20.7009], [106.7848, 20.6963], [106.7929, 20.6938], [106.7923, 20.6872], [106.7954, 20.6824], [106.8037, 20.6789], [106.8017, 20.6763], [106.8048, 20.6734], [106.8079, 20.6747], [106.8069, 20.6788], [106.8019, 20.6835], [106.7961, 20.6844], [106.7962, 20.6903], [106.7982, 20.6955], [106.7931, 20.6975], [106.792, 20.7043], [106.7989, 20.7138], [106.8018, 20.7201], [106.7923, 20.7223], [106.7894, 20.725], [106.7835, 20.7408], [106.7774, 20.7507], [106.7722, 20.7691], [106.7699, 20.7712], [106.7609, 20.7745], [106.7635, 20.7794], [106.7643, 20.7889], [106.77, 20.7955], [106.8227, 20.7912], [106.8521, 20.7907], [106.8604, 20.7903], [106.8695, 20.7923], [106.8794, 20.7958], [106.8861, 20.7934], [106.902, 20.7996], [106.902, 20.8054], [106.8954, 20.8091], [106.8915, 20.8151], [106.8848, 20.8189], [106.882, 20.8235], [106.8749, 20.828], [106.8736, 20.8338], [106.8447, 20.8194], [106.8331, 20.812], [106.8246, 20.8233], [106.8166, 20.829], [106.8083, 20.8311], [106.7887, 20.832], [106.7808, 20.8359], [106.7717, 20.8433], [106.7656, 20.8497], [106.7574, 20.8641], [106.7527, 20.879], [106.7531, 20.8829], [106.7565, 20.8912], [106.766, 20.9014], [106.7711, 20.9136], [106.7717, 20.9242], [106.7691, 20.9429], [106.7696, 20.9581], [106.7688, 20.9711], [106.7657, 20.9795], [106.7568, 20.9918], [106.7474, 20.9975], [106.7403, 20.999], [106.7237, 20.9967], [106.7087, 20.9991], [106.686, 21.0054], [106.677, 21.0101], [106.6531, 21.019], [106.6471, 21.0193], [106.642, 21.0148], [106.6342, 21.0114], [106.6235, 21.0121], [106.6157, 21.0198], [106.6107, 21.0211], [106.609, 21.0298], [106.6023, 21.0385], [106.5962, 21.0406], [106.5855, 21.0501], [106.5773, 21.0563], [106.5721, 21.0563], [106.5685, 21.0531], [106.5625, 21.0561], [106.5557, 21.0529], [106.546, 21.0546], [106.5375, 21.0521], [106.5331, 21.0475], [106.524, 21.0492], [106.5187, 21.0478], [106.5171, 21.0514], [106.5177, 21.059], [106.5088, 21.0586], [106.5036, 21.0565], [106.4998, 21.0575], [106.4986, 21.0607], [106.4873, 21.0679], [106.4767, 21.0695], [106.4584, 21.0649], [106.4552, 21.0657], [106.454, 21.0699], [106.4473, 21.07], [106.4455, 21.0759], [106.4406, 21.0797], [106.4443, 21.0845], [106.4456, 21.0896], [106.4507, 21.0944], [106.4497, 21.0966], [106.4433, 21.1008], [106.439, 21.1073], [106.4423, 21.1098], [106.4415, 21.1169], [106.4524, 21.1184], [106.4616, 21.1151], [106.4655, 21.1177], [106.473, 21.1188], [106.4738, 21.1227], [106.4838, 21.1287], [106.4812, 21.1334], [106.4841, 21.1365], [106.4837, 21.145], [106.4797, 21.1461], [106.4833, 21.1606], [106.4892, 21.1664], [106.487, 21.1724], [106.4929, 21.1835], [106.4969, 21.1847], [106.4945, 21.1991], [106.5003, 21.2008], [106.5008, 21.2033], [106.4984, 21.2112], [106.5019, 21.2244], [106.4988, 21.2274], [106.4873, 21.2287], [106.481, 21.2284], [106.4743, 21.2304], [106.4659, 21.226], [106.4584, 21.2293], [106.4556, 21.2327], [106.4524, 21.2305], [106.4463, 21.2311], [106.4437, 21.2288], [106.4347, 21.2286], [106.4319, 21.2312], [106.4258, 21.2317], [106.4227, 21.2234], [106.4174, 21.2231], [106.4151, 21.2134], [106.4125, 21.2078], [106.4012, 21.2043], [106.3934, 21.203], [106.3888, 21.1978], [106.3824, 21.1959], [106.3741, 21.1954], [106.3735, 21.1892], [106.371, 21.1843], [106.3643, 21.1788], [106.3651, 21.1744], [106.3604, 21.1715], [106.3562, 21.1728], [106.3516, 21.1711], [106.3478, 21.1735], [106.3452, 21.1716], [106.3364, 21.1724], [106.332, 21.1748], [106.3307, 21.1814], [106.3228, 21.1847], [106.3246, 21.1922], [106.3148, 21.1934], [106.3105, 21.19], [106.3091, 21.1848], [106.3102, 21.1786], [106.3155, 21.1673], [106.3212, 21.1585], [106.3229, 21.1532], [106.3216, 21.1432], [106.3175, 21.1358], [106.3117, 21.1289], [106.3052, 21.1265], [106.2984, 21.1206], [106.2959, 21.1141], [106.2957, 21.1051], [106.3025, 21.0857], [106.3023, 21.0737], [106.3038, 21.0696], [106.3106, 21.0589], [106.3067, 21.0526], [106.3021, 21.0491], [106.2927, 21.0395], [106.292, 21.0348], [106.2952, 21.0253], [106.2933, 21.0186], [106.2795, 21.0096], [106.2733, 21.0036], [106.272, 20.999], [106.273, 20.9917], [106.267, 20.9878], [106.2594, 20.99], [106.2529, 20.9965], [106.2463, 20.9977], [106.2448, 20.9914], [106.2403, 20.9918], [106.2334, 20.9955], [106.2264, 20.994], [106.2205, 20.9958], [106.2203, 20.9896], [106.2153, 20.9888], [106.2096, 20.9845], [106.203, 20.9833], [106.1918, 20.9791], [106.188, 20.9809], [106.1747, 20.9754], [106.1688, 20.97], [106.1632, 20.9755], [106.1695, 20.9848], [106.1594, 20.9902], [106.1571, 20.9882], [106.151, 20.9888], [106.1462, 20.9944], [106.1381, 21.0013], [106.1319, 20.9993], [106.1274, 20.9837]]], [[[106.934, 20.8226], [106.9326, 20.8232], [106.9323, 20.825], [106.9304, 20.8273], [106.9192, 20.8241], [106.9141, 20.8163], [106.9198, 20.8071], [106.9219, 20.801], [106.9284, 20.8], [106.9306, 20.802], [106.9302, 20.8068], [106.9339, 20.8099], [106.9335, 20.8156], [106.9348, 20.8173], [106.9373, 20.8179], [106.934, 20.8226]]], [[[106.9351, 20.8216], [106.9377, 20.8179], [106.9427, 20.8196], [106.9406, 20.8243], [106.9379, 20.8225], [106.9351, 20.8216]]], [[[106.9378, 20.8274], [106.9354, 20.8305], [106.9317, 20.8281], [106.9337, 20.8228], [106.938, 20.8228], [106.9395, 20.824], [106.9378, 20.8274]]], [[[106.9341, 20.8455], [106.9301, 20.8495], [106.925, 20.8493], [106.9199, 20.846], [106.9116, 20.833], [106.9111, 20.8302], [106.9061, 20.8266], [106.9121, 20.8199], [106.9154, 20.8211], [106.9206, 20.8264], [106.9293, 20.8278], [106.9346, 20.8312], [106.9405, 20.831], [106.9465, 20.8348], [106.9471, 20.8393], [106.942, 20.8459], [106.9341, 20.8455]]], [[[106.9662, 20.8751], [106.9628, 20.873], [106.9645, 20.8657], [106.9673, 20.8609], [106.9726, 20.86], [106.977, 20.8693], [106.9686, 20.8709], [106.9662, 20.8751]]], [[[107.0258, 20.7106], [107.0219, 20.7157], [107.018, 20.7148], [107.0194, 20.7095], [107.0258, 20.7106]]], [[[106.9542, 20.8736], [106.9502, 20.8771], [106.95, 20.8669], [106.9473, 20.8678], [106.9431, 20.8631], [106.9486, 20.8613], [106.9507, 20.8566], [106.9502, 20.8496], [106.9477, 20.849], [106.95, 20.8421], [106.9457, 20.8271], [106.9484, 20.8199], [106.9466, 20.8152], [106.9423, 20.8181], [106.9348, 20.8166], [106.9351, 20.8126], [106.934, 20.8095], [106.9308, 20.807], [106.931, 20.8019], [106.9286, 20.7995], [106.9248, 20.7992], [106.9173, 20.802], [106.9184, 20.7977], [106.9234, 20.7975], [106.9286, 20.7955], [106.9453, 20.7945], [106.9521, 20.7933], [106.9533, 20.7902], [106.9613, 20.7834], [106.9631, 20.7767], [106.9717, 20.7729], [106.9701, 20.7685], [106.9751, 20.7662], [106.9756, 20.7623], [106.9732, 20.7571], [106.9754, 20.7517], [106.9815, 20.7496], [106.986, 20.7462], [106.9884, 20.7395], [106.993, 20.7383], [106.9908, 20.7446], [106.9959, 20.7465], [106.999, 20.7503], [107.0051, 20.7498], [107.0071, 20.7451], [107.012, 20.7444], [107.017, 20.7469], [107.0199, 20.738], [107.0278, 20.7407], [107.0367, 20.7351], [107.0329, 20.7326], [107.0274, 20.7355], [107.0145, 20.7327], [107.0171, 20.7272], [107.0233, 20.7234], [107.0252, 20.7274], [107.0285, 20.7268], [107.032, 20.7214], [107.0345, 20.7251], [107.0309, 20.7316], [107.0406, 20.7296], [107.0401, 20.7245], [107.0472, 20.7256], [107.0512, 20.722], [107.0485, 20.7161], [107.0597, 20.7223], [107.0567, 20.7273], [107.0606, 20.7373], [107.0553, 20.7442], [107.0576, 20.748], [107.0653, 20.7441], [107.0671, 20.7418], [107.0656, 20.736], [107.0706, 20.7367], [107.0726, 20.7418], [107.0716, 20.7454], [107.061, 20.7525], [107.055, 20.7526], [107.0438, 20.7588], [107.0416, 20.7649], [107.0357, 20.77], [107.042, 20.7715], [107.0419, 20.7661], [107.0458, 20.7622], [107.0479, 20.7655], [107.0535, 20.7665], [107.0565, 20.77], [107.0455, 20.7719], [107.0465, 20.7743], [107.0528, 20.7745], [107.063, 20.7804], [107.0646, 20.7785], [107.0725, 20.783], [107.0702, 20.7919], [107.0632, 20.7971], [107.0615, 20.8056], [107.0548, 20.8109], [107.0574, 20.8148], [107.0634, 20.8147], [107.0632, 20.8069], [107.0682, 20.7974], [107.0756, 20.7865], [107.0849, 20.7877], [107.0844, 20.778], [107.0875, 20.7771], [107.0937, 20.7808], [107.0989, 20.7819], [107.0948, 20.7859], [107.0951, 20.7917], [107.0855, 20.7974], [107.0838, 20.8024], [107.09, 20.8057], [107.0924, 20.7974], [107.0969, 20.7957], [107.0975, 20.7922], [107.1059, 20.7932], [107.1091, 20.798], [107.1058, 20.8041], [107.103, 20.8005], [107.0991, 20.8013], [107.0994, 20.8059], [107.0963, 20.81], [107.0923, 20.8069], [107.0902, 20.8168], [107.0862, 20.817], [107.0821, 20.8214], [107.0761, 20.824], [107.0715, 20.8151], [107.0669, 20.8207], [107.0628, 20.8182], [107.0588, 20.8225], [107.0583, 20.8256], [107.0608, 20.8301], [107.0571, 20.8333], [107.0543, 20.8282], [107.0473, 20.8245], [107.0507, 20.8219], [107.0471, 20.8185], [107.0435, 20.8255], [107.0439, 20.8356], [107.0465, 20.842], [107.0461, 20.8469], [107.0406, 20.8496], [107.0406, 20.8525], [107.0369, 20.8608], [107.0314, 20.8597], [107.0247, 20.8625], [107.0084, 20.8598], [107.0081, 20.8517], [107.0125, 20.8474], [107.0078, 20.8459], [107.0008, 20.8488], [107.0038, 20.8536], [107.0027, 20.8576], [106.9947, 20.8617], [106.9878, 20.8589], [106.9852, 20.8537], [106.9854, 20.8482], [106.9811, 20.8494], [106.9812, 20.8527], [106.9716, 20.8563], [106.964, 20.8536], [106.9561, 20.8547], [106.9517, 20.8627], [106.9552, 20.8674], [106.9542, 20.8736]]], [[[107.0666, 20.7322], [107.0617, 20.7285], [107.0665, 20.7261], [107.0666, 20.7322]]], [[[107.0857, 20.7744], [107.0814, 20.7737], [107.0847, 20.766], [107.0879, 20.7632], [107.0915, 20.7641], [107.0902, 20.7691], [107.0944, 20.7714], [107.0921, 20.7746], [107.0857, 20.7744]]], [[[107.7441, 20.1579], [107.7462, 20.1659], [107.734, 20.1644], [107.7289, 20.1615], [107.7271, 20.1574], [107.7204, 20.1518], [107.7119, 20.1481], [107.7031, 20.1418], [107.6951, 20.1396], [107.6883, 20.1337], [107.6856, 20.1284], [107.6794, 20.124], [107.6822, 20.1218], [107.6917, 20.1234], [107.6982, 20.1208], [107.7068, 20.1242], [107.7134, 20.1234], [107.7207, 20.118], [107.7257, 20.1199], [107.7274, 20.1246], [107.7308, 20.1282], [107.7318, 20.1342], [107.7307, 20.1421], [107.7346, 20.1435], [107.7393, 20.1495], [107.7441, 20.1579]]], [[[107.1579, 20.6268], [107.1556, 20.6226], [107.1599, 20.6199], [107.1625, 20.6235], [107.1579, 20.6268]]]]}, "properties": {"province_id": "hai_phong", "name": "Hải Phòng", "population": 4664124, "area_km2": 3195.2}}, {"type": "Feature", "geometry": {"type": "Polygon", "coordinates": [[[108.1945, 16.2096], [108.1855, 16.2147], [108.1818, 16.2126], [108.175, 16.212], [108.1713, 16.2088], [108.1644, 16.211], [108.1595, 16.2155], [108.1556, 16.2153], [108.1483, 16.2211], [108.1444, 16.2186], [108.1431, 16.2139], [108.1401, 16.2128], [108.1342, 16.2173], [108.1282, 16.2165], [108.1204, 16.2126], [108.1174, 16.2129], [108.1092, 16.2195], [108.1066, 16.2181], [108.0933, 16.2288], [108.0905, 16.2271], [108.0866, 16.2337], [108.0598, 16.2732], [108.0482, 16.2912], [108.0377, 16.3091], [108.0409, 16.3137], [108.04, 16.3203], [108.0341, 16.3305], [108.0346, 16.3348], [108.0289, 16.3357], [108.0235, 16.3433], [108.0182, 16.3423], [108.017, 16.3351], [108.0242, 16.3285], [108.0254, 16.3261], [108.0202, 16.3195], [108.0095, 16.3139], [108.0028, 16.3131], [107.9959, 16.3139], [107.9798, 16.3172], [107.9676, 16.3242], [107.9603, 16.3316], [107.9521, 16.3432], [107.9464, 16.3472], [107.945, 16.344], [107.9413, 16.3435], [107.9277, 16.3518], [107.9228, 16.3555], [107.9189, 16.3563], [107.9051, 16.3676], [107.9007, 16.3671], [107.891, 16.3739], [107.8645, 16.3963], [107.8399, 16.4184], [107.8149, 16.4411], [107.7851, 16.4667], [107.7747, 16.4753], [107.7478, 16.4961], [107.734, 16.5062], [107.7105, 16.5247], [107.6907, 16.5385], [107.6639, 16.5551], [107.6531, 16.5607], [107.6323, 16.5699], [107.6259, 16.5721], [107.5915, 16.5911], [107.5776, 16.6007], [107.5664, 16.6074], [107.5549, 16.6152], [107.5131, 16.6459], [107.4932, 16.6616], [107.4595, 16.6891], [107.4418, 16.7022], [107.4068, 16.7307], [107.3889, 16.7432], [107.3836, 16.7399], [107.3703, 16.7341], [107.3563, 16.7097], [107.3531, 16.7083], [107.3579, 16.7036], [107.3578, 16.6991], [107.3502, 16.6963], [107.3483, 16.6924], [107.3374, 16.684], [107.3315, 16.6734], [107.3244, 16.6699], [107.3251, 16.6655], [107.3187, 16.6617], [107.3196, 16.6591], [107.3253, 16.6546], [107.3293, 16.6498], [107.3298, 16.6416], [107.3259, 16.6418], [107.3258, 16.6476], [107.3233, 16.6532], [107.3178, 16.6517], [107.3073, 16.6404], [107.3093, 16.6362], [107.3122, 16.6354], [107.3162, 16.6379], [107.3108, 16.6253], [107.3192, 16.6214], [107.3224, 16.6186], [107.3238, 16.614], [107.3286, 16.6085], [107.3229, 16.6003], [107.3174, 16.5947], [107.3034, 16.5861], [107.2959, 16.5839], [107.2886, 16.5766], [107.2836, 16.5753], [107.2774, 16.5714], [107.2712, 16.5662], [107.2657, 16.5712], [107.2562, 16.5736], [107.2483, 16.5813], [107.2449, 16.5872], [107.239, 16.5828], [107.2329, 16.5827], [107.2279, 16.5794], [107.2232, 16.58], [107.2187, 16.5776], [107.2139, 16.579], [107.2063, 16.579], [107.2027, 16.5827], [107.1914, 16.5813], [107.1878, 16.5793], [107.1844, 16.5807], [107.1795, 16.5776], [107.1688, 16.5781], [107.1565, 16.5733], [107.1539, 16.5747], [107.1441, 16.5716], [107.1407, 16.5718], [107.1367, 16.5684], [107.1276, 16.5652], [107.1233, 16.5605], [107.1244, 16.5581], [107.1218, 16.5523], [107.1154, 16.5526], [107.11, 16.5508], [107.1016, 16.5526], [107.0972, 16.5504], [107.0924, 16.5506], [107.088, 16.5463], [107.0764, 16.5457], [107.0744, 16.5424], [107.0614, 16.5462], [107.0602, 16.544], [107.0621, 16.5373], [107.056, 16.5238], [107.0586, 16.5187], [107.0675, 16.5106], [107.0715, 16.509], [107.0746, 16.5106], [107.0775, 16.5064], [107.0821, 16.5035], [107.0946, 16.5013], [107.0973, 16.4967], [107.0985, 16.4912], [107.1032, 16.4956], [107.1133, 16.491], [107.1196, 16.4868], [107.1253, 16.4815], [107.1288, 16.4764], [107.1358, 16.4564], [107.1354, 16.4537], [107.1245, 16.4424], [107.1081, 16.4413], [107.1041, 16.44], [107.0992, 16.4444], [107.0927, 16.4464], [107.0897, 16.4488], [107.0711, 16.4494], [107.0594, 16.4484], [107.0575, 16.4471], [107.0565, 16.4396], [107.0509, 16.4335], [107.0505, 16.4259], [107.0588, 16.414], [107.0649, 16.4104], [107.0633, 16.4053], [107.0584, 16.4012], [107.0586, 16.3964], [107.0504, 16.3823], [107.0456, 16.3808], [107.0406, 16.3735], [107.0291, 16.3689], [107.016, 16.3612], [107.0203, 16.3561], [107.0219, 16.351], [107.0241, 16.3334], [107.0217, 16.3268], [107.0222, 16.3209], [107.0262, 16.3129], [107.0357, 16.3069], [107.043, 16.301], [107.0461, 16.3004], [107.0513, 16.3068], [107.0696, 16.3039], [107.0731, 16.3083], [107.0811, 16.313], [107.0877, 16.3119], [107.112, 16.295], [107.1234, 16.2863], [107.1456, 16.271], [107.1496, 16.2638], [107.1518, 16.2632], [107.1567, 16.2554], [107.1537, 16.2525], [107.1549, 16.2471], [107.1526, 16.2407], [107.1495, 16.2361], [107.1554, 16.2315], [107.1498, 16.2235], [107.1469, 16.2215], [107.1446, 16.2143], [107.1483, 16.2091], [107.1473, 16.2031], [107.1499, 16.1997], [107.1495, 16.1885], [107.1558, 16.1833], [107.1576, 16.177], [107.1578, 16.1714], [107.1603, 16.1689], [107.1713, 16.1655], [107.1763, 16.1584], [107.1837, 16.1525], [107.1873, 16.1514], [107.1946, 16.1451], [107.1992, 16.1441], [107.2084, 16.1463], [107.2152, 16.1417], [107.2208, 16.1414], [107.2247, 16.1374], [107.2279, 16.1429], [107.24, 16.1478], [107.2458, 16.1475], [107.2483, 16.1415], [107.255, 16.1356], [107.2627, 16.1365], [107.2686, 16.1227], [107.2689, 16.1193], [107.2725, 16.1163], [107.2783, 16.1164], [107.2839, 16.1189], [107.2867, 16.1138], [107.2903, 16.1108], [107.2948, 16.1002], [107.3019, 16.0932], [107.3046, 16.0865], [107.3095, 16.08], [107.3191, 16.07], [107.324, 16.0708], [107.3276, 16.0683], [107.3298, 16.0598], [107.3378, 16.0561], [107.3469, 16.063], [107.3521, 16.0623], [107.3578, 16.0642], [107.3614, 16.0623], [107.3667, 16.0629], [107.3697, 16.0651], [107.3732, 16.072], [107.3787, 16.0744], [107.3891, 16.0633], [107.3988, 16.0626], [107.4029, 16.0729], [107.4026, 16.0773], [107.407, 16.0817], [107.4122, 16.0841], [107.4205, 16.0788], [107.429, 16.0786], [107.4348, 16.0833], [107.4398, 16.0823], [107.4432, 16.0836], [107.4463, 16.0911], [107.4543, 16.0869], [107.4552, 16.0802], [107.4623, 16.0759], [107.4607, 16.0729], [107.4484, 16.0622], [107.4454, 16.0549], [107.4452, 16.0502], [107.4469, 16.0387], [107.4522, 16.0372], [107.4562, 16.0338], [107.4597, 16.0282], [107.4627, 16.0288], [107.4675, 16.025], [107.4731, 16.0322], [107.4784, 16.0364], [107.4844, 16.036], [107.4869, 16.0404], [107.4904, 16.0411], [107.4955, 16.0392], [107.4988, 16.034], [107.502, 16.0333], [107.5045, 16.0291], [107.5059, 16.0223], [107.5124, 16.016], [107.519, 16.0144], [107.5222, 16.0166], [107.5326, 16.0148], [107.5446, 16.0106], [107.5498, 16.0118], [107.551, 16.0148], [107.5566, 16.0163], [107.5607, 16.0219], [107.5586, 16.0253], [107.5605, 16.0294], [107.5575, 16.0326], [107.5527, 16.0416], [107.5535, 16.0445], [107.558, 16.0461], [107.5642, 16.0518], [107.5714, 16.055], [107.5787, 16.0544], [107.5862, 16.0564], [107.5947, 16.0561], [107.6024, 16.0576], [107.6195, 16.0634], [107.624, 16.0567], [107.6251, 16.0528], [107.6249, 16.046], [107.6202, 16.0382], [107.6216, 16.0318], [107.633, 16.0305], [107.6448, 16.0238], [107.6479, 16.0231], [107.6507, 16.0192], [107.6575, 16.0194], [107.6644, 16.0182], [107.6723, 16.0116], [107.6733, 16.0062], [107.6765, 16.0043], [107.6765, 16.0001], [107.6796, 15.9982], [107.6954, 15.9949], [107.7076, 15.9955], [107.7111, 15.9995], [107.7179, 16.0028], [107.7246, 16.0081], [107.7265, 16.0117], [107.7282, 16.0222], [107.7258, 16.0264], [107.7266, 16.0304], [107.73, 16.0316], [107.7344, 16.0362], [107.7478, 16.0427], [107.7533, 16.0443], [107.7574, 16.0438], [107.7624, 16.05], [107.7698, 16.0516], [107.7706, 16.0553], [107.7754, 16.0618], [107.7746, 16.0665], [107.7814, 16.0627], [107.7875, 16.0675], [107.7944, 16.0627], [107.8011, 16.0605], [107.807, 16.0533], [107.8152, 16.0533], [107.8188, 16.0576], [107.8167, 16.0584], [107.8199, 16.0678], [107.8229, 16.0713], [107.8199, 16.0806], [107.8252, 16.0899], [107.8336, 16.0997], [107.8462, 16.1083], [107.8543, 16.1155], [107.8533, 16.1261], [107.8572, 16.1336], [107.8561, 16.1441], [107.8578, 16.1541], [107.864, 16.1578], [107.8702, 16.1587], [107.8732, 16.161], [107.8741, 16.1713], [107.8701, 16.1792], [107.8656, 16.1838], [107.8667, 16.1856], [107.8741, 16.1886], [107.8756, 16.1913], [107.8741, 16.1975], [107.8853, 16.2013], [107.8881, 16.2067], [107.8948, 16.2069], [107.9004, 16.2105], [107.9039, 16.2149], [107.9114, 16.2157], [107.9177, 16.2085], [107.9276, 16.1998], [107.9311, 16.1974], [107.9319, 16.1971], [107.9425, 16.195], [107.9478, 16.1924], [107.9495, 16.1913], [107.9543, 16.1902], [107.9663, 16.1946], [107.9708, 16.1999], [107.9773, 16.2036], [107.9797, 16.2096], [107.9861, 16.2144], [107.9881, 16.214], [107.9919, 16.2112], [108.0055, 16.2053], [108.0116, 16.197], [108.0145, 16.1947], [108.0187, 16.195], [108.0345, 16.1922], [108.0381, 16.1906], [108.0405, 16.1893], [108.0455, 16.1867], [108.055, 16.1806], [108.0569, 16.1801], [108.0644, 16.1845], [108.0715, 16.1832], [108.0784, 16.1839], [108.0858, 16.1826], [108.0915, 16.1816], [108.0988, 16.1877], [108.1049, 16.1864], [108.1086, 16.1843], [108.1136, 16.1828], [108.1174, 16.1824], [108.1239, 16.1845], [108.1432, 16.1999], [108.157, 16.2069], [108.1676, 16.204], [108.1896, 16.2101], [108.1943, 16.2094], [108.1945, 16.2096]]]}, "properties": {"province_id": "hue", "name": "Huế", "population": 1432986, "area_km2": 4946.9}}, {"type": "Feature", "geometry": {"type": "MultiPolygon", "coordinates": [[[[106.0012, 21.0003], [105.9919, 21.001], [105.9864, 20.9969], [105.9814, 20.9972], [105.9777, 20.9994], [105.9712, 20.9952], [105.9726, 20.9897], [105.9692, 20.9887], [105.9655, 20.991], [105.9618, 20.9883], [105.9643, 20.9832], [105.9618, 20.9759], [105.9652, 20.9725], [105.9645, 20.9634], [105.9596, 20.9642], [105.9527, 20.9684], [105.9486, 20.9695], [105.9386, 20.9677], [105.9323, 20.9735], [105.9157, 20.9751], [105.907, 20.9581], [105.9056, 20.9508], [105.9036, 20.9472], [105.9104, 20.9422], [105.9152, 20.9371], [105.9091, 20.9265], [105.9162, 20.9212], [105.9132, 20.9148], [105.9028, 20.9079], [105.8971, 20.9029], [105.8949, 20.8988], [105.8967, 20.8925], [105.9005, 20.8898], [105.9095, 20.8866], [105.9236, 20.879], [105.9331, 20.8723], [105.936, 20.8671], [105.9361, 20.8561], [105.932, 20.8501], [105.922, 20.8455], [105.9153, 20.8399], [105.9118, 20.8316], [105.9114, 20.8231], [105.9125, 20.8167], [105.9193, 20.7972], [105.9247, 20.7891], [105.9298, 20.7855], [105.9374, 20.7833], [105.9575, 20.7801], [105.9642, 20.7775], [105.9695, 20.7695], [105.9677, 20.7574], [105.9677, 20.7505], [105.9701, 20.7346], [105.9658, 20.7318], [105.9622, 20.7264], [105.9628, 20.7202], [105.9667, 20.7096], [105.9715, 20.7018], [105.976, 20.699], [105.9848, 20.7004], [105.9894, 20.7036], [106.0033, 20.7038], [106.0107, 20.7026], [106.0243, 20.6964], [106.0346, 20.6819], [106.0371, 20.6762], [106.0372, 20.6637], [106.0321, 20.648], [106.0324, 20.6403], [106.0386, 20.6279], [106.0541, 20.6116], [106.0651, 20.6049], [106.0766, 20.6031], [106.0829, 20.6059], [106.0877, 20.6108], [106.0965, 20.616], [106.1028, 20.6183], [106.1087, 20.6174], [106.1151, 20.6133], [106.1256, 20.6025], [106.1292, 20.5949], [106.1295, 20.5811], [106.1333, 20.5732], [106.137, 20.5707], [106.1578, 20.5651], [106.1619, 20.5635], [106.1694, 20.5548], [106.1731, 20.5466], [106.1775, 20.5275], [106.1794, 20.512], [106.1784, 20.4955], [106.1833, 20.4849], [106.1915, 20.4795], [106.2007, 20.4796], [106.2113, 20.4782], [106.2194, 20.475], [106.2255, 20.4677], [106.2251, 20.4577], [106.2207, 20.4462], [106.2119, 20.4332], [106.21, 20.4293], [106.2108, 20.4218], [106.2178, 20.4127], [106.223, 20.4095], [106.2324, 20.4066], [106.2407, 20.4055], [106.2586, 20.4064], [106.2752, 20.4045], [106.2796, 20.4027], [106.2837, 20.3985], [106.2866, 20.3893], [106.2855, 20.3833], [106.2828, 20.3788], [106.2742, 20.3721], [106.2609, 20.3631], [106.2542, 20.3559], [106.2521, 20.3484], [106.2524, 20.342], [106.257, 20.3319], [106.2625, 20.3275], [106.272, 20.3269], [106.2808, 20.3308], [106.2977, 20.3421], [106.308, 20.3523], [106.3213, 20.3612], [106.3322, 20.3732], [106.3363, 20.3767], [106.3424, 20.3759], [106.3492, 20.3623], [106.3562, 20.3535], [106.3653, 20.3477], [106.3721, 20.345], [106.3888, 20.3439], [106.3964, 20.34], [106.4072, 20.3317], [106.4188, 20.3148], [106.43, 20.3017], [106.4373, 20.2961], [106.4508, 20.2908], [106.4606, 20.2891], [106.474, 20.2906], [106.4829, 20.2938], [106.4882, 20.2975], [106.4956, 20.3069], [106.5019, 20.3091], [106.513, 20.3091], [106.5236, 20.3155], [106.5271, 20.3163], [106.5321, 20.3127], [106.5393, 20.3028], [106.554, 20.29], [106.5676, 20.2753], [106.5799, 20.2642], [106.5926, 20.2403], [106.6023, 20.2502], [106.6052, 20.2564], [106.6104, 20.2853], [106.6153, 20.3035], [106.6153, 20.3059], [106.6108, 20.312], [106.605, 20.3167], [106.5944, 20.3232], [106.5794, 20.3544], [106.5791, 20.3628], [106.5774, 20.3681], [106.5817, 20.3754], [106.5834, 20.3876], [106.5894, 20.4082], [106.596, 20.4255], [106.6009, 20.4463], [106.5977, 20.4689], [106.6016, 20.4759], [106.5996, 20.4926], [106.597, 20.5004], [106.5863, 20.5073], [106.5811, 20.5162], [106.5825, 20.526], [106.5865, 20.5326], [106.5853, 20.5372], [106.5901, 20.5406], [106.5851, 20.5502], [106.5954, 20.5631], [106.6085, 20.5775], [106.6149, 20.582], [106.6269, 20.5869], [106.6294, 20.5907], [106.6365, 20.5966], [106.6429, 20.5979], [106.6444, 20.6037], [106.65, 20.6086], [106.6566, 20.6124], [106.6507, 20.6181], [106.6423, 20.6243], [106.6347, 20.6276], [106.6306, 20.6277], [106.6229, 20.6253], [106.6167, 20.6254], [106.6118, 20.6271], [106.6066, 20.6312], [106.6014, 20.6396], [106.5916, 20.6353], [106.5861, 20.6278], [106.5695, 20.6199], [106.5647, 20.621], [106.5609, 20.6257], [106.5513, 20.6276], [106.5461, 20.6267], [106.5413, 20.6214], [106.5419, 20.6156], [106.54, 20.6083], [106.5289, 20.6027], [106.5195, 20.6024], [106.518, 20.6085], [106.5146, 20.612], [106.5061, 20.6151], [106.492, 20.6157], [106.4894, 20.6092], [106.4823, 20.5996], [106.4741, 20.598], [106.4703, 20.5994], [106.4696, 20.6066], [106.4672, 20.6121], [106.4598, 20.6176], [106.4506, 20.6197], [106.4501, 20.6217], [106.4549, 20.6325], [106.4551, 20.6391], [106.4486, 20.646], [106.4402, 20.6601], [106.4265, 20.6718], [106.4059, 20.6872], [106.4004, 20.6889], [106.4023, 20.6935], [106.4107, 20.7042], [106.414, 20.7065], [106.4123, 20.7123], [106.4161, 20.7131], [106.4172, 20.7168], [106.4089, 20.7223], [106.4075, 20.7285], [106.4018, 20.729], [106.3823, 20.7118], [106.3736, 20.7105], [106.3692, 20.7084], [106.3618, 20.7026], [106.3541, 20.7005], [106.3466, 20.7022], [106.342, 20.7093], [106.3376, 20.7116], [106.3316, 20.71], [106.3249, 20.7029], [106.32, 20.6992], [106.3103, 20.6948], [106.3032, 20.6903], [106.2988, 20.6911], [106.2937, 20.6966], [106.2948, 20.7056], [106.2922, 20.7087], [106.2861, 20.7114], [106.2836, 20.7107], [106.2828, 20.7047], [106.2873, 20.7001], [106.2898, 20.6954], [106.2849, 20.6933], [106.2753, 20.6929], [106.2722, 20.6951], [106.2668, 20.7035], [106.2609, 20.7038], [106.2519, 20.6993], [106.2492, 20.6949], [106.253, 20.6905], [106.2582, 20.6889], [106.2671, 20.6881], [106.2651, 20.6843], [106.258, 20.6878], [106.249, 20.6867], [106.2434, 20.6961], [106.2339, 20.7028], [106.2277, 20.7051], [106.2248, 20.7116], [106.2244, 20.7167], [106.2194, 20.7242], [106.2128, 20.7289], [106.2146, 20.7327], [106.2185, 20.7321], [106.2187, 20.7399], [106.2152, 20.7503], [106.2033, 20.7521], [106.1993, 20.7549], [106.193, 20.7657], [106.1889, 20.7667], [106.1849, 20.7633], [106.1801, 20.764], [106.1746, 20.7717], [106.1754, 20.7775], [106.1711, 20.779], [106.1664, 20.7843], [106.162, 20.7842], [106.1574, 20.7797], [106.1481, 20.7849], [106.1417, 20.7939], [106.1416, 20.7981], [106.131, 20.8065], [106.1371, 20.8094], [106.14, 20.8176], [106.1367, 20.8232], [106.1306, 20.8287], [106.1244, 20.8301], [106.1247, 20.8332], [106.1287, 20.8373], [106.1293, 20.8454], [106.1263, 20.8481], [106.1325, 20.8511], [106.1364, 20.8509], [106.1415, 20.8593], [106.1416, 20.8693], [106.1432, 20.878], [106.1461, 20.8807], [106.1466, 20.8887], [106.1382, 20.8955], [106.1369, 20.9047], [106.1422, 20.9076], [106.1463, 20.913], [106.1554, 20.9173], [106.154, 20.9236], [106.1496, 20.9244], [106.1486, 20.9276], [106.1515, 20.9344], [106.1527, 20.9417], [106.1507, 20.9443], [106.1575, 20.9477], [106.1588, 20.951], [106.1487, 20.9585], [106.1409, 20.9604], [106.1351, 20.9603], [106.1328, 20.9687], [106.1379, 20.9743], [106.1323, 20.9781], [106.1274, 20.9837], [106.12, 20.9849], [106.1152, 20.9834], [106.1157, 20.9957], [106.1092, 20.9997], [106.1021, 20.9973], [106.0898, 21.0071], [106.0878, 21.0043], [106.084, 21.0047], [106.0825, 20.9983], [106.077, 20.9954], [106.0658, 21.0011], [106.0596, 21.0003], [106.0511, 21.007], [106.0469, 21.004], [106.042, 21.0036], [106.0374, 20.9985], [106.0285, 20.9931], [106.0226, 20.9944], [106.0183, 20.9973], [106.0171, 21.0015], [106.0124, 21.0023], [106.0113, 20.9988], [106.0058, 20.9985], [106.0012, 21.0003]]], [[[106.6042, 20.4386], [106.6038, 20.4299], [106.5991, 20.4257], [106.5962, 20.4181], [106.5989, 20.4174], [106.6092, 20.4293], [106.6115, 20.4385], [106.6085, 20.4443], [106.6059, 20.4437], [106.6042, 20.4386]]], [[[106.6006, 20.4924], [106.6024, 20.4764], [106.6007, 20.4715], [106.6051, 20.4706], [106.6059, 20.4776], [106.6029, 20.4975], [106.6006, 20.4924]]]]}, "properties": {"province_id": "hung_yen", "name": "Hưng Yên", "population": 3567943, "area_km2": 2514.9}}, {"type": "Feature", "geometry": {"type": "MultiPolygon", "coordinates": [[[[108.6805, 12.3166], [108.6832, 12.318], [108.6879, 12.315], [108.688, 12.3121], [108.6936, 12.3125], [108.7015, 12.307], [108.705, 12.3013], [108.7041, 12.2941], [108.7012, 12.2907], [108.7026, 12.2836], [108.702, 12.2745], [108.7043, 12.2701], [108.7027, 12.2633], [108.7056, 12.2558], [108.7049, 12.2521], [108.6999, 12.2463], [108.7018, 12.2385], [108.7096, 12.2304], [108.7138, 12.2292], [108.719, 12.2249], [108.7218, 12.218], [108.7183, 12.2139], [108.7183, 12.2089], [108.712, 12.1994], [108.7097, 12.1909], [108.7139, 12.1884], [108.7191, 12.1816], [108.7201, 12.1732], [108.7251, 12.1692], [108.7253, 12.1663], [108.7291, 12.1621], [108.7277, 12.1578], [108.7225, 12.1568], [108.7201, 12.1541], [108.7153, 12.1554], [108.7067, 12.1547], [108.7033, 12.1495], [108.694, 12.1463], [108.6968, 12.1393], [108.6939, 12.1308], [108.6905, 12.1286], [108.6856, 12.1292], [108.6784, 12.1219], [108.674, 12.1195], [108.6823, 12.1151], [108.6934, 12.1041], [108.6959, 12.0998], [108.6994, 12.0981], [108.7011, 12.0938], [108.705, 12.0897], [108.7029, 12.0862], [108.7088, 12.0789], [108.7075, 12.0715], [108.7109, 12.0677], [108.7123, 12.0612], [108.7112, 12.0548], [108.7088, 12.0488], [108.7031, 12.0421], [108.6993, 12.0429], [108.6944, 12.0409], [108.6916, 12.0309], [108.6841, 12.0231], [108.6835, 12.0185], [108.6797, 12.0114], [108.6829, 12.0039], [108.6835, 11.9951], [108.6813, 11.9851], [108.6712, 11.9748], [108.662, 11.9617], [108.661, 11.9511], [108.665, 11.9468], [108.6653, 11.9386], [108.6614, 11.9265], [108.6641, 11.915], [108.6603, 11.9078], [108.6602, 11.9044], [108.6564, 11.9019], [108.6539, 11.8954], [108.6556, 11.8857], [108.6523, 11.8737], [108.6509, 11.8645], [108.654, 11.8556], [108.6529, 11.8441], [108.6457, 11.835], [108.6393, 11.8302], [108.6303, 11.8304], [108.6292, 11.8247], [108.6252, 11.8131], [108.6194, 11.8094], [108.6194, 11.8037], [108.6315, 11.7955], [108.6371, 11.7934], [108.655, 11.7927], [108.6581, 11.79], [108.6644, 11.788], [108.668, 11.7888], [108.6719, 11.7849], [108.6722, 11.7795], [108.6632, 11.761], [108.6678, 11.7469], [108.6733, 11.7432], [108.6901, 11.7347], [108.6901, 11.7276], [108.6951, 11.7173], [108.6949, 11.7113], [108.6964, 11.7071], [108.7011, 11.7001], [108.6932, 11.6985], [108.6874, 11.6881], [108.6867, 11.683], [108.6835, 11.6766], [108.6786, 11.6695], [108.6696, 11.6636], [108.664, 11.6666], [108.6581, 11.6669], [108.6486, 11.6637], [108.6432, 11.6607], [108.6254, 11.6537], [108.6222, 11.6501], [108.6193, 11.6514], [108.6073, 11.6498], [108.6027, 11.6481], [108.5972, 11.6491], [108.5907, 11.6468], [108.5846, 11.6415], [108.5791, 11.6413], [108.5759, 11.6395], [108.5682, 11.6419], [108.5624, 11.6423], [108.5577, 11.6352], [108.5532, 11.6323], [108.5527, 11.6209], [108.5538, 11.6187], [108.5518, 11.6112], [108.5545, 11.6072], [108.5521, 11.6014], [108.5668, 11.5811], [108.5717, 11.5787], [108.5765, 11.569], [108.5776, 11.565], [108.5817, 11.5602], [108.5827, 11.5555], [108.6423, 11.5503], [108.643, 11.5498], [108.659, 11.5039], [108.6641, 11.4998], [108.6757, 11.4783], [108.6794, 11.4725], [108.69, 11.4689], [108.7052, 11.4647], [108.7082, 11.4614], [108.7131, 11.4607], [108.7182, 11.4629], [108.7249, 11.4685], [108.7505, 11.471], [108.7616, 11.4697], [108.7604, 11.4495], [108.7587, 11.4345], [108.7569, 11.4113], [108.7786, 11.3963], [108.7833, 11.3934], [108.7846, 11.3879], [108.7933, 11.3855], [108.8035, 11.3817], [108.8376, 11.3768], [108.8437, 11.3762], [108.8455, 11.3645], [108.8499, 11.3624], [108.8578, 11.3543], [108.8651, 11.3505], [108.8692, 11.3535], [108.8743, 11.3524], [108.877, 11.354], [108.8765, 11.3404], [108.8719, 11.3337], [108.8639, 11.3328], [108.8738, 11.3326], [108.8746, 11.3355], [108.8793, 11.3375], [108.8852, 11.337], [108.8979, 11.331], [108.8998, 11.3268], [108.9103, 11.3215], [108.9153, 11.318], [108.9188, 11.3125], [108.9196, 11.3077], [108.9245, 11.3106], [108.9291, 11.308], [108.9348, 11.3079], [108.9377, 11.3117], [108.9494, 11.3135], [108.9636, 11.3164], [108.9717, 11.3232], [108.9755, 11.3286], [108.9819, 11.3298], [108.9891, 11.3372], [108.9904, 11.3431], [108.9931, 11.3449], [108.9937, 11.3492], [109.0012, 11.3487], [109.0051, 11.3556], [109.0145, 11.3559], [109.0191, 11.3603], [109.0207, 11.3685], [109.0117, 11.3736], [109.0079, 11.3831], [109.0061, 11.3946], [109.0072, 11.3994], [109.0055, 11.4043], [109.0063, 11.4118], [109.0112, 11.4161], [109.013, 11.4215], [109.013, 11.4311], [109.0121, 11.4372], [109.0082, 11.4446], [109.0125, 11.4535], [109.0146, 11.47], [109.0115, 11.4972], [109.0122, 11.514], [109.015, 11.5238], [109.0192, 11.5306], [109.0294, 11.538], [109.0325, 11.5463], [109.0349, 11.5497], [109.0311, 11.5515], [109.0271, 11.557], [109.0244, 11.5664], [109.0255, 11.5738], [109.0275, 11.5785], [109.0351, 11.5876], [109.042, 11.589], [109.0481, 11.5887], [109.0652, 11.5818], [109.0715, 11.5827], [109.0766, 11.5859], [109.0903, 11.5875], [109.0973, 11.5855], [109.1066, 11.5794], [109.1125, 11.5783], [109.1234, 11.573], [109.1303, 11.5649], [109.1284, 11.575], [109.132, 11.5809], [109.1394, 11.584], [109.1415, 11.594], [109.1466, 11.6048], [109.1471, 11.6103], [109.1523, 11.6199], [109.1576, 11.6239], [109.1621, 11.6241], [109.1659, 11.6215], [109.1678, 11.6337], [109.1715, 11.6449], [109.1741, 11.6486], [109.1726, 11.6529], [109.1733, 11.664], [109.177, 11.6708], [109.1774, 11.6768], [109.1834, 11.6793], [109.1898, 11.6847], [109.1879, 11.6914], [109.1938, 11.6946], [109.193, 11.6989], [109.1968, 11.7004], [109.1981, 11.7051], [109.2028, 11.7061], [109.1989, 11.716], [109.211, 11.717], [109.217, 11.7198], [109.219, 11.7169], [109.2247, 11.7211], [109.2285, 11.7211], [109.2335, 11.7277], [109.231, 11.738], [109.2305, 11.7482], [109.2257, 11.7454], [109.221, 11.7473], [109.2251, 11.752], [109.2116, 11.7592], [109.2145, 11.7637], [109.2124, 11.7709], [109.2075, 11.7748], [109.2037, 11.7754], [109.1952, 11.7849], [109.1903, 11.7861], [109.1867, 11.7922], [109.1853, 11.8017], [109.1857, 11.8071], [109.1917, 11.8145], [109.1852, 11.8136], [109.1819, 11.8166], [109.1811, 11.8222], [109.1839, 11.8314], [109.1794, 11.8344], [109.1776, 11.844], [109.1817, 11.8509], [109.1797, 11.8548], [109.183, 11.8612], [109.1896, 11.8676], [109.1902, 11.8701], [109.2059, 11.8806], [109.2148, 11.8827], [109.2233, 11.8809], [109.2321, 11.8806], [109.2379, 11.8761], [109.2395, 11.8704], [109.2476, 11.8637], [109.2469, 11.8566], [109.2548, 11.8645], [109.2599, 11.8656], [109.2624, 11.8613], [109.2712, 11.8653], [109.2764, 11.8727], [109.2808, 11.8768], [109.2812, 11.8801], [109.2778, 11.8827], [109.2722, 11.8824], [109.2723, 11.887], [109.2678, 11.8934], [109.2673, 11.898], [109.2625, 11.9019], [109.2594, 11.9129], [109.2583, 11.9237], [109.2612, 11.9313], [109.2663, 11.9361], [109.2728, 11.9347], [109.2767, 11.9452], [109.2817, 11.9447], [109.2838, 11.9497], [109.2819, 11.953], [109.2764, 11.9508], [109.2702, 11.9564], [109.2722, 11.971], [109.2703, 11.9748], [109.2659, 11.9744], [109.2594, 11.979], [109.2547, 11.9755], [109.25, 11.9777], [109.2419, 11.9881], [109.2375, 11.9965], [109.2272, 12.0127], [109.2175, 12.0308], [109.2113, 12.0446], [109.2062, 12.054], [109.2017, 12.0649], [109.1972, 12.0807], [109.1953, 12.0896], [109.1947, 12.1092], [109.1966, 12.1176], [109.2061, 12.1179], [109.2119, 12.1229], [109.2118, 12.1279], [109.2144, 12.1372], [109.2175, 12.1401], [109.2237, 12.1412], [109.2221, 12.1524], [109.2183, 12.1561], [109.2011, 12.1636], [109.2016, 12.1732], [109.2052, 12.1715], [109.2092, 12.1792], [109.2097, 12.1843], [109.2066, 12.1889], [109.2148, 12.1982], [109.2153, 12.2062], [109.2169, 12.2113], [109.2115, 12.2139], [109.2073, 12.218], [109.2014, 12.2271], [109.1992, 12.2325], [109.1975, 12.241], [109.197, 12.2535], [109.2004, 12.2639], [109.2064, 12.2682], [109.2026, 12.276], [109.2032, 12.2824], [109.2073, 12.2907], [109.2115, 12.2916], [109.2212, 12.2958], [109.23, 12.2939], [109.2352, 12.2953], [109.2373, 12.2992], [109.2413, 12.302], [109.2427, 12.3058], [109.2351, 12.3077], [109.2262, 12.3167], [109.2223, 12.3182], [109.2214, 12.3216], [109.2175, 12.3222], [109.2108, 12.3259], [109.2096, 12.3317], [109.2024, 12.3354], [109.2014, 12.3393], [109.2037, 12.3437], [109.1979, 12.3476], [109.1992, 12.3555], [109.196, 12.3594], [109.1987, 12.3665], [109.1968, 12.374], [109.1971, 12.3809], [109.2008, 12.3871], [109.1985, 12.3971], [109.1933, 12.3972], [109.1911, 12.4002], [109.1816, 12.4049], [109.1785, 12.403], [109.1727, 12.4078], [109.1716, 12.4027], [109.169, 12.4024], [109.1626, 12.4057], [109.1588, 12.4116], [109.1594, 12.4194], [109.1567, 12.4236], [109.16, 12.4318], [109.1639, 12.4346], [109.1663, 12.4399], [109.1708, 12.4436], [109.1762, 12.4546], [109.1781, 12.4555], [109.1879, 12.4474], [109.1922, 12.4461], [109.1944, 12.4419], [109.2074, 12.4379], [109.2112, 12.4327], [109.2141, 12.4315], [109.2188, 12.4253], [109.2249, 12.4212], [109.2254, 12.4164], [109.2311, 12.4118], [109.2357, 12.4116], [109.2378, 12.4051], [109.2424, 12.4052], [109.2472, 12.3938], [109.2542, 12.387], [109.2603, 12.3789], [109.2649, 12.3755], [109.2603, 12.3718], [109.261, 12.3624], [109.2648, 12.3594], [109.2724, 12.3569], [109.2779, 12.3581], [109.2784, 12.3534], [109.2847, 12.3476], [109.2928, 12.3459], [109.2968, 12.3521], [109.3006, 12.3549], [109.2993, 12.3628], [109.3013, 12.3674], [109.3025, 12.3813], [109.3078, 12.3882], [109.3117, 12.3894], [109.3188, 12.3841], [109.3199, 12.3775], [109.3261, 12.373], [109.3305, 12.3778], [109.3256, 12.3844], [109.331, 12.3885], [109.3365, 12.388], [109.3419, 12.3967], [109.342, 12.3993], [109.3384, 12.4069], [109.3298, 12.407], [109.3256, 12.4132], [109.319, 12.4179], [109.3077, 12.4161], [109.3021, 12.4186], [109.2997, 12.424], [109.2927, 12.4236], [109.2884, 12.4305], [109.2855, 12.4408], [109.2857, 12.4447], [109.2899, 12.4494], [109.2901, 12.4535], [109.2879, 12.4568], [109.2932, 12.4619], [109.2944, 12.4664], [109.2928, 12.47], [109.2974, 12.4734], [109.2961, 12.4789], [109.2916, 12.4799], [109.2849, 12.4889], [109.2811, 12.4899], [109.2772, 12.4858], [109.2686, 12.4937], [109.2624, 12.497], [109.2517, 12.5067], [109.2476, 12.5083], [109.244, 12.5071], [109.2395, 12.5085], [109.237, 12.5174], [109.2373, 12.5211], [109.2327, 12.5257], [109.2303, 12.5344], [109.2304, 12.5509], [109.233, 12.565], [109.2364, 12.5735], [109.2434, 12.5775], [109.2453, 12.5798], [109.2435, 12.5861], [109.2376, 12.588], [109.2319, 12.5934], [109.223, 12.5864], [109.22, 12.5782], [109.2148, 12.5744], [109.2117, 12.5699], [109.2031, 12.5696], [109.1977, 12.5683], [109.1951, 12.5754], [109.1994, 12.5817], [109.2041, 12.5944], [109.2021, 12.5972], [109.2023, 12.612], [109.2051, 12.6169], [109.2012, 12.6217], [109.1964, 12.6198], [109.1914, 12.6245], [109.1902, 12.6292], [109.1926, 12.637], [109.1972, 12.6442], [109.2011, 12.646], [109.2035, 12.6497], [109.2072, 12.6499], [109.2115, 12.6465], [109.2146, 12.6488], [109.2159, 12.6545], [109.2102, 12.6627], [109.2105, 12.6677], [109.2234, 12.6842], [109.2264, 12.6917], [109.2328, 12.6975], [109.2419, 12.7025], [109.2468, 12.7038], [109.2552, 12.7019], [109.2596, 12.7104], [109.2655, 12.7122], [109.2687, 12.7173], [109.2737, 12.7289], [109.2792, 12.7343], [109.2814, 12.7321], [109.2885, 12.7383], [109.2928, 12.7438], [109.295, 12.7496], [109.301, 12.7536], [109.3049, 12.7609], [109.3101, 12.7603], [109.3151, 12.7654], [109.32, 12.7659], [109.3243, 12.764], [109.3276, 12.7708], [109.3301, 12.784], [109.3293, 12.786], [109.3319, 12.7938], [109.3444, 12.7997], [109.3496, 12.7992], [109.3547, 12.7906], [109.3531, 12.7632], [109.3586, 12.752], [109.3615, 12.7442], [109.3672, 12.7349], [109.3688, 12.7298], [109.3726, 12.7239], [109.3741, 12.7186], [109.3797, 12.7139], [109.3774, 12.7059], [109.3728, 12.7047], [109.3696, 12.7011], [109.3707, 12.6944], [109.365, 12.6882], [109.3585, 12.688], [109.3572, 12.6946], [109.3549, 12.6944], [109.3494, 12.6861], [109.3467, 12.6786], [109.3475, 12.6753], [109.3443, 12.6685], [109.3333, 12.6613], [109.3387, 12.6518], [109.3416, 12.6575], [109.3506, 12.6621], [109.3544, 12.6583], [109.3544, 12.6531], [109.3584, 12.6526], [109.3623, 12.6498], [109.3606, 12.6467], [109.3642, 12.6421], [109.3681, 12.6468], [109.3646, 12.6526], [109.3701, 12.6557], [109.3707, 12.6592], [109.3663, 12.6658], [109.3686, 12.6729], [109.3743, 12.6744], [109.3802, 12.6698], [109.3886, 12.6709], [109.3928, 12.6687], [109.3947, 12.672], [109.3909, 12.6796], [109.3965, 12.6841], [109.397, 12.6774], [109.4006, 12.6755], [109.4022, 12.6704], [109.4074, 12.6679], [109.4091, 12.6559], [109.4089, 12.6483], [109.4097, 12.6367], [109.3905, 12.6303], [109.3922, 12.6237], [109.395, 12.6212], [109.3977, 12.6126], [109.3974, 12.6071], [109.4031, 12.6078], [109.4056, 12.6029], [109.4108, 12.6051], [109.4146, 12.6031], [109.4153, 12.5992], [109.4136, 12.5942], [109.4152, 12.5902], [109.4153, 12.5779], [109.4204, 12.5772], [109.4247, 12.5736], [109.4273, 12.5759], [109.4322, 12.5663], [109.4361, 12.5644], [109.4403, 12.5682], [109.4401, 12.5802], [109.4354, 12.5852], [109.4371, 12.5884], [109.4368, 12.5946], [109.43, 12.5959], [109.4297, 12.6009], [109.4333, 12.6075], [109.4356, 12.6229], [109.4334, 12.6257], [109.4369, 12.6314], [109.4342, 12.6344], [109.4355, 12.6429], [109.4373, 12.6469], [109.4547, 12.6501], [109.4572, 12.6477], [109.4606, 12.6508], [109.4572, 12.653], [109.4584, 12.6593], [109.454, 12.6673], [109.4473, 12.6676], [109.4435, 12.664], [109.4389, 12.6711], [109.4363, 12.6685], [109.4304, 12.6675], [109.4266, 12.6686], [109.4175, 12.6805], [109.4112, 12.6914], [109.4107, 12.6948], [109.417, 12.7023], [109.409, 12.6999], [109.4047, 12.7007], [109.4011, 12.705], [109.3923, 12.7189], [109.3831, 12.7351], [109.3719, 12.7591], [109.3665, 12.7727], [109.3618, 12.7867], [109.3594, 12.7971], [109.3589, 12.8102], [109.3626, 12.8143], [109.3571, 12.8216], [109.3598, 12.8295], [109.3652, 12.8369], [109.3773, 12.8367], [109.3884, 12.8431], [109.3769, 12.8548], [109.3747, 12.8561], [109.3714, 12.8622], [109.3645, 12.8664], [109.3621, 12.8604], [109.3491, 12.8567], [109.3441, 12.8525], [109.3411, 12.8473], [109.3383, 12.8491], [109.3288, 12.8476], [109.3265, 12.8407], [109.322, 12.8391], [109.3193, 12.8354], [109.3153, 12.8385], [109.3143, 12.8429], [109.3083, 12.8391], [109.303, 12.8388], [109.3005, 12.841], [109.2953, 12.8364], [109.2814, 12.8323], [109.2786, 12.8342], [109.2685, 12.8322], [109.2586, 12.8382], [109.2548, 12.838], [109.2514, 12.8354], [109.2458, 12.827], [109.2301, 12.8165], [109.226, 12.8128], [109.22, 12.817], [109.2168, 12.8207], [109.2137, 12.8274], [109.2076, 12.8298], [109.1989, 12.829], [109.1951, 12.8307], [109.1903, 12.8283], [109.1766, 12.8261], [109.1672, 12.8266], [109.163, 12.8239], [109.1597, 12.8144], [109.1565, 12.8133], [109.1535, 12.8039], [109.15, 12.7997], [109.1454, 12.79], [109.1407, 12.7826], [109.1373, 12.7817], [109.1341, 12.7866], [109.1244, 12.7954], [109.118, 12.798], [109.116, 12.7972], [109.1157, 12.79], [109.1124, 12.7886], [109.1076, 12.7787], [109.1068, 12.7722], [109.1025, 12.7701], [109.1023, 12.7668], [109.0979, 12.7655], [109.0901, 12.76], [109.0923, 12.7512], [109.0874, 12.7443], [109.0814, 12.7424], [109.0726, 12.7464], [109.0682, 12.7525], [109.0652, 12.7522], [109.0596, 12.7439], [109.0466, 12.7467], [109.0373, 12.7429], [109.0379, 12.736], [109.0315, 12.7344], [109.0244, 12.7357], [109.0177, 12.7302], [109.0133, 12.7292], [109.0134, 12.7183], [109.0078, 12.7187], [109.004, 12.7139], [108.9909, 12.7048], [108.9866, 12.7041], [108.9866, 12.6961], [108.9891, 12.6906], [108.9844, 12.6889], [108.9792, 12.6839], [108.971, 12.6835], [108.9662, 12.6866], [108.9635, 12.6844], [108.9542, 12.6881], [108.9489, 12.6891], [108.9427, 12.6943], [108.9334, 12.6887], [108.9294, 12.6847], [108.9237, 12.6841], [108.9189, 12.6792], [108.9087, 12.6786], [108.9026, 12.6761], [108.9017, 12.672], [108.914, 12.6614], [108.9128, 12.6457], [108.9116, 12.6411], [108.895, 12.6242], [108.8881, 12.6233], [108.8828, 12.6267], [108.8749, 12.6252], [108.8689, 12.6191], [108.8621, 12.6076], [108.8615, 12.6045], [108.8631, 12.5949], [108.8688, 12.5903], [108.8793, 12.5877], [108.8837, 12.5809], [108.8921, 12.5803], [108.8946, 12.5747], [108.893, 12.5675], [108.8973, 12.5643], [108.8937, 12.556], [108.8908, 12.5461], [108.886, 12.5439], [108.8805, 12.5386], [108.8734, 12.5269], [108.8727, 12.5228], [108.8768, 12.5173], [108.872, 12.5108], [108.8727, 12.5062], [108.8674, 12.5032], [108.8606, 12.4958], [108.8583, 12.4917], [108.8772, 12.4812], [108.8784, 12.4778], [108.8758, 12.4699], [108.8696, 12.4669], [108.8704, 12.463], [108.8679, 12.4565], [108.8632, 12.4532], [108.8547, 12.4569], [108.8499, 12.4573], [108.846, 12.4619], [108.8368, 12.463], [108.8318, 12.4704], [108.8271, 12.4706], [108.8202, 12.475], [108.8207, 12.4776], [108.8143, 12.4832], [108.8097, 12.4847], [108.805, 12.4809], [108.7986, 12.4818], [108.7954, 12.4865], [108.7971, 12.4914], [108.7945, 12.497], [108.7913, 12.4999], [108.784, 12.5014], [108.7786, 12.5059], [108.7681, 12.5034], [108.763, 12.498], [108.7584, 12.4983], [108.755, 12.5005], [108.7511, 12.4976], [108.7476, 12.4798], [108.7376, 12.4763], [108.732, 12.4772], [108.7215, 12.4806], [108.7208, 12.4826], [108.7149, 12.4842], [108.7074, 12.4774], [108.6999, 12.4725], [108.6988, 12.4613], [108.6903, 12.4531], [108.6845, 12.4463], [108.6814, 12.4396], [108.6727, 12.4315], [108.6726, 12.4279], [108.6693, 12.4227], [108.6763, 12.4155], [108.6797, 12.4147], [108.6784, 12.4084], [108.6728, 12.4018], [108.6777, 12.3928], [108.6839, 12.3911], [108.686, 12.3875], [108.6834, 12.3792], [108.6882, 12.3774], [108.6892, 12.3725], [108.6872, 12.3696], [108.6875, 12.3644], [108.6812, 12.3591], [108.677, 12.348], [108.6787, 12.3419], [108.683, 12.3345], [108.683, 12.3265], [108.6853, 12.3233], [108.6804, 12.3198], [108.6805, 12.3166]]], [[[109.2202, 11.7837], [109.2137, 11.7863], [109.2132, 11.7803], [109.2162, 11.7747], [109.2208, 11.7718], [109.2224, 11.7816], [109.2202, 11.7837]]], [[[109.227, 11.8462], [109.2257, 11.8496], [109.2213, 11.8518], [109.2208, 11.8474], [109.2251, 11.8454], [109.224, 11.8371], [109.2283, 11.8325], [109.2386, 11.8288], [109.2404, 11.8352], [109.2456, 11.8329], [109.2497, 11.8331], [109.2524, 11.8372], [109.2511, 11.8404], [109.2463, 11.8431], [109.2493, 11.8482], [109.2465, 11.8511], [109.2421, 11.8494], [109.2433, 11.8414], [109.2393, 11.8384], [109.2317, 11.8418], [109.227, 11.8462]]], [[[109.3129, 12.1666], [109.3051, 12.1714], [109.2972, 12.1704], [109.2995, 12.1643], [109.3034, 12.1635], [109.3129, 12.1666]]], [[[109.252, 12.1701], [109.2486, 12.1775], [109.2441, 12.1801], [109.2361, 12.1792], [109.2361, 12.1759], [109.252, 12.1701]]], [[[109.2742, 12.1737], [109.2778, 12.176], [109.2769, 12.1791], [109.272, 12.1814], [109.2709, 12.1754], [109.2742, 12.1737]]], [[[109.2273, 12.1947], [109.2236, 12.1976], [109.219, 12.191], [109.2255, 12.1844], [109.2342, 12.1947], [109.2273, 12.1947]]], [[[109.2731, 12.231], [109.2651, 12.2337], [109.2624, 12.2282], [109.2601, 12.2176], [109.2569, 12.218], [109.2527, 12.2215], [109.245, 12.2241], [109.2439, 12.2295], [109.2373, 12.2327], [109.234, 12.2323], [109.2304, 12.226], [109.2399, 12.2243], [109.2401, 12.2155], [109.2438, 12.2095], [109.2496, 12.2082], [109.2578, 12.1999], [109.2664, 12.1971], [109.2696, 12.1973], [109.2726, 12.1937], [109.2731, 12.1884], [109.2773, 12.1839], [109.2842, 12.1807], [109.2938, 12.1831], [109.2952, 12.1852], [109.2897, 12.1887], [109.2901, 12.1959], [109.2959, 12.2008], [109.3003, 12.2], [109.297, 12.1957], [109.3002, 12.1921], [109.306, 12.1924], [109.3105, 12.1898], [109.3163, 12.1914], [109.3163, 12.1862], [109.3246, 12.1848], [109.3255, 12.1894], [109.3357, 12.1946], [109.3289, 12.204], [109.3277, 12.2097], [109.331, 12.2111], [109.3315, 12.2174], [109.3278, 12.2219], [109.3251, 12.22], [109.3207, 12.2211], [109.3183, 12.2275], [109.3158, 12.2269], [109.3118, 12.2144], [109.3059, 12.2131], [109.3046, 12.2187], [109.2985, 12.2232], [109.2973, 12.23], [109.2872, 12.2296], [109.2832, 12.2274], [109.2762, 12.2281], [109.2731, 12.231]]], [[[109.2376, 12.3947], [109.2304, 12.3994], [109.2238, 12.3901], [109.2231, 12.3855], [109.2325, 12.3831], [109.2346, 12.3808], [109.2387, 12.3833], [109.2403, 12.3876], [109.2376, 12.3947]]], [[[109.3048, 12.4906], [109.3117, 12.4973], [109.3057, 12.4971], [109.2985, 12.4943], [109.2948, 12.4944], [109.2918, 12.4883], [109.2953, 12.4858], [109.3027, 12.4865], [109.3048, 12.4906]]], [[[109.3107, 12.72], [109.3119, 12.7235], [109.3059, 12.7239], [109.2958, 12.7184], [109.2947, 12.7112], [109.3026, 12.7119], [109.3048, 12.7161], [109.3107, 12.72]]], [[[111.5711, 7.5682], [111.5657, 7.5734], [111.5549, 7.576], [111.5472, 7.5743], [111.54, 7.5706], [111.5376, 7.5633], [111.5361, 7.5473], [111.5342, 7.5392], [111.5258, 7.5221], [111.5256, 7.5164], [111.5291, 7.5114], [111.5357, 7.5082], [111.5428, 7.5082], [111.5477, 7.5109], [111.5507, 7.5155], [111.5504, 7.5229], [111.5486, 7.5289], [111.5496, 7.5332], [111.5556, 7.5417], [111.5601, 7.5467], [111.5632, 7.5475], [111.5685, 7.5523], [111.5685, 7.5559], [111.5733, 7.5602], [111.5711, 7.5682]]], [[[111.614, 7.5688], [111.6237, 7.5791], [111.6215, 7.5808], [111.6161, 7.5784], [111.608, 7.5712], [111.6037, 7.5698], [111.5967, 7.5712], [111.5957, 7.5692], [111.602, 7.565], [111.6076, 7.5638], [111.614, 7.5688]]], [[[111.7001, 7.6452], [111.6983, 7.644], [111.6926, 7.6491], [111.6844, 7.6464], [111.678, 7.6393], [111.6644, 7.64], [111.6601, 7.6386], [111.6527, 7.632], [111.6473, 7.6226], [111.6474, 7.6141], [111.6538, 7.6093], [111.6588, 7.6092], [111.6683, 7.6154], [111.6754, 7.6212], [111.6973, 7.6357], [111.7065, 7.6457], [111.7054, 7.6488], [111.7001, 7.6452]]], [[[111.5608, 7.645], [111.5581, 7.6521], [111.5524, 7.6599], [111.5454, 7.6648], [111.5422, 7.6599], [111.5451, 7.6527], [111.5435, 7.6451], [111.5455, 7.6389], [111.55, 7.6412], [111.5567, 7.6424], [111.5608, 7.645]]], [[[111.727, 7.6608], [111.7217, 7.6682], [111.7188, 7.6664], [111.7214, 7.6623], [111.7223, 7.6575], [111.727, 7.6608]]], [[[111.7144, 7.6711], [111.7065, 7.6779], [111.7023, 7.6781], [111.7057, 7.6664], [111.7146, 7.6662], [111.7144, 7.6711]]], [[[111.7569, 7.6885], [111.7554, 7.6996], [111.7507, 7.7], [111.7453, 7.6945], [111.7414, 7.686], [111.7379, 7.6743], [111.7414, 7.6703], [111.7489, 7.675], [111.7541, 7.6816], [111.7569, 7.6885]]], [[[111.7581, 7.7338], [111.7551, 7.7404], [111.7522, 7.7408], [111.7464, 7.7379], [111.7479, 7.73], [111.7568, 7.7304], [111.7581, 7.7338]]], [[[111.7536, 7.7749], [111.749, 7.7861], [111.7432, 7.7914], [111.7349, 7.7853], [111.7316, 7.7753], [111.7319, 7.7725], [111.7366, 7.7621], [111.7446, 7.7553], [111.7485, 7.7559], [111.7536, 7.762], [111.7536, 7.7749]]], [[[110.5218, 7.8508], [110.5166, 7.8544], [110.5083, 7.8558], [110.4909, 7.8543], [110.4876, 7.8507], [110.4801, 7.8515], [110.4778, 7.8502], [110.4709, 7.8394], [110.4616, 7.8284], [110.4525, 7.816], [110.4477, 7.812], [110.4428, 7.8059], [110.4464, 7.8001], [110.4495, 7.7985], [110.4615, 7.8015], [110.4717, 7.8023], [110.4796, 7.8043], [110.4916, 7.809], [110.5075, 7.8231], [110.5141, 7.8328], [110.5145, 7.8404], [110.5161, 7.8443], [110.5219, 7.8487], [110.5218, 7.8508]]], [[[111.744, 7.8669], [111.7423, 7.8773], [111.7381, 7.8809], [111.7331, 7.8759], [111.7304, 7.8705], [111.7285, 7.863], [111.7254, 7.8593], [111.724, 7.8517], [111.7367, 7.8382], [111.7434, 7.8352], [111.7471, 7.8385], [111.7473, 7.8474], [111.7444, 7.8597], [111.744, 7.8669]]], [[[111.7363, 7.9387], [111.7286, 7.9448], [111.7244, 7.9465], [111.7124, 7.948], [111.7055, 7.9479], [111.7, 7.9435], [111.6988, 7.9407], [111.6998, 7.9325], [111.7047, 7.9264], [111.7177, 7.9278], [111.7121, 7.9222], [111.7193, 7.9199], [111.7217, 7.9236], [111.7347, 7.9221], [111.7388, 7.9255], [111.7363, 7.9387]]], [[[110.619, 8.0759], [110.6071, 8.077], [110.6006, 8.0741], [110.5944, 8.0676], [110.5902, 8.0591], [110.5878, 8.0442], [110.5878, 8.0366], [110.5916, 8.0243], [110.5976, 8.0161], [110.6068, 8.0076], [110.6137, 8.0038], [110.6177, 8.0029], [110.626, 8.0069], [110.6287, 8.0106], [110.6325, 8.0217], [110.6349, 8.0319], [110.6392, 8.0434], [110.6376, 8.0547], [110.6333, 8.064], [110.6243, 8.0694], [110.6215, 8.075], [110.619, 8.0759]], [[110.5957, 8.0525], [110.5996, 8.0564], [110.6112, 8.055], [110.6153, 8.0519], [110.6205, 8.0443], [110.6246, 8.0405], [110.6245, 8.0219], [110.6191, 8.0183], [110.6088, 8.0184], [110.6058, 8.0206], [110.6128, 8.0286], [110.6127, 8.0325], [110.6069, 8.0362], [110.5962, 8.0342], [110.5933, 8.0436], [110.5957, 8.0525]]], [[[110.5575, 8.116], [110.5532, 8.119], [110.5465, 8.1154], [110.5433, 8.1109], [110.5332, 8.1081], [110.534, 8.1029], [110.5454, 8.1046], [110.5484, 8.1085], [110.5531, 8.1113], [110.5575, 8.116]]], [[[110.4489, 8.1513], [110.4422, 8.1512], [110.4373, 8.1478], [110.4378, 8.1421], [110.4465, 8.1396], [110.4566, 8.1407], [110.4594, 8.1455], [110.4541, 8.1498], [110.4489, 8.1513]]], [[[110.4849, 8.1671], [110.4797, 8.1675], [110.4776, 8.1633], [110.4794, 8.1592], [110.49, 8.1604], [110.4918, 8.1624], [110.4904, 8.1671], [110.4849, 8.1671]]], [[[112.0501, 8.1957], [112.0406, 8.2079], [112.0236, 8.2088], [112.0122, 8.2041], [111.998, 8.19], [111.9951, 8.176], [111.9743, 8.1657], [111.9506, 8.1638], [111.9373, 8.1488], [111.9421, 8.1375], [111.9667, 8.1244], [111.9999, 8.1216], [112.0188, 8.1225], [112.0397, 8.1291], [112.051, 8.1506], [112.0558, 8.175], [112.0501, 8.1957]]], [[[110.5659, 8.2105], [110.5644, 8.2112], [110.543, 8.2091], [110.5248, 8.2028], [110.5188, 8.1986], [110.5147, 8.1914], [110.5046, 8.1854], [110.4986, 8.183], [110.4945, 8.1783], [110.4954, 8.1738], [110.5011, 8.1708], [110.5183, 8.181], [110.5214, 8.1837], [110.5215, 8.1877], [110.5326, 8.1951], [110.5383, 8.1975], [110.5423, 8.196], [110.545, 8.19], [110.5558, 8.1755], [110.5597, 8.1741], [110.5756, 8.1737], [110.5809, 8.1728], [110.5851, 8.1744], [110.5868, 8.1781], [110.5861, 8.188], [110.5827, 8.2064], [110.5759, 8.2088], [110.5659, 8.2105]]], [[[111.4728, 8.6183], [111.4647, 8.6156], [111.4586, 8.6076], [111.46, 8.5869], [111.4579, 8.5776], [111.4498, 8.5716], [111.4208, 8.5576], [111.4134, 8.5415], [111.4113, 8.5188], [111.4208, 8.5088], [111.4397, 8.5082], [111.4708, 8.5182], [111.4978, 8.5382], [111.5072, 8.5569], [111.5092, 8.5809], [111.5018, 8.6023], [111.4924, 8.6136], [111.4728, 8.6183]]], [[[111.9157, 8.642], [111.9186, 8.6413], [111.9234, 8.6459], [111.9181, 8.6482], [111.9157, 8.642]]], [[[111.6929, 8.6913], [111.6879, 8.6911], [111.6804, 8.6876], [111.678, 8.6852], [111.6681, 8.6804], [111.6535, 8.6795], [111.6437, 8.675], [111.6426, 8.6723], [111.6488, 8.6678], [111.6581, 8.6694], [111.6696, 8.6678], [111.6794, 8.6688], [111.6922, 8.6754], [111.6977, 8.682], [111.6965, 8.6899], [111.6929, 8.6913]]], [[[112.5551, 8.8436], [112.552, 8.8444], [112.5472, 8.8422], [112.5476, 8.8304], [112.5555, 8.818], [112.5592, 8.8203], [112.5578, 8.8266], [112.5619, 8.831], [112.5688, 8.8333], [112.58, 8.8343], [112.5907, 8.8367], [112.6013, 8.8363], [112.6086, 8.8338], [112.6174, 8.8347], [112.6279, 8.8314], [112.6309, 8.8282], [112.6413, 8.8282], [112.6517, 8.8234], [112.6514, 8.8185], [112.6364, 8.8192], [112.6186, 8.8169], [112.604, 8.8137], [112.596, 8.8093], [112.5904, 8.808], [112.5847, 8.8083], [112.5803, 8.8069], [112.5733, 8.8086], [112.5687, 8.8077], [112.5638, 8.8091], [112.5598, 8.8134], [112.5567, 8.8093], [112.5604, 8.8056], [112.567, 8.8035], [112.5754, 8.8022], [112.5892, 8.8031], [112.5968, 8.8054], [112.6015, 8.809], [112.6168, 8.8125], [112.6315, 8.8142], [112.645, 8.813], [112.6502, 8.8147], [112.6653, 8.8166], [112.6724, 8.8198], [112.6739, 8.8236], [112.667, 8.8275], [112.6563, 8.8316], [112.6331, 8.8376], [112.6174, 8.8427], [112.604, 8.8427], [112.599, 8.8438], [112.5907, 8.8438], [112.5844, 8.8414], [112.5618, 8.8414], [112.5551, 8.8436]]], [[[112.2225, 8.8281], [112.2269, 8.8326], [112.2257, 8.8345], [112.2156, 8.8301], [112.2166, 8.8267], [112.2225, 8.8281]]], [[[112.1893, 8.8517], [112.1903, 8.8552], [112.1858, 8.8569], [112.1858, 8.8514], [112.1893, 8.8517]]], [[[112.2196, 8.8788], [112.2099, 8.881], [112.2006, 8.8773], [112.1885, 8.8694], [112.1815, 8.8626], [112.1749, 8.8489], [112.1751, 8.8418], [112.1778, 8.8395], [112.1925, 8.8361], [112.194, 8.8415], [112.1892, 8.845], [112.1845, 8.8503], [112.1816, 8.8558], [112.1856, 8.8635], [112.1901, 8.8674], [112.1989, 8.8729], [112.2124, 8.8785], [112.2196, 8.8788]]], [[[112.8334, 8.8698], [112.8195, 8.8746], [112.8124, 8.8741], [112.812, 8.8707], [112.8159, 8.8651], [112.8234, 8.8589], [112.8288, 8.8564], [112.8374, 8.8545], [112.8494, 8.8538], [112.8586, 8.856], [112.8629, 8.8595], [112.8607, 8.8635], [112.8555, 8.8668], [112.85, 8.8664], [112.8354, 8.8684], [112.8334, 8.8698]]], [[[112.2608, 8.8865], [112.2534, 8.8891], [112.2446, 8.8886], [112.2437, 8.8849], [112.2509, 8.8865], [112.2553, 8.8856], [112.2613, 8.8825], [112.2633, 8.8735], [112.2598, 8.868], [112.2548, 8.8667], [112.2514, 8.8622], [112.2535, 8.8581], [112.259, 8.8639], [112.2647, 8.872], [112.2643, 8.8814], [112.2608, 8.8865]]], [[[112.23, 8.87], [112.233, 8.875], [112.2294, 8.8791], [112.2245, 8.8738], [112.23, 8.87]]], [[[112.2537, 8.877], [112.2548, 8.8832], [112.2493, 8.8812], [112.2497, 8.8758], [112.2537, 8.877]]], [[[112.3575, 8.9341], [112.3572, 8.9367], [112.3515, 8.9385], [112.3443, 8.9342], [112.3447, 8.9297], [112.3512, 8.9282], [112.3575, 8.9341]]], [[[112.5015, 9.6027], [112.4562, 9.6194], [112.437, 9.6196], [112.4184, 9.6139], [112.3561, 9.5134], [112.3184, 9.4445], [112.3203, 9.4274], [112.3259, 9.4148], [112.3372, 9.4036], [112.3655, 9.398], [112.3752, 9.4058], [112.3901, 9.4297], [112.4222, 9.4837], [112.4807, 9.5302], [112.5015, 9.5525], [112.5096, 9.5676], [112.5109, 9.5804], [112.5015, 9.6027]]], [[[109.3624, 12.274], [109.3576, 12.2714], [109.3593, 12.268], [109.363, 12.2681], [109.3624, 12.274]]], [[[109.3738, 12.3614], [109.3741, 12.3585], [109.3798, 12.3562], [109.3802, 12.3593], [109.3726, 12.3689], [109.3685, 12.3677], [109.3738, 12.3614]]], [[[109.3605, 12.4825], [109.3557, 12.4835], [109.3491, 12.4892], [109.3465, 12.4845], [109.3512, 12.4822], [109.3534, 12.4773], [109.3605, 12.4825]]], [[[109.3288, 12.6365], [109.3229, 12.6373], [109.3182, 12.6397], [109.3161, 12.6358], [109.305, 12.6305], [109.3029, 12.6191], [109.3083, 12.6108], [109.32, 12.6065], [109.3258, 12.6091], [109.3329, 12.6081], [109.3396, 12.602], [109.3381, 12.5918], [109.3389, 12.5895], [109.3446, 12.5894], [109.3514, 12.5854], [109.3556, 12.5812], [109.3647, 12.578], [109.3677, 12.5747], [109.368, 12.5708], [109.3742, 12.5667], [109.3847, 12.5659], [109.3836, 12.5621], [109.3895, 12.5592], [109.3961, 12.5509], [109.4009, 12.5486], [109.4045, 12.5508], [109.4078, 12.55], [109.4134, 12.5564], [109.41, 12.5617], [109.4072, 12.5629], [109.4025, 12.5693], [109.3977, 12.5713], [109.3996, 12.5766], [109.3948, 12.5857], [109.3967, 12.5894], [109.3964, 12.5944], [109.3901, 12.5977], [109.3889, 12.6014], [109.385, 12.6049], [109.386, 12.6106], [109.3833, 12.6138], [109.3853, 12.6168], [109.385, 12.6237], [109.3807, 12.6264], [109.3679, 12.6317], [109.3611, 12.6319], [109.3575, 12.6269], [109.3541, 12.6258], [109.3442, 12.6276], [109.3426, 12.6331], [109.3384, 12.6314], [109.3331, 12.6353], [109.3288, 12.6365]]], [[[109.3482, 12.644], [109.3469, 12.6467], [109.3494, 12.6519], [109.3399, 12.6508], [109.3389, 12.6475], [109.3435, 12.6417], [109.3482, 12.644]]], [[[109.3985, 12.6539], [109.3929, 12.6505], [109.3971, 12.6462], [109.3999, 12.6493], [109.3985, 12.6539]]], [[[109.369, 12.7081], [109.3658, 12.7039], [109.3695, 12.7012], [109.3735, 12.7059], [109.369, 12.7081]]], [[[113.8667, 7.4097], [113.8641, 7.4116], [113.8429, 7.4119], [113.8384, 7.4089], [113.83, 7.4076], [113.8234, 7.4053], [113.8197, 7.4067], [113.8143, 7.406], [113.8045, 7.4001], [113.8113, 7.397], [113.8279, 7.3941], [113.8397, 7.3914], [113.8506, 7.393], [113.8478, 7.3955], [113.8413, 7.3939], [113.8287, 7.3957], [113.8261, 7.3982], [113.8313, 7.4039], [113.8425, 7.4078], [113.848, 7.4089], [113.8609, 7.4075], [113.8638, 7.4057], [113.8657, 7.4005], [113.8704, 7.4035], [113.8667, 7.4097]]], [[[114.0475, 7.6075], [114.0429, 7.6033], [114.0436, 7.6], [114.0473, 7.5989], [114.0509, 7.6005], [114.0521, 7.6042], [114.0475, 7.6075]]], [[[114.0983, 7.6094], [114.1002, 7.6133], [114.097, 7.6152], [114.0843, 7.609], [114.068, 7.6037], [114.0621, 7.6035], [114.0645, 7.5982], [114.0744, 7.6007], [114.0835, 7.6045], [114.0983, 7.6094]]], [[[114.167, 7.619], [114.1692, 7.6209], [114.1659, 7.6257], [114.1625, 7.6215], [114.1559, 7.6186], [114.1507, 7.6145], [114.1405, 7.6115], [114.1392, 7.6049], [114.1434, 7.6], [114.1489, 7.6005], [114.1535, 7.6039], [114.1588, 7.6124], [114.167, 7.619]]], [[[114.131, 7.6152], [114.1315, 7.6183], [114.1283, 7.6207], [114.126, 7.6142], [114.131, 7.6152]]], [[[114.1875, 7.6253], [114.1917, 7.6314], [114.1899, 7.6356], [114.184, 7.6327], [114.1773, 7.6323], [114.1755, 7.6288], [114.1763, 7.6223], [114.1813, 7.6217], [114.1875, 7.6253]]], [[[113.9464, 7.6568], [113.9389, 7.6577], [113.9355, 7.6566], [113.9344, 7.653], [113.9401, 7.6409], [113.9394, 7.6317], [113.9425, 7.627], [113.9512, 7.6282], [113.9573, 7.6324], [113.9496, 7.6357], [113.9456, 7.6356], [113.9446, 7.6427], [113.9497, 7.6469], [113.9612, 7.6437], [113.9651, 7.6402], [113.9733, 7.6401], [113.9769, 7.6466], [113.9751, 7.6492], [113.9628, 7.6541], [113.9464, 7.6568]]], [[[113.8468, 7.6531], [113.8468, 7.6571], [113.8421, 7.658], [113.8299, 7.6544], [113.8236, 7.6513], [113.82, 7.6526], [113.8019, 7.6481], [113.7966, 7.6481], [113.7913, 7.6448], [113.7809, 7.641], [113.7746, 7.6362], [113.7679, 7.6338], [113.7663, 7.6311], [113.772, 7.6287], [113.7797, 7.6287], [113.7991, 7.633], [113.8156, 7.6354], [113.8182, 7.635], [113.8344, 7.6375], [113.8401, 7.6425], [113.8452, 7.6489], [113.8468, 7.6531]], [[113.8283, 7.6479], [113.8344, 7.6503], [113.8426, 7.6492], [113.8392, 7.6447], [113.8338, 7.64], [113.8256, 7.6377], [113.8109, 7.6376], [113.7828, 7.6315], [113.782, 7.6356], [113.7944, 7.6422], [113.806, 7.6445], [113.8118, 7.6464], [113.8283, 7.6479]]], [[[114.214, 7.6753], [114.2125, 7.6794], [114.2086, 7.6804], [114.2045, 7.677], [114.2065, 7.6729], [114.2114, 7.6713], [114.214, 7.6753]]], [[[114.2243, 7.6806], [114.229, 7.6844], [114.226, 7.689], [114.2163, 7.6833], [114.219, 7.6795], [114.2243, 7.6806]]], [[[114.2443, 7.6906], [114.2436, 7.6959], [114.2384, 7.6975], [114.2372, 7.694], [114.2393, 7.6885], [114.2443, 7.6906]]], [[[114.1583, 7.7567], [114.1546, 7.7599], [114.15, 7.7615], [114.1427, 7.762], [114.1318, 7.7615], [114.126, 7.7598], [114.1152, 7.7502], [114.1053, 7.7467], [114.0968, 7.7348], [114.0913, 7.7296], [114.0837, 7.7259], [114.0771, 7.7263], [114.0732, 7.7233], [114.0726, 7.7185], [114.0692, 7.7138], [114.0656, 7.7125], [114.0577, 7.7036], [114.0541, 7.7008], [114.0464, 7.6979], [114.0425, 7.6897], [114.0383, 7.6838], [114.0301, 7.6765], [114.0232, 7.6745], [114.0124, 7.676], [114.0057, 7.6728], [114.0045, 7.6696], [114.005, 7.6623], [114.0005, 7.6528], [114.0005, 7.6363], [114.0144, 7.6409], [114.0192, 7.6443], [114.0241, 7.6555], [114.0268, 7.6597], [114.0332, 7.6633], [114.04, 7.6654], [114.047, 7.6698], [114.0489, 7.673], [114.0542, 7.6767], [114.0593, 7.6826], [114.0671, 7.685], [114.0705, 7.6873], [114.076, 7.6964], [114.0808, 7.7018], [114.0844, 7.7114], [114.0885, 7.7134], [114.1058, 7.7153], [114.1155, 7.7175], [114.1262, 7.7232], [114.1371, 7.7399], [114.1401, 7.7425], [114.1444, 7.7432], [114.1491, 7.7461], [114.1595, 7.7412], [114.1608, 7.7381], [114.16, 7.7293], [114.1613, 7.724], [114.1691, 7.7207], [114.1734, 7.7167], [114.1789, 7.7179], [114.1846, 7.7169], [114.1833, 7.723], [114.1775, 7.7269], [114.174, 7.7397], [114.1719, 7.7421], [114.1659, 7.7432], [114.1633, 7.751], [114.1583, 7.7567]], [[114.1655, 7.7254], [114.1622, 7.7299], [114.1629, 7.7385], [114.1664, 7.738], [114.1669, 7.7341], [114.1696, 7.7309], [114.1702, 7.7257], [114.1655, 7.7254]]], [[[114.2148, 7.7496], [114.2123, 7.7545], [114.2063, 7.7611], [114.201, 7.7633], [114.2002, 7.7601], [114.1957, 7.7562], [114.189, 7.7559], [114.1827, 7.7535], [114.1784, 7.7503], [114.1782, 7.7469], [114.1821, 7.7381], [114.1879, 7.7336], [114.1943, 7.7337], [114.1984, 7.7355], [114.2049, 7.7468], [114.2148, 7.7496]]], [[[114.2206, 7.7682], [114.2221, 7.7754], [114.2185, 7.7831], [114.2147, 7.7834], [114.2069, 7.7811], [114.203, 7.7765], [114.208, 7.7703], [114.2146, 7.7656], [114.2206, 7.7682]]], [[[114.2759, 7.8639], [114.2741, 7.8709], [114.2709, 7.8717], [114.2656, 7.8621], [114.2627, 7.8489], [114.2607, 7.843], [114.2519, 7.832], [114.2511, 7.8179], [114.2466, 7.8159], [114.2399, 7.8148], [114.2284, 7.8072], [114.2243, 7.802], [114.2267, 7.7829], [114.2324, 7.7753], [114.2368, 7.7773], [114.239, 7.7854], [114.2362, 7.791], [114.2304, 7.7945], [114.2286, 7.7975], [114.2301, 7.803], [114.2328, 7.8051], [114.2412, 7.7976], [114.2489, 7.7962], [114.2535, 7.7978], [114.2585, 7.8029], [114.2662, 7.8021], [114.2615, 7.8147], [114.263, 7.822], [114.261, 7.8249], [114.2563, 7.8264], [114.2617, 7.8335], [114.2665, 7.8349], [114.2677, 7.8413], [114.2754, 7.8428], [114.274, 7.8473], [114.275, 7.8536], [114.277, 7.8571], [114.2759, 7.8639]]], [[[112.9232, 7.8919], [112.9255, 7.894], [112.9228, 7.9], [112.9167, 7.8998], [112.9164, 7.896], [112.9197, 7.8912], [112.9232, 7.8919]]], [[[113.9835, 7.9483], [113.9905, 7.9513], [113.9911, 7.955], [113.9871, 7.9603], [113.9833, 7.9605], [113.9799, 7.9582], [113.9778, 7.9532], [113.9835, 7.9483]]], [[[113.9242, 8.0154], [113.9082, 8.0214], [113.9003, 8.0196], [113.8933, 8.0108], [113.894, 8.0078], [113.8996, 8.0031], [113.9042, 8.0012], [113.9162, 7.9943], [113.9277, 7.982], [113.9377, 7.9756], [113.9416, 7.9714], [113.9452, 7.9638], [113.9474, 7.9503], [113.9518, 7.9482], [113.9566, 7.9516], [113.9648, 7.9525], [113.9655, 7.9574], [113.954, 7.97], [113.9468, 7.9735], [113.9419, 7.9817], [113.9367, 7.9887], [113.9355, 7.993], [113.9339, 8.0111], [113.9324, 8.0154], [113.9242, 8.0154]], [[113.903, 8.0063], [113.9053, 8.0124], [113.9131, 8.0138], [113.9247, 8.0098], [113.9292, 8.0044], [113.9306, 7.9902], [113.9302, 7.9863], [113.9265, 7.9865], [113.9226, 7.9932], [113.9162, 7.9975], [113.9098, 8.0003], [113.903, 8.0063]]], [[[114.1517, 8.1003], [114.1485, 8.1016], [114.1389, 8.1017], [114.1322, 8.0989], [114.1278, 8.0944], [114.1251, 8.0881], [114.1253, 8.0841], [114.1285, 8.079], [114.1338, 8.0782], [114.1422, 8.0818], [114.1525, 8.0925], [114.1537, 8.0961], [114.1517, 8.1003]]], [[[113.3661, 8.2742], [113.3672, 8.2902], [113.3625, 8.2931], [113.3559, 8.2798], [113.3494, 8.2711], [113.3486, 8.2676], [113.3512, 8.2619], [113.3525, 8.2555], [113.352, 8.2483], [113.35, 8.2419], [113.3432, 8.2285], [113.3318, 8.2175], [113.3241, 8.2127], [113.3211, 8.2094], [113.306, 8.1992], [113.2947, 8.1847], [113.2904, 8.1766], [113.2881, 8.1702], [113.28, 8.1517], [113.2774, 8.1431], [113.2729, 8.1346], [113.267, 8.1282], [113.2599, 8.1226], [113.2552, 8.1122], [113.252, 8.1085], [113.2446, 8.1047], [113.2331, 8.0942], [113.2261, 8.0843], [113.2278, 8.0795], [113.2326, 8.0797], [113.2372, 8.0825], [113.2472, 8.0905], [113.2603, 8.1032], [113.2713, 8.1146], [113.2768, 8.1224], [113.3145, 8.1586], [113.3208, 8.1675], [113.3259, 8.1731], [113.3304, 8.18], [113.3373, 8.1931], [113.346, 8.2047], [113.3529, 8.2203], [113.3547, 8.2278], [113.3575, 8.2333], [113.3624, 8.2518], [113.3661, 8.2742]], [[113.3407, 8.2163], [113.3452, 8.2209], [113.3496, 8.2234], [113.3436, 8.2065], [113.3347, 8.1933], [113.3272, 8.1784], [113.3201, 8.1685], [113.3178, 8.1682], [113.3103, 8.1568], [113.3037, 8.1526], [113.2833, 8.1339], [113.2809, 8.1323], [113.2702, 8.1193], [113.2679, 8.1198], [113.278, 8.1307], [113.2865, 8.1474], [113.2901, 8.1599], [113.2925, 8.1633], [113.2981, 8.1789], [113.3018, 8.1842], [113.3121, 8.1946], [113.3224, 8.201], [113.3296, 8.2065], [113.3407, 8.2163]]], [[[114.1784, 8.7418], [114.1676, 8.7479], [114.1635, 8.7465], [114.1581, 8.7406], [114.1582, 8.737], [114.1626, 8.7311], [114.1649, 8.7243], [114.1689, 8.7193], [114.1718, 8.7134], [114.1726, 8.7071], [114.1708, 8.7025], [114.1709, 8.6904], [114.1758, 8.6751], [114.1813, 8.6651], [114.1847, 8.6652], [114.1895, 8.6695], [114.197, 8.673], [114.201, 8.6785], [114.2084, 8.6831], [114.2104, 8.6861], [114.2021, 8.6949], [114.1989, 8.7008], [114.1977, 8.7106], [114.2004, 8.7255], [114.2, 8.7297], [114.1965, 8.7343], [114.1856, 8.7397], [114.1784, 8.7418]], [[114.1724, 8.727], [114.1771, 8.735], [114.1845, 8.7338], [114.1886, 8.7307], [114.1946, 8.7285], [114.195, 8.7239], [114.1933, 8.7178], [114.1927, 8.7068], [114.1949, 8.6973], [114.2021, 8.6848], [114.1983, 8.6831], [114.1973, 8.6785], [114.1926, 8.6743], [114.1855, 8.6718], [114.1817, 8.6747], [114.1784, 8.6838], [114.1775, 8.6923], [114.1795, 8.7034], [114.1778, 8.7168], [114.1724, 8.727]]], [[[113.9953, 8.7771], [113.9967, 8.7715], [114.0002, 8.7753], [113.9953, 8.7771]]], [[[113.9694, 8.8284], [113.9616, 8.8281], [113.9577, 8.8247], [113.9599, 8.8202], [113.9832, 8.8217], [113.9887, 8.8176], [113.9937, 8.8156], [114.0051, 8.8151], [114.0077, 8.8128], [114.0195, 8.8097], [114.0291, 8.8058], [114.0389, 8.7926], [114.0473, 8.7867], [114.0495, 8.7785], [114.0525, 8.7767], [114.0578, 8.7676], [114.0595, 8.7625], [114.0639, 8.7651], [114.0594, 8.7758], [114.0591, 8.7855], [114.0546, 8.7915], [114.0468, 8.7927], [114.0397, 8.7989], [114.0349, 8.8144], [114.032, 8.8163], [114.0267, 8.8152], [114.0215, 8.8165], [114.0147, 8.8223], [114.009, 8.825], [114.0023, 8.8243], [113.9965, 8.8251], [113.9889, 8.8282], [113.982, 8.8286], [113.9752, 8.8276], [113.9694, 8.8284]]], [[[113.9554, 8.7988], [113.9502, 8.7978], [113.9593, 8.7915], [113.9608, 8.7947], [113.9554, 8.7988]]], [[[113.9165, 8.8305], [113.9147, 8.8318], [113.9044, 8.8187], [113.9128, 8.813], [113.9173, 8.8113], [113.9202, 8.8131], [113.9165, 8.8305]]], [[[113.9198, 8.8341], [113.9163, 8.8317], [113.9205, 8.8271], [113.9268, 8.8246], [113.9362, 8.8243], [113.9447, 8.8215], [113.9469, 8.8249], [113.9397, 8.8303], [113.9198, 8.8341]]], [[[113.7164, 8.9794], [113.7122, 8.9795], [113.7009, 8.9735], [113.6947, 8.9687], [113.6904, 8.9674], [113.6831, 8.9679], [113.6765, 8.9658], [113.6666, 8.9675], [113.6631, 8.9663], [113.651, 8.9578], [113.6461, 8.9514], [113.6459, 8.9466], [113.6501, 8.9455], [113.6602, 8.9498], [113.6694, 8.9512], [113.681, 8.9505], [113.6884, 8.9516], [113.6977, 8.9581], [113.7007, 8.9644], [113.7108, 8.9728], [113.7152, 8.9739], [113.7164, 8.9794]], [[113.6942, 8.9629], [113.6934, 8.9579], [113.688, 8.955], [113.6823, 8.9558], [113.6658, 8.9546], [113.6582, 8.952], [113.658, 8.9559], [113.6637, 8.959], [113.6734, 8.9606], [113.6872, 8.9614], [113.6942, 8.9629]]], [[[113.6717, 9.2124], [113.6669, 9.2148], [113.665, 9.2089], [113.6674, 9.2041], [113.6727, 9.2065], [113.6717, 9.2124]]], [[[114.1471, 9.3835], [114.1663, 9.365], [114.1761, 9.3544], [114.1872, 9.3483], [114.2021, 9.3381], [114.2137, 9.3316], [114.2304, 9.324], [114.2383, 9.3279], [114.2406, 9.3349], [114.2392, 9.3451], [114.2485, 9.3697], [114.2411, 9.3864], [114.2309, 9.4022], [114.223, 9.4129], [114.2109, 9.4217], [114.2012, 9.4245], [114.19, 9.4338], [114.1766, 9.4384], [114.1622, 9.437], [114.1478, 9.4217], [114.1422, 9.4106], [114.1416, 9.4013], [114.1429, 9.3954], [114.1471, 9.3835]]], [[[112.908, 9.5997], [112.9059, 9.6001], [112.8989, 9.5922], [112.8937, 9.5882], [112.8858, 9.5802], [112.8836, 9.5745], [112.8858, 9.5703], [112.8954, 9.5742], [112.9161, 9.5914], [112.9165, 9.5958], [112.9109, 9.5965], [112.908, 9.5997]]], [[[112.9949, 9.6972], [112.9902, 9.6974], [112.9832, 9.6937], [112.9826, 9.6907], [112.9859, 9.6865], [112.995, 9.6859], [112.9992, 9.6915], [112.9993, 9.6945], [112.9949, 9.6972]]], [[[113.8693, 10.1174], [113.8686, 10.1237], [113.8628, 10.1275], [113.8578, 10.1268], [113.8565, 10.1146], [113.8571, 10.1002], [113.8557, 10.0942], [113.8492, 10.0806], [113.8495, 10.0754], [113.8465, 10.068], [113.8459, 10.0509], [113.8467, 10.0462], [113.8472, 10.0303], [113.8445, 10.0119], [113.845, 10.0047], [113.8466, 10.0005], [113.8518, 9.9989], [113.8592, 10.0081], [113.8602, 10.0127], [113.8594, 10.0308], [113.8607, 10.0376], [113.8577, 10.0419], [113.8569, 10.046], [113.8613, 10.0588], [113.8629, 10.0684], [113.8629, 10.0753], [113.8643, 10.0894], [113.8661, 10.0961], [113.8657, 10.1051], [113.8693, 10.1174]]], [[[114.227, 10.2018], [114.229, 10.205], [114.2301, 10.2151], [114.2262, 10.2188], [114.2209, 10.2155], [114.2189, 10.2104], [114.2232, 10.2023], [114.227, 10.2018]]], [[[113.6597, 10.2219], [113.6668, 10.2432], [113.6682, 10.2786], [113.6611, 10.3084], [113.6498, 10.3226], [113.6243, 10.3226], [113.5945, 10.324], [113.5648, 10.3013], [113.5492, 10.2772], [113.5506, 10.2503], [113.5506, 10.2276], [113.5761, 10.2134], [113.63, 10.2134], [113.6597, 10.2219]]], [[[114.0917, 10.9388], [114.086, 10.9385], [114.0757, 10.933], [114.0718, 10.9294], [114.0673, 10.9195], [114.0644, 10.9156], [114.0554, 10.9104], [114.053, 10.9066], [114.0563, 10.9021], [114.0729, 10.8986], [114.0829, 10.9], [114.0901, 10.9064], [114.1003, 10.9131], [114.101, 10.9195], [114.1029, 10.9247], [114.0917, 10.9388]], [[114.0829, 10.9322], [114.0859, 10.9332], [114.0914, 10.9303], [114.0964, 10.9257], [114.0988, 10.9211], [114.0972, 10.9136], [114.0804, 10.9033], [114.07, 10.904], [114.0677, 10.91], [114.0652, 10.9109], [114.0741, 10.924], [114.0796, 10.9302], [114.0829, 10.9322]]], [[[114.1862, 11.0358], [114.1861, 11.0408], [114.1704, 11.0339], [114.1688, 11.0285], [114.1788, 11.0251], [114.1825, 11.0222], [114.1889, 11.0256], [114.1868, 11.0281], [114.183, 11.0258], [114.1795, 11.0304], [114.1843, 11.0324], [114.1862, 11.0358]]], [[[114.2084, 11.0505], [114.2099, 11.0549], [114.2066, 11.0562], [114.2028, 11.0546], [114.2024, 11.0501], [114.2051, 11.0459], [114.2084, 11.0505]]], [[[114.2317, 11.0551], [114.2336, 11.0582], [114.2309, 11.0614], [114.2207, 11.0616], [114.2152, 11.0589], [114.2162, 11.055], [114.2208, 11.0503], [114.2242, 11.0549], [114.2288, 11.0564], [114.2317, 11.0551]]], [[[114.286, 7.6989], [114.2904, 7.7045], [114.2888, 7.709], [114.2842, 7.7074], [114.2804, 7.7037], [114.2666, 7.6965], [114.2631, 7.691], [114.2651, 7.6855], [114.2694, 7.6827], [114.2757, 7.6837], [114.2815, 7.6938], [114.286, 7.6989]]], [[[114.384, 7.7356], [114.3814, 7.7444], [114.3769, 7.7489], [114.3723, 7.7468], [114.3745, 7.7316], [114.3744, 7.7268], [114.3719, 7.7205], [114.3589, 7.7125], [114.3578, 7.7017], [114.3531, 7.699], [114.3418, 7.7109], [114.3474, 7.716], [114.3416, 7.7219], [114.3365, 7.7227], [114.3323, 7.7196], [114.334, 7.7145], [114.352, 7.6952], [114.354, 7.6885], [114.3574, 7.683], [114.3623, 7.6799], [114.3655, 7.6845], [114.3669, 7.6902], [114.3706, 7.6976], [114.3741, 7.7099], [114.3818, 7.7153], [114.3849, 7.7192], [114.3837, 7.7276], [114.384, 7.7356]]], [[[114.3163, 7.7126], [114.3174, 7.7193], [114.3109, 7.7227], [114.3045, 7.7189], [114.2964, 7.7176], [114.2933, 7.7187], [114.2915, 7.7148], [114.2962, 7.7119], [114.308, 7.7141], [114.3138, 7.7115], [114.3163, 7.7126]]], [[[114.3708, 7.7675], [114.3727, 7.7762], [114.3667, 7.7818], [114.364, 7.7779], [114.3652, 7.7667], [114.3686, 7.757], [114.3753, 7.7571], [114.3756, 7.7616], [114.3708, 7.7675]]], [[[114.3786, 7.794], [114.3717, 7.8011], [114.3695, 7.7995], [114.3723, 7.7883], [114.3752, 7.7864], [114.3786, 7.794]]], [[[114.401, 7.8065], [114.4022, 7.8122], [114.397, 7.8157], [114.379, 7.8142], [114.3774, 7.811], [114.3785, 7.8063], [114.3825, 7.8024], [114.3875, 7.8009], [114.3933, 7.8012], [114.401, 7.8065]]], [[[114.4563, 7.8695], [114.4576, 7.8744], [114.4521, 7.8804], [114.4498, 7.8762], [114.4406, 7.8658], [114.4361, 7.8621], [114.4327, 7.8565], [114.4298, 7.8553], [114.4204, 7.8473], [114.4115, 7.8434], [114.4108, 7.8396], [114.4069, 7.8338], [114.4033, 7.8261], [114.4037, 7.8213], [114.4097, 7.8186], [114.4143, 7.8227], [114.4208, 7.8343], [114.4348, 7.8459], [114.4495, 7.8551], [114.4544, 7.8626], [114.4563, 7.8695]]], [[[114.5014, 7.9232], [114.4974, 7.9254], [114.485, 7.9293], [114.4835, 7.9264], [114.4876, 7.9153], [114.4849, 7.9092], [114.4797, 7.9021], [114.4716, 7.8993], [114.4676, 7.896], [114.464, 7.8905], [114.4583, 7.8869], [114.462, 7.8822], [114.4655, 7.8833], [114.4721, 7.8901], [114.4794, 7.894], [114.4839, 7.8947], [114.4909, 7.9015], [114.5034, 7.911], [114.5061, 7.9155], [114.5064, 7.9195], [114.5014, 7.9232]]], [[[114.4542, 7.9749], [114.4436, 7.9775], [114.434, 7.9759], [114.4211, 7.9725], [114.4121, 7.9653], [114.4081, 7.9583], [114.4104, 7.9484], [114.4096, 7.945], [114.3921, 7.9362], [114.3834, 7.9359], [114.3779, 7.933], [114.3709, 7.9384], [114.3669, 7.9447], [114.3619, 7.9481], [114.35, 7.9525], [114.3459, 7.9518], [114.327, 7.9405], [114.3204, 7.937], [114.311, 7.9282], [114.3093, 7.9251], [114.3102, 7.9181], [114.309, 7.9145], [114.3009, 7.9072], [114.2916, 7.8973], [114.2891, 7.8965], [114.2808, 7.8884], [114.28, 7.8811], [114.289, 7.8794], [114.2896, 7.8831], [114.3048, 7.8889], [114.3085, 7.8944], [114.3125, 7.8964], [114.3159, 7.9019], [114.3193, 7.9132], [114.3219, 7.9156], [114.3246, 7.9239], [114.3328, 7.9335], [114.3364, 7.931], [114.3464, 7.9331], [114.3526, 7.932], [114.3589, 7.9292], [114.3829, 7.922], [114.3876, 7.9254], [114.3934, 7.9245], [114.401, 7.9285], [114.4116, 7.9282], [114.4207, 7.9304], [114.4262, 7.9269], [114.4291, 7.9301], [114.4296, 7.9384], [114.4278, 7.9437], [114.4285, 7.9494], [114.4325, 7.9557], [114.4384, 7.9623], [114.4491, 7.9604], [114.459, 7.9565], [114.4652, 7.9593], [114.4676, 7.9587], [114.4716, 7.9521], [114.4738, 7.9421], [114.4691, 7.9386], [114.472, 7.9345], [114.4799, 7.9413], [114.4797, 7.9482], [114.4776, 7.953], [114.4702, 7.9575], [114.4665, 7.9616], [114.4602, 7.9586], [114.4433, 7.9634], [114.4401, 7.9675], [114.4349, 7.9622], [114.4306, 7.9659], [114.4323, 7.9691], [114.4406, 7.9701], [114.4435, 7.9718], [114.451, 7.9711], [114.4622, 7.966], [114.4614, 7.97], [114.4542, 7.9749]]], [[[114.369, 8.5253], [114.3546, 8.5376], [114.3412, 8.5376], [114.3329, 8.5294], [114.334, 8.517], [114.3422, 8.5005], [114.3525, 8.4944], [114.3711, 8.4985], [114.3731, 8.5139], [114.369, 8.5253]]], [[[114.2841, 9.7221], [114.2818, 9.7256], [114.2737, 9.7286], [114.2732, 9.7183], [114.2712, 9.7059], [114.2726, 9.7032], [114.2798, 9.7006], [114.2886, 9.7079], [114.292, 9.7168], [114.2929, 9.7237], [114.2849, 9.7166], [114.2842, 9.7134], [114.2783, 9.7065], [114.2756, 9.7076], [114.2767, 9.7124], [114.2806, 9.713], [114.2837, 9.7176], [114.2841, 9.7221]]], [[[114.2822, 9.7371], [114.2796, 9.7395], [114.2757, 9.7369], [114.2723, 9.7312], [114.2731, 9.729], [114.2792, 9.7272], [114.2824, 9.7323], [114.2822, 9.7371]]], [[[114.2581, 9.7762], [114.2567, 9.7805], [114.2523, 9.7796], [114.2498, 9.7736], [114.2499, 9.7691], [114.2587, 9.7599], [114.2642, 9.765], [114.2636, 9.7683], [114.2581, 9.7762]]], [[[114.3726, 9.7808], [114.3665, 9.7818], [114.3633, 9.7777], [114.366, 9.7753], [114.3701, 9.7756], [114.3726, 9.7808]]], [[[114.4045, 9.7976], [114.4, 9.8018], [114.3972, 9.7973], [114.3986, 9.7931], [114.4031, 9.7942], [114.4045, 9.7976]]], [[[114.4682, 9.8317], [114.4595, 9.8372], [114.4602, 9.8266], [114.4694, 9.8264], [114.4682, 9.8317]]], [[[114.4936, 9.8515], [114.4877, 9.8557], [114.4847, 9.855], [114.4852, 9.8506], [114.4914, 9.8462], [114.4936, 9.8515]]], [[[114.2811, 9.8571], [114.2763, 9.8591], [114.276, 9.8515], [114.2793, 9.8476], [114.2844, 9.8504], [114.2811, 9.8571]]], [[[114.5156, 9.8696], [114.5119, 9.8729], [114.5067, 9.8726], [114.5053, 9.8699], [114.5132, 9.8665], [114.5156, 9.8696]]], [[[114.609, 9.8793], [114.6094, 9.883], [114.6069, 9.8865], [114.6032, 9.8841], [114.6045, 9.8805], [114.609, 9.8793]]], [[[114.3325, 9.8818], [114.3355, 9.8825], [114.3362, 9.8869], [114.3306, 9.8911], [114.3268, 9.8913], [114.3229, 9.8875], [114.3259, 9.8832], [114.3325, 9.8818]]], [[[114.5351, 9.8915], [114.5301, 9.8967], [114.5281, 9.892], [114.5362, 9.8849], [114.5351, 9.8915]]], [[[114.4003, 9.8938], [114.4001, 9.8968], [114.393, 9.9021], [114.3902, 9.9025], [114.3864, 9.8988], [114.3933, 9.8916], [114.4003, 9.8938]]], [[[114.5666, 9.9001], [114.5662, 9.9052], [114.561, 9.9043], [114.5625, 9.8979], [114.5666, 9.9001]]], [[[114.4752, 9.9046], [114.4626, 9.9126], [114.4571, 9.9123], [114.454, 9.9104], [114.4563, 9.9046], [114.4601, 9.8996], [114.4644, 9.8967], [114.4694, 9.8956], [114.4742, 9.8984], [114.4752, 9.9046]]], [[[114.6033, 9.9048], [114.6035, 9.91], [114.5975, 9.9149], [114.5936, 9.9118], [114.5933, 9.9026], [114.5986, 9.8996], [114.6033, 9.9048]]], [[[114.5027, 9.9221], [114.493, 9.9229], [114.4917, 9.9185], [114.4864, 9.9123], [114.4869, 9.9078], [114.492, 9.9046], [114.4977, 9.9047], [114.5027, 9.9066], [114.5042, 9.9098], [114.4993, 9.9113], [114.5042, 9.9156], [114.5048, 9.9198], [114.5027, 9.9221]]], [[[114.5288, 9.9391], [114.5259, 9.9415], [114.5209, 9.9421], [114.5152, 9.9383], [114.5143, 9.9327], [114.5199, 9.9279], [114.5297, 9.9239], [114.5309, 9.9355], [114.5288, 9.9391]]], [[[114.5775, 9.9654], [114.5759, 9.9693], [114.5663, 9.9677], [114.5595, 9.9685], [114.548, 9.9631], [114.5526, 9.9587], [114.56, 9.9603], [114.5704, 9.9573], [114.5781, 9.9605], [114.5775, 9.9654]]], [[[114.5952, 9.9746], [114.5964, 9.9777], [114.5943, 9.9822], [114.5914, 9.9829], [114.5858, 9.979], [114.5848, 9.9761], [114.5919, 9.9698], [114.5952, 9.9746]]], [[[114.6732, 9.9966], [114.6749, 10.0031], [114.6717, 10.0074], [114.6675, 10.008], [114.6531, 10.0064], [114.6443, 10.0022], [114.6395, 10.0013], [114.6228, 10.0009], [114.6164, 10], [114.6102, 9.9959], [114.6121, 9.9928], [114.6177, 9.9952], [114.6308, 9.9928], [114.6418, 9.9937], [114.6507, 9.9963], [114.6581, 9.9971], [114.6571, 9.9908], [114.6585, 9.9816], [114.6564, 9.9744], [114.6563, 9.9672], [114.6577, 9.9576], [114.6614, 9.9573], [114.663, 9.9618], [114.6644, 9.9737], [114.668, 9.9864], [114.672, 9.9925], [114.6732, 9.9966]]], [[[114.2562, 10.1592], [114.2567, 10.1679], [114.2508, 10.1698], [114.2497, 10.1658], [114.2517, 10.1594], [114.2562, 10.1592]]], [[[114.4836, 10.3725], [114.4844, 10.3759], [114.4821, 10.3802], [114.4765, 10.3831], [114.4741, 10.3819], [114.4746, 10.3731], [114.4774, 10.3706], [114.4819, 10.3701], [114.4836, 10.3725]]], [[[114.3695, 10.3757], [114.3748, 10.38], [114.3732, 10.3842], [114.37, 10.384], [114.3539, 10.3773], [114.3541, 10.3747], [114.3616, 10.3726], [114.3695, 10.3757]]], [[[114.5866, 10.4026], [114.5908, 10.4058], [114.5915, 10.4115], [114.5884, 10.4137], [114.5835, 10.4128], [114.5783, 10.41], [114.5743, 10.4051], [114.5781, 10.4028], [114.5866, 10.4026]]], [[[114.4277, 10.6638], [114.428, 10.6674], [114.4242, 10.6729], [114.4213, 10.6731], [114.4174, 10.6689], [114.4188, 10.6628], [114.4238, 10.6613], [114.4277, 10.6638]]], [[[114.4643, 10.6713], [114.4668, 10.6723], [114.4599, 10.6798], [114.457, 10.6782], [114.4595, 10.6737], [114.4643, 10.6713]]], [[[114.3356, 10.704], [114.3369, 10.7097], [114.3323, 10.712], [114.3193, 10.6962], [114.3178, 10.6894], [114.325, 10.6904], [114.3294, 10.6937], [114.3319, 10.693], [114.3385, 10.6979], [114.3356, 10.704]]], [[[114.5382, 10.71], [114.5379, 10.7161], [114.5306, 10.7179], [114.5273, 10.7128], [114.5274, 10.7099], [114.5312, 10.7065], [114.5346, 10.7062], [114.5382, 10.71]]], [[[114.3592, 10.7219], [114.3613, 10.7263], [114.3587, 10.7281], [114.3527, 10.7285], [114.3465, 10.725], [114.3424, 10.7202], [114.345, 10.7169], [114.3592, 10.7219]]], [[[114.5922, 10.7677], [114.5942, 10.7702], [114.5927, 10.7747], [114.589, 10.7764], [114.5848, 10.7719], [114.5874, 10.7692], [114.5922, 10.7677]]], [[[114.2934, 11.0461], [114.2951, 11.0527], [114.2923, 11.0566], [114.2853, 11.0591], [114.2818, 11.058], [114.2792, 11.0518], [114.2779, 11.0445], [114.28, 11.0431], [114.2934, 11.0461]]], [[[114.3376, 11.0565], [114.3264, 11.0581], [114.3152, 11.0558], [114.3137, 11.0513], [114.3279, 11.0515], [114.3356, 11.0507], [114.3376, 11.0565]]], [[[114.2575, 11.0679], [114.2622, 11.0722], [114.2568, 11.0763], [114.2541, 11.0748], [114.2541, 11.0707], [114.2575, 11.0679]]], [[[114.3853, 11.0888], [114.3844, 11.0933], [114.3785, 11.0953], [114.3684, 11.0926], [114.3669, 11.0861], [114.3713, 11.083], [114.3706, 11.0788], [114.3739, 11.0764], [114.3766, 11.0808], [114.3853, 11.0888]]], [[[114.6016, 11.2839], [114.6047, 11.2968], [114.6047, 11.3057], [114.603, 11.3144], [114.5998, 11.3226], [114.5952, 11.33], [114.5859, 11.339], [114.5785, 11.3432], [114.5663, 11.3464], [114.558, 11.3464], [114.5498, 11.3447], [114.542, 11.3413], [114.5319, 11.3333], [114.5245, 11.3226], [114.5213, 11.3144], [114.5196, 11.3057], [114.5196, 11.2968], [114.5213, 11.2881], [114.5245, 11.2799], [114.5319, 11.2692], [114.542, 11.2613], [114.5498, 11.2579], [114.558, 11.2561], [114.5663, 11.2561], [114.5785, 11.2594], [114.5859, 11.2636], [114.5924, 11.2692], [114.5977, 11.2761], [114.6016, 11.2839]]], [[[114.3034, 11.3885], [114.3076, 11.3953], [114.3057, 11.3964], [114.299, 11.3938], [114.2965, 11.3901], [114.295, 11.3775], [114.2992, 11.3753], [114.3081, 11.3773], [114.3098, 11.382], [114.3033, 11.3855], [114.3034, 11.3885]]], [[[114.3319, 11.4262], [114.3351, 11.4303], [114.3329, 11.4356], [114.3276, 11.4311], [114.3265, 11.4258], [114.3319, 11.4262]]], [[[114.3613, 11.4543], [114.3648, 11.4561], [114.3653, 11.4603], [114.361, 11.4601], [114.3524, 11.4576], [114.3473, 11.4506], [114.3489, 11.4472], [114.3559, 11.4491], [114.3613, 11.4543]]], [[[114.401, 11.4549], [114.401, 11.4616], [114.3995, 11.4674], [114.3965, 11.4693], [114.3902, 11.4693], [114.3822, 11.4653], [114.3822, 11.4627], [114.3887, 11.4575], [114.3919, 11.4593], [114.3964, 11.4525], [114.401, 11.4549]]], [[[114.7924, 8.0956], [114.7875, 8.1], [114.7738, 8.0869], [114.771, 8.0852], [114.7633, 8.0838], [114.7602, 8.0805], [114.7549, 8.078], [114.7431, 8.0773], [114.7393, 8.0743], [114.7344, 8.0747], [114.7177, 8.08], [114.7111, 8.0782], [114.7025, 8.0795], [114.6808, 8.0753], [114.6701, 8.0739], [114.6525, 8.0773], [114.6531, 8.0714], [114.6561, 8.0685], [114.6648, 8.0681], [114.6736, 8.0688], [114.6985, 8.0722], [114.7095, 8.0744], [114.7332, 8.0682], [114.7413, 8.0683], [114.7455, 8.0706], [114.7502, 8.0703], [114.7658, 8.0782], [114.7727, 8.08], [114.7822, 8.0855], [114.7914, 8.093], [114.7924, 8.0956]]], [[[114.7266, 8.1695], [114.7195, 8.1717], [114.7123, 8.1755], [114.7065, 8.1744], [114.7001, 8.1713], [114.6953, 8.1651], [114.6866, 8.1582], [114.6719, 8.1495], [114.6683, 8.1484], [114.6608, 8.1498], [114.6565, 8.1458], [114.6512, 8.1435], [114.6423, 8.1438], [114.6335, 8.1408], [114.6169, 8.1366], [114.6153, 8.1352], [114.6029, 8.1357], [114.5971, 8.1337], [114.5871, 8.127], [114.5777, 8.1285], [114.5645, 8.1185], [114.5607, 8.1198], [114.55, 8.1182], [114.5438, 8.1193], [114.5354, 8.1183], [114.5262, 8.1111], [114.5138, 8.0943], [114.5164, 8.0914], [114.5223, 8.0907], [114.534, 8.0923], [114.5459, 8.095], [114.5617, 8.101], [114.574, 8.1012], [114.5808, 8.1026], [114.5962, 8.1039], [114.6007, 8.1018], [114.609, 8.1017], [114.619, 8.1057], [114.6272, 8.1025], [114.6323, 8.0939], [114.6365, 8.0892], [114.6397, 8.0911], [114.6355, 8.0987], [114.6324, 8.1078], [114.6181, 8.1108], [114.6134, 8.1095], [114.6023, 8.1092], [114.6072, 8.1133], [114.6145, 8.1146], [114.6264, 8.1197], [114.6306, 8.1196], [114.6378, 8.1238], [114.6444, 8.1246], [114.654, 8.1242], [114.6652, 8.1228], [114.6755, 8.1261], [114.6786, 8.1328], [114.6945, 8.1369], [114.6967, 8.1387], [114.7053, 8.141], [114.7094, 8.144], [114.712, 8.1435], [114.7117, 8.1378], [114.7152, 8.1369], [114.7179, 8.1421], [114.7236, 8.1427], [114.7243, 8.1384], [114.7322, 8.1429], [114.7379, 8.1424], [114.7464, 8.138], [114.7571, 8.1342], [114.763, 8.1332], [114.7675, 8.1276], [114.7721, 8.1292], [114.7735, 8.1256], [114.787, 8.1208], [114.7896, 8.119], [114.7943, 8.1119], [114.7919, 8.1064], [114.7985, 8.1004], [114.8034, 8.1025], [114.8103, 8.1082], [114.8124, 8.1148], [114.8049, 8.129], [114.7995, 8.1329], [114.7954, 8.134], [114.7852, 8.1344], [114.7814, 8.1367], [114.7723, 8.1473], [114.7675, 8.159], [114.7643, 8.1603], [114.7583, 8.1592], [114.7415, 8.161], [114.7383, 8.165], [114.7291, 8.1697], [114.7266, 8.1695]], [[114.6131, 8.1237], [114.6141, 8.1191], [114.605, 8.1167], [114.601, 8.1175], [114.6008, 8.1219], [114.6041, 8.124], [114.6131, 8.1237]]], [[[115.2079, 8.3742], [115.2039, 8.3807], [115.198, 8.3856], [115.1925, 8.3853], [115.1824, 8.3821], [115.1727, 8.38], [115.1713, 8.3743], [115.1742, 8.3702], [115.1863, 8.362], [115.1897, 8.358], [115.1927, 8.3509], [115.1952, 8.3483], [115.2, 8.3472], [115.2138, 8.3484], [115.2386, 8.3468], [115.2452, 8.3483], [115.255, 8.3457], [115.2602, 8.3417], [115.2677, 8.3407], [115.2719, 8.3425], [115.2807, 8.3488], [115.2823, 8.3541], [115.2781, 8.3596], [115.2684, 8.3636], [115.2635, 8.3643], [115.2597, 8.3624], [115.2523, 8.3614], [115.2464, 8.3589], [115.2399, 8.3625], [115.2297, 8.3633], [115.2267, 8.3645], [115.2203, 8.3636], [115.2141, 8.3673], [115.2079, 8.3742]], [[115.1856, 8.3703], [115.1892, 8.3753], [115.1962, 8.3757], [115.1992, 8.3738], [115.2098, 8.3618], [115.2224, 8.3533], [115.2015, 8.3518], [115.1973, 8.3542], [115.1913, 8.3654], [115.1856, 8.3703]], [[115.2652, 8.3463], [115.2626, 8.3491], [115.2618, 8.3561], [115.2719, 8.3541], [115.2744, 8.3513], [115.2692, 8.3458], [115.2652, 8.3463]]], [[[114.6827, 8.8608], [114.6854, 8.8657], [114.6822, 8.8705], [114.6729, 8.8693], [114.6618, 8.8691], [114.6489, 8.8643], [114.6447, 8.8635], [114.6366, 8.859], [114.635, 8.8553], [114.6348, 8.8375], [114.6334, 8.83], [114.6361, 8.8267], [114.6415, 8.8264], [114.6509, 8.8323], [114.6615, 8.8414], [114.6697, 8.8476], [114.676, 8.8508], [114.6827, 8.8608]], [[114.6537, 8.8583], [114.6662, 8.8608], [114.6711, 8.8599], [114.6743, 8.8555], [114.6579, 8.8437], [114.6555, 8.8408], [114.644, 8.8327], [114.6402, 8.8368], [114.6413, 8.849], [114.6497, 8.8573], [114.6537, 8.8583]]], [[[116.3116, 8.9114], [116.3019, 8.9143], [116.2911, 8.9114], [116.2791, 8.9127], [116.2741, 8.9072], [116.2714, 8.8919], [116.265, 8.8743], [116.2647, 8.871], [116.2691, 8.8686], [116.2782, 8.8682], [116.2849, 8.8696], [116.2894, 8.872], [116.2861, 8.8749], [116.2802, 8.8722], [116.275, 8.8732], [116.2726, 8.8797], [116.2759, 8.8886], [116.2761, 8.8939], [116.2788, 8.9034], [116.2837, 8.9074], [116.2912, 8.9081], [116.2995, 8.9077], [116.3033, 8.9059], [116.2893, 8.8797], [116.2928, 8.878], [116.2955, 8.8812], [116.2947, 8.8848], [116.299, 8.8902], [116.3041, 8.9022], [116.3064, 8.903], [116.3116, 8.9114]]], [[[116.4814, 9.1668], [116.4787, 9.1709], [116.4716, 9.1737], [116.4594, 9.1743], [116.4573, 9.1704], [116.4578, 9.1648], [116.4635, 9.1582], [116.4726, 9.1596], [116.4804, 9.1648], [116.4814, 9.1668]], [[116.4666, 9.1617], [116.464, 9.1624], [116.4618, 9.1667], [116.4645, 9.1702], [116.4713, 9.1704], [116.4751, 9.1682], [116.4747, 9.1649], [116.4666, 9.1617]]], [[[115.9409, 9.3227], [115.9338, 9.323], [115.9284, 9.3249], [115.9146, 9.3166], [115.9041, 9.3162], [115.8999, 9.3144], [115.8997, 9.3115], [115.9067, 9.3075], [115.9201, 9.3082], [115.9319, 9.3104], [115.9444, 9.3085], [115.9531, 9.3108], [115.9595, 9.3113], [115.9649, 9.314], [115.9646, 9.3213], [115.9561, 9.3242], [115.9493, 9.3217], [115.9409, 9.3227]], [[115.932, 9.3145], [115.9249, 9.3143], [115.9242, 9.3169], [115.9288, 9.3189], [115.9355, 9.3189], [115.9475, 9.3171], [115.9536, 9.3177], [115.9543, 9.3144], [115.9461, 9.3123], [115.932, 9.3145]]], [[[115.4583, 9.3981], [115.4525, 9.4173], [115.4486, 9.4199], [115.4444, 9.415], [115.4411, 9.405], [115.4352, 9.3991], [115.4324, 9.3945], [115.4291, 9.3854], [115.4255, 9.3797], [115.4267, 9.373], [115.4312, 9.3639], [115.4336, 9.355], [115.4402, 9.3495], [115.449, 9.3477], [115.4528, 9.3483], [115.4679, 9.3611], [115.4683, 9.3628], [115.4625, 9.3695], [115.4605, 9.3751], [115.4598, 9.3862], [115.4583, 9.3981]], [[115.4408, 9.3954], [115.4447, 9.4028], [115.4504, 9.4071], [115.4557, 9.3897], [115.456, 9.379], [115.4549, 9.3744], [115.4607, 9.3626], [115.456, 9.3559], [115.4487, 9.3524], [115.4418, 9.3548], [115.4386, 9.3575], [115.4359, 9.3661], [115.4323, 9.3733], [115.4318, 9.3796], [115.436, 9.3883], [115.4408, 9.3954]]], [[[116.4111, 9.4201], [116.4168, 9.4207], [116.4243, 9.4271], [116.4256, 9.4295], [116.4277, 9.4413], [116.4248, 9.4446], [116.4207, 9.4461], [116.4136, 9.4419], [116.4056, 9.4333], [116.4074, 9.4245], [116.4111, 9.4201]], [[116.4235, 9.4386], [116.4219, 9.4295], [116.416, 9.4242], [116.4129, 9.4243], [116.4096, 9.4282], [116.4097, 9.4326], [116.4125, 9.4369], [116.4187, 9.4413], [116.4235, 9.4386]]], [[[116.3628, 9.5588], [116.361, 9.5468], [116.3615, 9.5347], [116.3588, 9.5231], [116.3545, 9.5167], [116.3357, 9.5089], [116.3262, 9.5029], [116.3235, 9.496], [116.3266, 9.4853], [116.3366, 9.4802], [116.3606, 9.4789], [116.3902, 9.4823], [116.4089, 9.4935], [116.4242, 9.5141], [116.4342, 9.5386], [116.429, 9.5605], [116.4133, 9.579], [116.4024, 9.588], [116.3928, 9.5906], [116.3832, 9.5858], [116.3741, 9.5768], [116.3628, 9.5588]]], [[[116.1715, 9.5846], [116.1745, 9.5901], [116.1745, 9.5998], [116.1702, 9.6004], [116.1639, 9.594], [116.1613, 9.5874], [116.1648, 9.5843], [116.1715, 9.5846]]], [[[116.4897, 9.7081], [116.4885, 9.7112], [116.4798, 9.7152], [116.4794, 9.7096], [116.4842, 9.7059], [116.4897, 9.7081]]], [[[116.4747, 9.7211], [116.4738, 9.7248], [116.4695, 9.7263], [116.4681, 9.7213], [116.4726, 9.7193], [116.4747, 9.7211]]], [[[115.8938, 9.8014], [115.887, 9.8059], [115.8781, 9.8078], [115.8724, 9.8071], [115.8591, 9.7992], [115.8577, 9.7926], [115.8466, 9.7723], [115.8416, 9.7664], [115.8418, 9.7625], [115.8444, 9.7584], [115.8509, 9.753], [115.849, 9.7364], [115.8523, 9.7279], [115.8522, 9.7217], [115.854, 9.7106], [115.8512, 9.7057], [115.8503, 9.6909], [115.8476, 9.6832], [115.846, 9.6743], [115.8466, 9.6669], [115.8459, 9.6588], [115.8479, 9.6558], [115.8517, 9.6583], [115.8569, 9.6746], [115.8626, 9.6806], [115.8638, 9.6845], [115.8691, 9.6936], [115.8736, 9.7109], [115.8774, 9.7168], [115.8801, 9.7233], [115.8839, 9.7411], [115.8865, 9.7558], [115.8932, 9.7719], [115.8939, 9.7779], [115.8905, 9.7771], [115.8897, 9.7702], [115.8864, 9.7657], [115.8809, 9.7482], [115.88, 9.7434], [115.8792, 9.7281], [115.8759, 9.7206], [115.8695, 9.7113], [115.8677, 9.706], [115.8661, 9.6951], [115.862, 9.6884], [115.8574, 9.684], [115.8554, 9.6899], [115.8567, 9.6991], [115.8605, 9.7057], [115.8619, 9.7118], [115.8615, 9.723], [115.8584, 9.7278], [115.8563, 9.7401], [115.8595, 9.746], [115.8578, 9.7597], [115.8527, 9.7659], [115.8517, 9.7715], [115.859, 9.7841], [115.8651, 9.7915], [115.8674, 9.7962], [115.8751, 9.8024], [115.8862, 9.8001], [115.8914, 9.7953], [115.8942, 9.7888], [115.8935, 9.7794], [115.9007, 9.7891], [115.898, 9.7975], [115.8938, 9.8014]]], [[[116.4481, 9.7527], [116.4424, 9.758], [116.4375, 9.7553], [116.441, 9.7517], [116.4481, 9.7527]]], [[[116.4335, 9.7812], [116.4379, 9.7857], [116.4314, 9.787], [116.4315, 9.7836], [116.4279, 9.782], [116.43, 9.7776], [116.4335, 9.7812]]], [[[116.4757, 9.805], [116.4704, 9.8069], [116.4659, 9.8069], [116.4617, 9.8088], [116.4562, 9.8084], [116.4476, 9.8002], [116.4427, 9.7982], [116.4274, 9.7974], [116.421, 9.7977], [116.4178, 9.7955], [116.4174, 9.7912], [116.4197, 9.7812], [116.4186, 9.7736], [116.4233, 9.7674], [116.4261, 9.7675], [116.4303, 9.7712], [116.4267, 9.7753], [116.4263, 9.7866], [116.428, 9.7924], [116.4366, 9.7939], [116.4388, 9.7956], [116.4412, 9.7887], [116.4443, 9.7932], [116.4541, 9.7978], [116.4692, 9.7912], [116.4802, 9.7848], [116.4841, 9.7864], [116.4825, 9.7956], [116.4786, 9.8029], [116.4757, 9.805]]], [[[115.5187, 9.8811], [115.5107, 9.8863], [115.5061, 9.8923], [115.5032, 9.8893], [115.5075, 9.8823], [115.5119, 9.8784], [115.5197, 9.8765], [115.5187, 9.8811]]], [[[115.5411, 9.9296], [115.5237, 9.9336], [115.5155, 9.9339], [115.5115, 9.932], [115.5037, 9.9238], [115.5004, 9.9169], [115.4991, 9.9101], [115.4989, 9.8975], [115.5017, 9.8918], [115.5053, 9.8954], [115.507, 9.9012], [115.5038, 9.9056], [115.508, 9.9176], [115.5123, 9.922], [115.5196, 9.9256], [115.5245, 9.9262], [115.5456, 9.9207], [115.5486, 9.9216], [115.5562, 9.9209], [115.5602, 9.9188], [115.569, 9.9166], [115.5753, 9.9078], [115.5753, 9.8984], [115.5645, 9.8861], [115.5576, 9.8801], [115.552, 9.8777], [115.5427, 9.8776], [115.5402, 9.8794], [115.5295, 9.8813], [115.5256, 9.8829], [115.5222, 9.8809], [115.523, 9.8764], [115.538, 9.8755], [115.5462, 9.872], [115.5536, 9.873], [115.5672, 9.8836], [115.5753, 9.8921], [115.582, 9.9007], [115.583, 9.9045], [115.5818, 9.9116], [115.5784, 9.9179], [115.5751, 9.921], [115.5651, 9.9262], [115.5574, 9.9281], [115.5492, 9.9268], [115.5411, 9.9296]]], [[[116.152, 10.1126], [116.1526, 10.1156], [116.1503, 10.122], [116.1444, 10.1227], [116.1427, 10.1197], [116.149, 10.1131], [116.152, 10.1126]]], [[[115.3057, 10.1975], [115.2851, 10.211], [115.2819, 10.2076], [115.2808, 10.1956], [115.2822, 10.1906], [115.2885, 10.182], [115.2894, 10.1787], [115.2886, 10.1699], [115.299, 10.1726], [115.3146, 10.1795], [115.3221, 10.1872], [115.3297, 10.1963], [115.3299, 10.2027], [115.3213, 10.1983], [115.3117, 10.1961], [115.3057, 10.1975]], [[115.2866, 10.1952], [115.2909, 10.195], [115.293, 10.1982], [115.3039, 10.1921], [115.3156, 10.1892], [115.314, 10.1851], [115.3045, 10.1791], [115.3006, 10.1779], [115.2942, 10.179], [115.2914, 10.1861], [115.2866, 10.1952]]], [[[115.3102, 10.1896], [115.303, 10.1909], [115.2969, 10.1954], [115.2947, 10.1938], [115.2978, 10.1869], [115.3022, 10.1855], [115.308, 10.1868], [115.3102, 10.1896]]], [[[115.378, 10.2499], [115.3778, 10.2555], [115.3668, 10.2559], [115.3643, 10.2548], [115.3609, 10.2433], [115.3671, 10.2418], [115.3743, 10.2459], [115.378, 10.2499]]], [[[114.713, 10.3636], [114.7196, 10.371], [114.7191, 10.3756], [114.708, 10.3654], [114.6943, 10.3583], [114.6899, 10.3545], [114.6883, 10.3439], [114.6928, 10.3477], [114.6961, 10.3345], [114.6961, 10.3279], [114.6934, 10.3202], [114.6858, 10.3159], [114.6838, 10.3124], [114.6847, 10.3067], [114.689, 10.3077], [114.6924, 10.3122], [114.6996, 10.318], [114.7055, 10.3207], [114.7063, 10.3241], [114.7029, 10.3289], [114.6998, 10.3391], [114.7006, 10.3448], [114.7064, 10.3551], [114.713, 10.3636]]], [[[115.8046, 10.5357], [115.8042, 10.5391], [115.7982, 10.541], [115.7893, 10.5413], [115.7781, 10.5352], [115.7692, 10.5327], [115.7599, 10.5329], [115.7457, 10.5391], [115.7359, 10.5384], [115.731, 10.536], [115.7269, 10.5301], [115.7235, 10.521], [115.719, 10.5145], [115.7127, 10.5077], [115.7071, 10.4965], [115.7011, 10.488], [115.7038, 10.4826], [115.71, 10.4767], [115.7134, 10.4781], [115.7143, 10.4834], [115.7232, 10.497], [115.7238, 10.5035], [115.7308, 10.5032], [115.7361, 10.5064], [115.7294, 10.5161], [115.7317, 10.5216], [115.7353, 10.5121], [115.7399, 10.5095], [115.7449, 10.5123], [115.7531, 10.5188], [115.7651, 10.5179], [115.7728, 10.514], [115.7724, 10.5088], [115.7771, 10.5078], [115.7765, 10.4991], [115.772, 10.493], [115.7708, 10.4861], [115.7674, 10.4769], [115.7686, 10.4746], [115.7774, 10.4729], [115.7874, 10.4731], [115.7791, 10.4655], [115.767, 10.4578], [115.7567, 10.4588], [115.7538, 10.4562], [115.7382, 10.4624], [115.731, 10.4678], [115.7244, 10.4673], [115.7184, 10.4739], [115.7175, 10.4792], [115.7143, 10.4778], [115.7135, 10.473], [115.7187, 10.4681], [115.7282, 10.4621], [115.7314, 10.4585], [115.7426, 10.455], [115.7506, 10.4542], [115.7583, 10.4548], [115.7696, 10.4543], [115.7774, 10.4529], [115.7862, 10.4528], [115.7908, 10.4541], [115.7931, 10.458], [115.7961, 10.4785], [115.7972, 10.4918], [115.8011, 10.4999], [115.803, 10.5061], [115.8033, 10.5279], [115.8046, 10.5357]]], [[[115.8336, 10.6765], [115.8262, 10.6759], [115.8209, 10.679], [115.8182, 10.6764], [115.8212, 10.6683], [115.8236, 10.6536], [115.8204, 10.639], [115.8233, 10.6277], [115.8198, 10.6152], [115.8204, 10.6112], [115.8238, 10.6034], [115.8256, 10.5962], [115.8305, 10.5957], [115.8375, 10.6052], [115.8404, 10.6103], [115.8456, 10.6164], [115.8497, 10.6302], [115.8527, 10.6358], [115.8587, 10.643], [115.8562, 10.6455], [115.8503, 10.6388], [115.8464, 10.6375], [115.8441, 10.6458], [115.8407, 10.6464], [115.8384, 10.6502], [115.8385, 10.6547], [115.8358, 10.6574], [115.8393, 10.6655], [115.8372, 10.6738], [115.8336, 10.6765]]], [[[115.8654, 10.6468], [115.8695, 10.647], [115.8741, 10.6502], [115.8697, 10.6524], [115.8646, 10.6515], [115.8654, 10.6468]]], [[[116.1752, 10.7153], [116.1766, 10.729], [116.1735, 10.7289], [116.1633, 10.7166], [116.1632, 10.7117], [116.1659, 10.7051], [116.1673, 10.6969], [116.1672, 10.6857], [116.165, 10.6704], [116.1611, 10.6567], [116.1616, 10.6272], [116.162, 10.6227], [116.1595, 10.6087], [116.1618, 10.6057], [116.1682, 10.6046], [116.1782, 10.6069], [116.1838, 10.6103], [116.1881, 10.6149], [116.1927, 10.6223], [116.1982, 10.6282], [116.2071, 10.6402], [116.2079, 10.6439], [116.2037, 10.6511], [116.1983, 10.6551], [116.1805, 10.6803], [116.1785, 10.6844], [116.1756, 10.6948], [116.1764, 10.7035], [116.1752, 10.7153]]], [[[116.228, 10.7339], [116.2285, 10.7385], [116.2217, 10.7432], [116.2198, 10.7425], [116.2183, 10.7361], [116.2222, 10.7365], [116.228, 10.7339]]], [[[115.8496, 10.807], [115.8464, 10.8138], [115.8421, 10.8185], [115.8371, 10.8277], [115.8332, 10.8283], [115.8298, 10.8259], [115.8243, 10.8173], [115.8175, 10.809], [115.8153, 10.7985], [115.8094, 10.7907], [115.8079, 10.7842], [115.8082, 10.7778], [115.8128, 10.7671], [115.8129, 10.7571], [115.8053, 10.7312], [115.8086, 10.7052], [115.8102, 10.6972], [115.8138, 10.6893], [115.8155, 10.6829], [115.818, 10.6814], [115.8291, 10.6855], [115.8336, 10.6851], [115.8375, 10.6869], [115.8343, 10.6942], [115.8338, 10.7043], [115.8323, 10.7074], [115.8246, 10.7101], [115.8324, 10.713], [115.8331, 10.7177], [115.8262, 10.7219], [115.8189, 10.7219], [115.8148, 10.7258], [115.8188, 10.7282], [115.8191, 10.7355], [115.8162, 10.7413], [115.8186, 10.748], [115.815, 10.7496], [115.8157, 10.7556], [115.8225, 10.7641], [115.8256, 10.762], [115.8308, 10.7638], [115.8249, 10.7687], [115.8188, 10.7781], [115.8211, 10.7823], [115.8255, 10.7844], [115.8271, 10.7926], [115.8338, 10.7855], [115.8436, 10.7873], [115.8512, 10.7839], [115.8553, 10.78], [115.8587, 10.7741], [115.8616, 10.7759], [115.8641, 10.7828], [115.8621, 10.784], [115.8659, 10.7898], [115.8688, 10.7851], [115.8652, 10.7712], [115.8668, 10.7679], [115.8721, 10.7671], [115.872, 10.7557], [115.8685, 10.7531], [115.8647, 10.7559], [115.8599, 10.7553], [115.8585, 10.7517], [115.8585, 10.7427], [115.8606, 10.7356], [115.8698, 10.7206], [115.8785, 10.7189], [115.8842, 10.7124], [115.8814, 10.7072], [115.8816, 10.6995], [115.878, 10.6928], [115.8746, 10.6904], [115.8749, 10.6865], [115.8822, 10.6822], [115.8859, 10.6778], [115.8789, 10.6679], [115.8823, 10.6644], [115.8885, 10.6751], [115.8933, 10.6856], [115.8983, 10.6923], [115.9007, 10.698], [115.8995, 10.7015], [115.8955, 10.7047], [115.888, 10.7213], [115.8854, 10.7315], [115.8834, 10.744], [115.8806, 10.7533], [115.8767, 10.7578], [115.8745, 10.7737], [115.8716, 10.7783], [115.8716, 10.7868], [115.8698, 10.7906], [115.8613, 10.8003], [115.8543, 10.8019], [115.8496, 10.807]]], [[[116.2096, 10.8019], [116.2107, 10.8119], [116.2086, 10.815], [116.2051, 10.8131], [116.1995, 10.8036], [116.1934, 10.7951], [116.1875, 10.7771], [116.1853, 10.7659], [116.1868, 10.7562], [116.1839, 10.7509], [116.1779, 10.7345], [116.1795, 10.7321], [116.1862, 10.7299], [116.19, 10.739], [116.1875, 10.7438], [116.1919, 10.7513], [116.1891, 10.7598], [116.1939, 10.7693], [116.2005, 10.7755], [116.1996, 10.7819], [116.197, 10.786], [116.1988, 10.7927], [116.2055, 10.797], [116.2096, 10.8019]]], [[[116.2595, 10.7765], [116.2593, 10.7793], [116.255, 10.7826], [116.2499, 10.784], [116.2552, 10.7761], [116.2595, 10.7765]]], [[[116.2761, 10.7977], [116.276, 10.803], [116.2733, 10.8093], [116.2697, 10.8126], [116.2617, 10.813], [116.2555, 10.8076], [116.2547, 10.8017], [116.2689, 10.7949], [116.2749, 10.7936], [116.2761, 10.7977]]], [[[116.0946, 10.7981], [116.0973, 10.8017], [116.097, 10.8069], [116.0924, 10.8141], [116.0892, 10.8101], [116.0891, 10.8038], [116.0913, 10.7989], [116.0946, 10.7981]]], [[[116.3192, 10.8314], [116.3083, 10.8318], [116.2981, 10.8353], [116.291, 10.8339], [116.2853, 10.8284], [116.2827, 10.8214], [116.2826, 10.8175], [116.2864, 10.807], [116.2896, 10.8048], [116.297, 10.8097], [116.3107, 10.8173], [116.3163, 10.8185], [116.33, 10.817], [116.343, 10.8179], [116.35, 10.8221], [116.3492, 10.8269], [116.3426, 10.8316], [116.33, 10.831], [116.3192, 10.8314]]], [[[116.2274, 10.8257], [116.2296, 10.833], [116.2296, 10.8394], [116.2251, 10.8394], [116.2194, 10.8338], [116.2174, 10.8298], [116.2162, 10.8192], [116.2206, 10.8165], [116.2252, 10.8181], [116.2274, 10.8257]]], [[[116.3586, 10.8333], [116.3607, 10.8352], [116.3594, 10.8411], [116.3536, 10.841], [116.3586, 10.8333]]], [[[116.2497, 10.8517], [116.2457, 10.8578], [116.2408, 10.8618], [116.2354, 10.8621], [116.234, 10.857], [116.2352, 10.852], [116.2506, 10.8453], [116.2497, 10.8517]]], [[[116.3963, 10.8925], [116.3924, 10.8961], [116.3819, 10.9012], [116.3756, 10.9006], [116.371, 10.8935], [116.3699, 10.8896], [116.3731, 10.8698], [116.3779, 10.8642], [116.3839, 10.8633], [116.3924, 10.8585], [116.3954, 10.8635], [116.3988, 10.8775], [116.3984, 10.8862], [116.3963, 10.8925]]], [[[114.9384, 10.9039], [114.9336, 10.907], [114.932, 10.9016], [114.925, 10.8943], [114.9235, 10.8878], [114.9202, 10.8829], [114.9105, 10.8779], [114.9077, 10.8746], [114.8961, 10.8653], [114.8835, 10.8607], [114.8765, 10.8602], [114.8715, 10.8575], [114.8717, 10.8549], [114.8769, 10.854], [114.8849, 10.8587], [114.8984, 10.8642], [114.9038, 10.8631], [114.923, 10.8642], [114.9321, 10.882], [114.9342, 10.8922], [114.9374, 10.8982], [114.9384, 10.9039]]], [[[116.252, 10.8762], [116.2544, 10.8781], [116.2522, 10.8843], [116.2474, 10.8921], [116.243, 10.8894], [116.2404, 10.8836], [116.2402, 10.8782], [116.2429, 10.8743], [116.252, 10.8762]]], [[[116.4229, 10.9056], [116.4216, 10.9066], [116.4072, 10.9098], [116.4059, 10.9073], [116.4175, 10.8913], [116.4193, 10.8876], [116.4275, 10.8779], [116.433, 10.8755], [116.4387, 10.8757], [116.4439, 10.8788], [116.4582, 10.8909], [116.4611, 10.8992], [116.4581, 10.9053], [116.4548, 10.9063], [116.446, 10.9029], [116.442, 10.9028], [116.4229, 10.9056]]], [[[115.9032, 10.9077], [115.903, 10.9176], [115.8975, 10.9174], [115.8981, 10.8953], [115.8956, 10.8814], [115.9019, 10.8783], [115.9101, 10.8791], [115.9176, 10.8825], [115.9229, 10.8874], [115.9253, 10.8917], [115.9225, 10.8963], [115.9178, 10.8974], [115.9082, 10.8975], [115.9046, 10.903], [115.9032, 10.9077]]], [[[116.4708, 10.8981], [116.4761, 10.9021], [116.4735, 10.9075], [116.4662, 10.9097], [116.465, 10.908], [116.4697, 10.898], [116.4708, 10.8981]]], [[[114.6995, 11.0051], [114.6942, 11.0056], [114.6985, 10.9962], [114.7048, 10.9961], [114.703, 11.0031], [114.6995, 11.0051]]], [[[115.0212, 11.0687], [115.0272, 11.0758], [115.0265, 11.0823], [115.0234, 11.0825], [115.017, 11.0778], [115.0159, 11.0749], [115.0179, 11.0694], [115.0212, 11.0687]]], [[[114.8004, 11.1536], [114.7983, 11.1548], [114.7972, 11.1446], [114.8006, 11.141], [114.8046, 11.1448], [114.8043, 11.1499], [114.8004, 11.1536]]], [[[114.6415, 11.3815], [114.6322, 11.3705], [114.6288, 11.3569], [114.6305, 11.3425], [114.6421, 11.3309], [114.646, 11.3188], [114.6602, 11.2972], [114.6754, 11.2846], [114.693, 11.2765], [114.7054, 11.2739], [114.7177, 11.2737], [114.7391, 11.2823], [114.7459, 11.2975], [114.7594, 11.317], [114.7569, 11.334], [114.7493, 11.34], [114.7433, 11.3518], [114.7315, 11.3637], [114.7213, 11.3747], [114.7069, 11.3968], [114.6806, 11.4002], [114.6551, 11.3942], [114.6415, 11.3815]]], [[[116.2417, 11.3501], [116.2503, 11.3458], [116.2784, 11.3415], [116.3109, 11.3631], [116.3498, 11.4517], [116.3584, 11.5123], [116.3498, 11.5274], [116.313, 11.5296], [116.2784, 11.5101], [116.2482, 11.4625], [116.2265, 11.3782], [116.2417, 11.3501]]], [[[116.3573, 11.6674], [116.3602, 11.6836], [116.3619, 11.7002], [116.3625, 11.7168], [116.3619, 11.7335], [116.3602, 11.75], [116.3573, 11.7662], [116.3533, 11.7819], [116.3482, 11.797], [116.342, 11.8113], [116.3349, 11.8248], [116.3269, 11.8371], [116.3181, 11.8483], [116.3085, 11.8583], [116.2983, 11.8669], [116.2875, 11.874], [116.2763, 11.8796], [116.2647, 11.8837], [116.2529, 11.8861], [116.241, 11.887], [116.2291, 11.8861], [116.2173, 11.8837], [116.2057, 11.8796], [116.1945, 11.874], [116.1837, 11.8669], [116.1735, 11.8583], [116.1639, 11.8483], [116.1551, 11.8371], [116.1471, 11.8248], [116.14, 11.8113], [116.1338, 11.797], [116.1287, 11.7819], [116.1247, 11.7662], [116.1218, 11.75], [116.1201, 11.7335], [116.1195, 11.7168], [116.1201, 11.7002], [116.1218, 11.6836], [116.1247, 11.6674], [116.1287, 11.6517], [116.1338, 11.6366], [116.14, 11.6223], [116.1471, 11.6089], [116.1551, 11.5965], [116.1639, 11.5853], [116.1735, 11.5754], [116.1837, 11.5668], [116.1945, 11.5596], [116.2057, 11.554], [116.2173, 11.55], [116.2291, 11.5475], [116.241, 11.5467], [116.2529, 11.5475], [116.2647, 11.55], [116.2763, 11.554], [116.2875, 11.5596], [116.2983, 11.5668], [116.3085, 11.5754], [116.3181, 11.5853], [116.3269, 11.5965], [116.3349, 11.6089], [116.342, 11.6223], [116.3482, 11.6366], [116.3533, 11.6517], [116.3573, 11.6674]]], [[[116.6828, 9.0401], [116.6717, 9.0504], [116.6663, 9.0531], [116.6598, 9.0532], [116.6553, 9.0504], [116.6546, 9.0408], [116.6579, 9.0299], [116.6655, 9.0267], [116.6687, 9.0235], [116.6812, 9.0203], [116.6878, 9.0259], [116.6884, 9.031], [116.6868, 9.0356], [116.6828, 9.0401]], [[116.6591, 9.0423], [116.6612, 9.0487], [116.6681, 9.0497], [116.6724, 9.0445], [116.6842, 9.035], [116.685, 9.0282], [116.682, 9.0256], [116.6747, 9.0251], [116.6718, 9.0261], [116.6608, 9.0335], [116.6591, 9.0423]]], [[[116.5406, 9.742], [116.5337, 9.7432], [116.5265, 9.747], [116.5189, 9.7451], [116.5164, 9.7429], [116.5164, 9.734], [116.5128, 9.7259], [116.5058, 9.7156], [116.4987, 9.7101], [116.4945, 9.7092], [116.4901, 9.7059], [116.4958, 9.7012], [116.5064, 9.7068], [116.5104, 9.7185], [116.5186, 9.7277], [116.5305, 9.7307], [116.5417, 9.7293], [116.5512, 9.724], [116.5618, 9.7215], [116.5664, 9.7145], [116.5743, 9.7137], [116.5876, 9.7151], [116.5946, 9.71], [116.6013, 9.7069], [116.611, 9.7093], [116.6125, 9.7115], [116.6106, 9.7179], [116.6007, 9.732], [116.5907, 9.734], [116.5816, 9.7419], [116.5766, 9.7426], [116.5673, 9.7407], [116.5601, 9.741], [116.5548, 9.7424], [116.5445, 9.7405], [116.5406, 9.742]]], [[[116.517, 9.7604], [116.5118, 9.761], [116.5107, 9.7633], [116.5054, 9.7649], [116.5024, 9.7604], [116.5153, 9.7487], [116.5209, 9.751], [116.5212, 9.756], [116.517, 9.7604]]], [[[116.4934, 9.7739], [116.4894, 9.7792], [116.4874, 9.7845], [116.481, 9.7835], [116.4868, 9.7761], [116.4934, 9.7739]]], [[[116.5025, 10.3348], [116.5013, 10.3379], [116.4964, 10.3424], [116.4894, 10.3385], [116.4853, 10.3348], [116.4793, 10.3248], [116.4762, 10.3163], [116.4712, 10.311], [116.4699, 10.3055], [116.4754, 10.2964], [116.4804, 10.2938], [116.4859, 10.2873], [116.4907, 10.2856], [116.5003, 10.2851], [116.5167, 10.2927], [116.525, 10.3011], [116.525, 10.3074], [116.523, 10.3118], [116.5184, 10.3136], [116.5109, 10.3225], [116.5025, 10.3348]]], [[[116.5577, 10.3118], [116.5542, 10.317], [116.5513, 10.3109], [116.5577, 10.3118]]], [[[116.5699, 10.3196], [116.5676, 10.3245], [116.564, 10.326], [116.5601, 10.3224], [116.5638, 10.3129], [116.5703, 10.3143], [116.5699, 10.3196]]], [[[116.6039, 10.3273], [116.604, 10.3323], [116.5955, 10.3323], [116.5937, 10.3282], [116.5965, 10.3264], [116.6039, 10.3273]]], [[[116.7031, 10.3395], [116.6988, 10.3436], [116.6947, 10.3404], [116.6908, 10.3415], [116.6806, 10.3393], [116.6769, 10.3396], [116.6722, 10.3364], [116.6733, 10.3318], [116.6767, 10.3297], [116.6949, 10.3336], [116.7039, 10.3346], [116.7031, 10.3395]]], [[[116.6407, 10.3369], [116.6385, 10.3427], [116.6357, 10.3403], [116.6369, 10.3338], [116.6407, 10.3369]]], [[[116.7331, 10.3473], [116.738, 10.3481], [116.7399, 10.3503], [116.7353, 10.3558], [116.731, 10.3562], [116.7168, 10.3513], [116.718, 10.3453], [116.7331, 10.3473]]], [[[116.5085, 10.3582], [116.5068, 10.362], [116.5034, 10.3641], [116.498, 10.3546], [116.5077, 10.3522], [116.5085, 10.3582]]], [[[116.7706, 10.3614], [116.7739, 10.3642], [116.7668, 10.3741], [116.7618, 10.3736], [116.7597, 10.3714], [116.7559, 10.3582], [116.7611, 10.357], [116.769, 10.358], [116.7706, 10.3614]]], [[[116.5234, 10.3921], [116.5226, 10.395], [116.5178, 10.3978], [116.512, 10.3935], [116.5098, 10.3888], [116.5114, 10.3792], [116.5066, 10.3678], [116.5122, 10.3671], [116.514, 10.3701], [116.5213, 10.3715], [116.5253, 10.3754], [116.5254, 10.3812], [116.5234, 10.3921]]], [[[116.5347, 10.4124], [116.5301, 10.4178], [116.5244, 10.41], [116.5215, 10.404], [116.5225, 10.4017], [116.5323, 10.4025], [116.5351, 10.4052], [116.5347, 10.4124]]], [[[116.5411, 10.4194], [116.5393, 10.4271], [116.5359, 10.4253], [116.5319, 10.4202], [116.5332, 10.4185], [116.5403, 10.4172], [116.5411, 10.4194]]], [[[116.5445, 10.4374], [116.5441, 10.4433], [116.5405, 10.4421], [116.5404, 10.4375], [116.5445, 10.4374]]], [[[116.6332, 10.4441], [116.6311, 10.4484], [116.627, 10.4462], [116.6293, 10.442], [116.6332, 10.4441]]], [[[116.5561, 10.4527], [116.5483, 10.4566], [116.5439, 10.4517], [116.5579, 10.4493], [116.5561, 10.4527]]], [[[116.5675, 10.5139], [116.5629, 10.5158], [116.5578, 10.515], [116.553, 10.5085], [116.5534, 10.4992], [116.5585, 10.494], [116.5678, 10.4923], [116.5721, 10.5011], [116.5723, 10.5054], [116.5675, 10.5139]]], [[[116.6543, 10.5158], [116.6536, 10.52], [116.6489, 10.5191], [116.6495, 10.5156], [116.6543, 10.5158]]], [[[116.5805, 10.5347], [116.5773, 10.5396], [116.5716, 10.5343], [116.5667, 10.5258], [116.5699, 10.5232], [116.5749, 10.5225], [116.5781, 10.5273], [116.5821, 10.5295], [116.5805, 10.5347]]], [[[116.5989, 10.5536], [116.5942, 10.5576], [116.5909, 10.5558], [116.5834, 10.5439], [116.5876, 10.5417], [116.5889, 10.5358], [116.5948, 10.5388], [116.595, 10.5425], [116.5898, 10.5468], [116.5933, 10.5519], [116.5988, 10.5498], [116.5989, 10.5536]]], [[[116.6204, 10.5715], [116.6155, 10.5746], [116.6103, 10.5742], [116.6054, 10.5671], [116.6184, 10.5627], [116.6223, 10.5646], [116.6204, 10.5715]]], [[[116.6472, 10.5855], [116.6462, 10.5904], [116.6389, 10.5897], [116.6375, 10.5865], [116.6472, 10.5855]]], [[[116.7363, 10.6266], [116.7338, 10.6312], [116.7228, 10.6265], [116.7249, 10.6242], [116.7373, 10.6223], [116.7363, 10.6266]]], [[[116.7683, 10.6423], [116.7558, 10.6394], [116.7579, 10.6375], [116.7683, 10.6423]]], [[[116.6988, 10.7876], [116.6977, 10.7916], [116.6906, 10.7934], [116.6867, 10.7928], [116.6835, 10.7898], [116.6839, 10.7838], [116.6821, 10.7781], [116.692, 10.7812], [116.6988, 10.7876]]], [[[116.6329, 10.8113], [116.6313, 10.8239], [116.6247, 10.8235], [116.6194, 10.807], [116.6181, 10.798], [116.6187, 10.7943], [116.6231, 10.7872], [116.632, 10.7786], [116.6401, 10.7732], [116.6486, 10.7709], [116.6633, 10.7711], [116.673, 10.7735], [116.6758, 10.7769], [116.6746, 10.7815], [116.6713, 10.7845], [116.6654, 10.7867], [116.6603, 10.7936], [116.6538, 10.796], [116.649, 10.7994], [116.6451, 10.804], [116.634, 10.8077], [116.6329, 10.8113]]], [[[116.7206, 10.8175], [116.7218, 10.8216], [116.72, 10.8241], [116.7134, 10.8237], [116.713, 10.819], [116.7165, 10.815], [116.7206, 10.8175]]], [[[116.7672, 10.8159], [116.7719, 10.8217], [116.77, 10.8262], [116.7637, 10.8273], [116.7603, 10.8254], [116.756, 10.8197], [116.758, 10.8147], [116.7625, 10.8138], [116.7672, 10.8159]]], [[[116.6372, 10.8294], [116.6402, 10.8344], [116.6337, 10.8378], [116.6306, 10.8355], [116.6292, 10.8309], [116.6372, 10.8294]]], [[[116.6435, 10.8363], [116.6471, 10.8409], [116.6442, 10.8484], [116.6386, 10.8475], [116.6341, 10.8417], [116.6435, 10.8363]]], [[[116.7268, 10.8473], [116.7293, 10.8471], [116.7362, 10.8528], [116.7346, 10.8552], [116.7276, 10.8541], [116.7268, 10.8473]]], [[[116.6534, 10.8519], [116.655, 10.8611], [116.6511, 10.8646], [116.6442, 10.8661], [116.6429, 10.8596], [116.6431, 10.8526], [116.6494, 10.849], [116.6534, 10.8519]]], [[[116.7489, 10.859], [116.7531, 10.8587], [116.7549, 10.8641], [116.7482, 10.868], [116.7458, 10.8592], [116.7489, 10.859]]], [[[116.6498, 10.8834], [116.6521, 10.8899], [116.6494, 10.8921], [116.6443, 10.8897], [116.6408, 10.8853], [116.6402, 10.8807], [116.6414, 10.8718], [116.6432, 10.8703], [116.6527, 10.8684], [116.6564, 10.8691], [116.6578, 10.8738], [116.6557, 10.88], [116.6498, 10.8834]]], [[[116.7472, 10.8818], [116.7512, 10.8822], [116.75, 10.8878], [116.7452, 10.8856], [116.7472, 10.8818]]], [[[116.6621, 10.8904], [116.6672, 10.8911], [116.6689, 10.8986], [116.6652, 10.9015], [116.6529, 10.8957], [116.6544, 10.8915], [116.6621, 10.8904]]], [[[116.6766, 10.9043], [116.6816, 10.9026], [116.684, 10.9059], [116.6815, 10.9083], [116.6766, 10.9043]]], [[[116.4836, 10.9057], [116.49, 10.9122], [116.4887, 10.9149], [116.4809, 10.9141], [116.4806, 10.9072], [116.4836, 10.9057]]], [[[116.9362, 9.4478], [116.9385, 9.4558], [116.937, 9.4592], [116.932, 9.4621], [116.927, 9.4592], [116.9193, 9.4508], [116.9227, 9.4422], [116.9285, 9.4401], [116.9362, 9.4478]], [[116.9232, 9.4489], [116.9299, 9.4569], [116.9337, 9.4542], [116.9319, 9.4464], [116.9271, 9.444], [116.9232, 9.4489]]], [[[117.3407, 10.0968], [117.343, 10.1048], [117.3415, 10.1082], [117.3365, 10.1112], [117.3315, 10.1082], [117.3238, 10.0998], [117.3272, 10.0912], [117.333, 10.0892], [117.3407, 10.0968]], [[117.3277, 10.098], [117.3344, 10.1059], [117.3382, 10.1032], [117.3364, 10.0954], [117.3316, 10.093], [117.3277, 10.098]]], [[[117.3706, 10.3787], [117.3699, 10.3808], [117.364, 10.3828], [117.355, 10.3831], [117.3438, 10.3769], [117.335, 10.3745], [117.3257, 10.3747], [117.3115, 10.3809], [117.3016, 10.3801], [117.2968, 10.3778], [117.2926, 10.3719], [117.2893, 10.3628], [117.2847, 10.3562], [117.2784, 10.3494], [117.2728, 10.3383], [117.2668, 10.3297], [117.2696, 10.3244], [117.2844, 10.3098], [117.2939, 10.3039], [117.2971, 10.3002], [117.3083, 10.2967], [117.3164, 10.296], [117.3233, 10.2966], [117.3354, 10.296], [117.3431, 10.2947], [117.3519, 10.2946], [117.3565, 10.2958], [117.3588, 10.2997], [117.3619, 10.3202], [117.3629, 10.3336], [117.3668, 10.3416], [117.3688, 10.3481], [117.369, 10.3696], [117.3706, 10.3787]], [[117.3394, 10.3508], [117.3439, 10.3438], [117.3441, 10.3388], [117.3401, 10.3333], [117.3349, 10.3229], [117.3289, 10.3171], [117.3252, 10.3161], [117.3188, 10.3173], [117.3083, 10.3281], [117.3054, 10.3319], [117.2929, 10.3425], [117.2969, 10.3464], [117.298, 10.3498], [117.3019, 10.3524], [117.3206, 10.3393], [117.3248, 10.3407], [117.331, 10.339], [117.3394, 10.3399], [117.3412, 10.3445], [117.3394, 10.3508]]], [[[116.7965, 10.3831], [116.7998, 10.3861], [116.7959, 10.3892], [116.7911, 10.3894], [116.7831, 10.3794], [116.7851, 10.3727], [116.7909, 10.376], [116.7965, 10.3831]]], [[[116.808, 10.3937], [116.8104, 10.4012], [116.8031, 10.4032], [116.8064, 10.3946], [116.808, 10.3937]]], [[[116.8374, 10.4537], [116.8397, 10.4569], [116.8335, 10.4663], [116.8311, 10.4628], [116.8357, 10.4535], [116.8374, 10.4537]]], [[[116.864, 10.4752], [116.8669, 10.4767], [116.867, 10.4812], [116.8628, 10.4857], [116.8515, 10.4816], [116.8524, 10.4756], [116.8457, 10.4729], [116.8461, 10.4702], [116.864, 10.4752]]], [[[116.8785, 10.4928], [116.8826, 10.4981], [116.8791, 10.4988], [116.8785, 10.4928]]], [[[116.8931, 10.5557], [116.8869, 10.5603], [116.8815, 10.5609], [116.8773, 10.5551], [116.878, 10.5509], [116.8846, 10.5422], [116.8984, 10.5283], [116.9036, 10.5178], [116.9003, 10.5084], [116.9093, 10.5116], [116.9175, 10.5175], [116.933, 10.5229], [116.9408, 10.5267], [116.9431, 10.5294], [116.9471, 10.5387], [116.9525, 10.5479], [116.9503, 10.5542], [116.9467, 10.5576], [116.9381, 10.5578], [116.9271, 10.5541], [116.9175, 10.5496], [116.9135, 10.5465], [116.9039, 10.5532], [116.8931, 10.5557]]], [[[116.8644, 10.5714], [116.8602, 10.5804], [116.8568, 10.5797], [116.8583, 10.5745], [116.8626, 10.5693], [116.8644, 10.5714]]], [[[116.8475, 10.5898], [116.8429, 10.5936], [116.8407, 10.5874], [116.8475, 10.5898]]], [[[117.1419, 10.6243], [117.1366, 10.6285], [117.135, 10.6259], [117.1332, 10.6147], [117.1392, 10.6107], [117.1466, 10.6019], [117.1486, 10.5971], [117.1519, 10.594], [117.1646, 10.593], [117.1722, 10.5888], [117.1775, 10.5828], [117.1802, 10.5741], [117.1865, 10.5742], [117.1924, 10.5786], [117.1977, 10.5873], [117.1999, 10.5952], [117.1989, 10.5996], [117.1836, 10.6085], [117.1795, 10.6097], [117.1655, 10.6109], [117.1527, 10.6169], [117.1419, 10.6243]]], [[[117.356, 10.6357], [117.3514, 10.6379], [117.3482, 10.6362], [117.3427, 10.6362], [117.3442, 10.6199], [117.3435, 10.6152], [117.3434, 10.6001], [117.3472, 10.5948], [117.354, 10.5922], [117.3594, 10.5927], [117.3699, 10.5966], [117.3766, 10.5977], [117.3832, 10.6065], [117.374, 10.6017], [117.3674, 10.607], [117.3641, 10.6125], [117.3602, 10.6145], [117.356, 10.6357]]], [[[117.6424, 10.6377], [117.6372, 10.6411], [117.6316, 10.6418], [117.6214, 10.638], [117.6137, 10.6392], [117.6112, 10.6352], [117.6308, 10.6299], [117.6366, 10.6264], [117.6462, 10.6259], [117.658, 10.627], [117.6583, 10.6288], [117.6498, 10.6313], [117.6424, 10.6377]]], [[[117.1956, 10.6326], [117.1947, 10.6371], [117.1882, 10.6388], [117.1846, 10.6379], [117.1862, 10.6333], [117.1956, 10.6326]]], [[[117.3832, 10.6523], [117.3764, 10.6528], [117.3894, 10.6373], [117.3908, 10.633], [117.3897, 10.6286], [117.3931, 10.626], [117.3939, 10.6366], [117.3914, 10.6454], [117.3871, 10.6503], [117.3832, 10.6523]]], [[[117.146, 10.6403], [117.1368, 10.64], [117.1369, 10.6358], [117.144, 10.6333], [117.1489, 10.6359], [117.146, 10.6403]]], [[[116.8204, 10.6815], [116.8193, 10.6879], [116.8155, 10.6884], [116.8082, 10.6768], [116.804, 10.6728], [116.7885, 10.6636], [116.7827, 10.6583], [116.7786, 10.6519], [116.7861, 10.6501], [116.7889, 10.6541], [116.7976, 10.6556], [116.8041, 10.6535], [116.8078, 10.6472], [116.8142, 10.6393], [116.8168, 10.6155], [116.8213, 10.6041], [116.8247, 10.6011], [116.8311, 10.5992], [116.8346, 10.6033], [116.8272, 10.6131], [116.8222, 10.6174], [116.8202, 10.6239], [116.8202, 10.631], [116.822, 10.6457], [116.8227, 10.664], [116.8204, 10.6815]]], [[[117.1428, 10.6612], [117.1398, 10.6634], [117.1341, 10.6634], [117.1324, 10.6585], [117.1368, 10.6453], [117.1445, 10.6456], [117.1476, 10.6501], [117.1475, 10.6538], [117.1428, 10.6612]]], [[[117.3492, 10.6758], [117.3441, 10.679], [117.3386, 10.6797], [117.3283, 10.6759], [117.3206, 10.6771], [117.3181, 10.6731], [117.3382, 10.6676], [117.3436, 10.6643], [117.3532, 10.6638], [117.365, 10.6649], [117.3652, 10.6667], [117.3568, 10.6692], [117.3492, 10.6758]]], [[[117.3924, 10.6774], [117.3935, 10.6818], [117.3891, 10.6827], [117.385, 10.6687], [117.3877, 10.669], [117.3924, 10.6774]]], [[[117.1457, 10.6993], [117.1434, 10.7027], [117.1378, 10.7007], [117.1369, 10.6963], [117.1381, 10.6893], [117.1437, 10.6908], [117.1457, 10.6993]]], [[[117.3711, 10.7218], [117.3605, 10.7221], [117.3575, 10.7206], [117.3581, 10.7093], [117.3647, 10.7155], [117.375, 10.7133], [117.3788, 10.7101], [117.3872, 10.6973], [117.389, 10.6899], [117.3939, 10.6879], [117.3939, 10.699], [117.3905, 10.7096], [117.3865, 10.7152], [117.3822, 10.7178], [117.3711, 10.7218]]], [[[117.2922, 10.7289], [117.2815, 10.7297], [117.2723, 10.7289], [117.2748, 10.7244], [117.2866, 10.7246], [117.2998, 10.7223], [117.3192, 10.7168], [117.3256, 10.7137], [117.3377, 10.7116], [117.3465, 10.7123], [117.3527, 10.7157], [117.3535, 10.7199], [117.3495, 10.7205], [117.3394, 10.7181], [117.3318, 10.7185], [117.3077, 10.7256], [117.3012, 10.7279], [117.2922, 10.7289]]], [[[117.2633, 10.7231], [117.2595, 10.7269], [117.2456, 10.7298], [117.2412, 10.7287], [117.2325, 10.7286], [117.232, 10.7242], [117.2385, 10.7248], [117.2476, 10.723], [117.2536, 10.719], [117.2596, 10.717], [117.2639, 10.7196], [117.2633, 10.7231]]], [[[117.2095, 10.7278], [117.2086, 10.7253], [117.2197, 10.7202], [117.2259, 10.7195], [117.2275, 10.7211], [117.2243, 10.7261], [117.2186, 10.7251], [117.2095, 10.7278]]], [[[117.1907, 10.7525], [117.1863, 10.7557], [117.1807, 10.7552], [117.1754, 10.7518], [117.1708, 10.7467], [117.1609, 10.7416], [117.1565, 10.7407], [117.1462, 10.7415], [117.1431, 10.7406], [117.1412, 10.7358], [117.1461, 10.7337], [117.1525, 10.7347], [117.1708, 10.743], [117.1774, 10.7413], [117.1917, 10.73], [117.1948, 10.7294], [117.1998, 10.7319], [117.2001, 10.736], [117.1962, 10.7416], [117.1907, 10.7525]]], [[[117.4173, 10.8226], [117.4111, 10.8258], [117.3992, 10.8248], [117.3945, 10.8222], [117.3887, 10.8166], [117.3842, 10.809], [117.3835, 10.799], [117.3877, 10.7906], [117.3941, 10.7877], [117.4006, 10.7901], [117.4039, 10.7928], [117.4152, 10.7977], [117.4213, 10.8021], [117.4232, 10.8083], [117.4219, 10.8133], [117.4173, 10.8226]]], [[[116.8094, 10.825], [116.7946, 10.8257], [116.7922, 10.8249], [116.7832, 10.8165], [116.7849, 10.8125], [116.814, 10.8165], [116.8133, 10.8229], [116.8094, 10.825]]], [[[116.8298, 10.8282], [116.8353, 10.8319], [116.8333, 10.836], [116.8285, 10.838], [116.8273, 10.8309], [116.8298, 10.8282]]], [[[116.8467, 10.8472], [116.8506, 10.8465], [116.8506, 10.8528], [116.8462, 10.8576], [116.843, 10.8527], [116.8467, 10.8472]]], [[[117.8024, 10.9141], [117.8021, 10.9206], [117.7923, 10.9225], [117.7807, 10.9231], [117.7655, 10.9218], [117.7611, 10.9207], [117.7592, 10.9138], [117.7587, 10.9066], [117.761, 10.8914], [117.7582, 10.8754], [117.7555, 10.8668], [117.7526, 10.8539], [117.7522, 10.8388], [117.7534, 10.8222], [117.7571, 10.8063], [117.7611, 10.7991], [117.7659, 10.7964], [117.7749, 10.7935], [117.7875, 10.7917], [117.7979, 10.7927], [117.8044, 10.7957], [117.8113, 10.8009], [117.8142, 10.8045], [117.8164, 10.8224], [117.8173, 10.8414], [117.8139, 10.8571], [117.8094, 10.8699], [117.8028, 10.8827], [117.8011, 10.9046], [117.8024, 10.9141]]], [[[117.4093, 10.9049], [117.4042, 10.9077], [117.4, 10.9079], [117.3882, 10.905], [117.381, 10.8995], [117.3741, 10.8916], [117.3721, 10.8871], [117.368, 10.87], [117.3695, 10.8636], [117.3721, 10.8586], [117.3765, 10.8549], [117.3865, 10.853], [117.3928, 10.853], [117.4043, 10.8568], [117.409, 10.8614], [117.4128, 10.8672], [117.4184, 10.8818], [117.4206, 10.8917], [117.4191, 10.8965], [117.4093, 10.9049]]], [[[116.7973, 10.9044], [116.8004, 10.9032], [116.8026, 10.9071], [116.7971, 10.9091], [116.7973, 10.9044]]], [[[117.652, 11.0405], [117.6492, 11.0425], [117.6435, 11.0424], [117.6417, 11.0376], [117.6461, 11.0243], [117.6539, 11.0246], [117.6573, 11.0306], [117.6545, 11.0379], [117.652, 11.0405]]], [[[117.3081, 11.1193], [117.2979, 11.1258], [117.2909, 11.1283], [117.2803, 11.1294], [117.2751, 11.1288], [117.2612, 11.1254], [117.2535, 11.122], [117.2423, 11.113], [117.233, 11.1024], [117.2276, 11.0921], [117.2225, 11.0743], [117.2213, 11.0644], [117.2223, 11.0569], [117.2268, 11.0435], [117.2334, 11.034], [117.2385, 11.0294], [117.2466, 11.0245], [117.255, 11.0219], [117.2721, 11.0204], [117.2802, 11.0213], [117.2947, 11.0262], [117.3045, 11.0327], [117.3118, 11.0409], [117.3181, 11.0514], [117.3224, 11.0618], [117.3272, 11.0791], [117.3279, 11.0845], [117.3269, 11.0939], [117.322, 11.1058], [117.3173, 11.1115], [117.3081, 11.1193]]], [[[117.4965, 11.071], [117.4988, 11.0802], [117.4988, 11.0866], [117.4951, 11.0987], [117.4916, 11.1039], [117.4819, 11.112], [117.4698, 11.1156], [117.4573, 11.1144], [117.4515, 11.112], [117.4439, 11.1063], [117.4369, 11.0958], [117.4346, 11.0866], [117.4346, 11.0802], [117.4369, 11.071], [117.4439, 11.0605], [117.4515, 11.0548], [117.4573, 11.0524], [117.4667, 11.051], [117.473, 11.0516], [117.4819, 11.0548], [117.4916, 11.0628], [117.4965, 11.071]]], [[[116.7834, 11.9184], [116.7873, 11.9222], [116.787, 11.9274], [116.7839, 11.9337], [116.7792, 11.9307], [116.7791, 11.9243], [116.7834, 11.9184]]]]}, "properties": {"province_id": "khanh_hoa", "name": "Khánh Hòa", "population": 2243553, "area_km2": 8556.1}}, {"type": "Feature", "geometry": {"type": "Polygon", "coordinates": [[[103.4968, 21.9698], [103.4993, 21.9778], [103.5028, 21.9812], [103.5085, 21.9834], [103.5134, 21.9924], [103.5113, 21.9977], [103.5141, 22.0027], [103.5106, 22.0103], [103.5168, 22.0138], [103.5216, 22.0214], [103.525, 22.0248], [103.5285, 22.0243], [103.5354, 22.0276], [103.546, 22.0304], [103.5546, 22.0236], [103.5614, 22.0244], [103.5729, 22.0188], [103.5812, 22.019], [103.5841, 22.0166], [103.5961, 22.0124], [103.6076, 22.012], [103.6133, 22.0016], [103.6215, 21.9964], [103.6259, 21.9952], [103.6341, 21.9898], [103.6454, 21.9944], [103.652, 21.9923], [103.6519, 21.9859], [103.6578, 21.9817], [103.6616, 21.9715], [103.6594, 21.9663], [103.6643, 21.9569], [103.6664, 21.9499], [103.6726, 21.9466], [103.6862, 21.943], [103.6887, 21.9407], [103.69, 21.9325], [103.6833, 21.9213], [103.6879, 21.9188], [103.6911, 21.9137], [103.6967, 21.9127], [103.7012, 21.9099], [103.7064, 21.9011], [103.705, 21.8985], [103.7051, 21.8843], [103.7147, 21.8856], [103.715, 21.8814], [103.7219, 21.8797], [103.7212, 21.8707], [103.7158, 21.8616], [103.7126, 21.8602], [103.7084, 21.8538], [103.7062, 21.8434], [103.6964, 21.8378], [103.6942, 21.8315], [103.6965, 21.8255], [103.7029, 21.8231], [103.711, 21.8219], [103.7134, 21.8193], [103.7156, 21.8127], [103.7216, 21.8106], [103.7239, 21.8066], [103.7283, 21.8058], [103.7323, 21.8094], [103.7417, 21.8101], [103.7444, 21.808], [103.7551, 21.8103], [103.7597, 21.8082], [103.7587, 21.8012], [103.7561, 21.7969], [103.7536, 21.7888], [103.7542, 21.7803], [103.7582, 21.7775], [103.7625, 21.7806], [103.7689, 21.7781], [103.7738, 21.7793], [103.7792, 21.7782], [103.7792, 21.773], [103.7826, 21.77], [103.7831, 21.7633], [103.7902, 21.7629], [103.7909, 21.7591], [103.7954, 21.7548], [103.7957, 21.7523], [103.8009, 21.7492], [103.8074, 21.737], [103.8147, 21.7401], [103.8217, 21.7361], [103.826, 21.7351], [103.8295, 21.7369], [103.8332, 21.7438], [103.8368, 21.7383], [103.8343, 21.7358], [103.8353, 21.7195], [103.8381, 21.7164], [103.8378, 21.7062], [103.842, 21.7013], [103.8493, 21.7009], [103.8534, 21.6894], [103.8611, 21.6929], [103.8653, 21.6885], [103.8695, 21.6886], [103.8722, 21.6859], [103.8783, 21.6859], [103.8813, 21.688], [103.8824, 21.7088], [103.8849, 21.7051], [103.8917, 21.7005], [103.903, 21.6974], [103.9052, 21.6948], [103.9179, 21.6968], [103.9221, 21.7006], [103.9228, 21.7035], [103.92, 21.7099], [103.9162, 21.7116], [103.9121, 21.7166], [103.9161, 21.7198], [103.9182, 21.7281], [103.9156, 21.7348], [103.9213, 21.7389], [103.9311, 21.7436], [103.9383, 21.7387], [103.9421, 21.7434], [103.948, 21.7439], [103.9532, 21.7413], [103.9537, 21.7464], [103.9514, 21.7522], [103.9593, 21.7573], [103.9635, 21.758], [103.9655, 21.7613], [103.9669, 21.7709], [103.9625, 21.7732], [103.9577, 21.781], [103.956, 21.7873], [103.9519, 21.7882], [103.953, 21.7972], [103.9509, 21.8015], [103.945, 21.8052], [103.9447, 21.81], [103.9388, 21.8116], [103.9341, 21.8203], [103.9255, 21.8261], [103.9174, 21.8296], [103.92, 21.8322], [103.9194, 21.8381], [103.9101, 21.8472], [103.897, 21.8575], [103.8893, 21.8652], [103.8893, 21.8766], [103.8881, 21.8787], [103.8884, 21.8876], [103.8869, 21.8917], [103.8891, 21.9006], [103.886, 21.9063], [103.8882, 21.9134], [103.8935, 21.9212], [103.9056, 21.921], [103.9096, 21.9231], [103.9159, 21.9299], [103.9213, 21.9322], [103.9256, 21.9295], [103.929, 21.9233], [103.9334, 21.9234], [103.9357, 21.9196], [103.943, 21.9177], [103.9523, 21.9279], [103.9606, 21.9355], [103.963, 21.9418], [103.9614, 21.9443], [103.9716, 21.9598], [103.9753, 21.9595], [103.985, 21.967], [103.981, 21.972], [103.9747, 21.9753], [103.9726, 21.9812], [103.9677, 21.9883], [103.9545, 21.9999], [103.9614, 22.0041], [103.9654, 22.0114], [103.9648, 22.0144], [103.9549, 22.0232], [103.9531, 22.0262], [103.956, 22.033], [103.9573, 22.0489], [103.9552, 22.052], [103.9524, 22.0648], [103.9481, 22.0689], [103.9474, 22.0729], [103.9437, 22.075], [103.9432, 22.08], [103.9384, 22.0815], [103.9386, 22.0878], [103.944, 22.0986], [103.9443, 22.106], [103.9427, 22.1108], [103.9368, 22.1192], [103.9365, 22.1241], [103.9387, 22.133], [103.9381, 22.1398], [103.925, 22.142], [103.9223, 22.1414], [103.9113, 22.1467], [103.9052, 22.1558], [103.8973, 22.1589], [103.8946, 22.1658], [103.887, 22.1745], [103.8744, 22.1759], [103.8685, 22.1782], [103.8683, 22.1783], [103.8635, 22.1832], [103.8651, 22.1871], [103.8706, 22.1898], [103.8711, 22.2003], [103.8658, 22.2038], [103.8551, 22.2069], [103.8506, 22.2163], [103.8492, 22.2215], [103.841, 22.2258], [103.8399, 22.2312], [103.8424, 22.2363], [103.8381, 22.2487], [103.8337, 22.2509], [103.83, 22.2583], [103.8268, 22.2611], [103.8255, 22.2696], [103.8193, 22.2771], [103.8092, 22.2857], [103.8052, 22.2868], [103.8015, 22.291], [103.7925, 22.2974], [103.7911, 22.3001], [103.7855, 22.303], [103.7792, 22.3017], [103.7749, 22.303], [103.7724, 22.3078], [103.7603, 22.3134], [103.7627, 22.3172], [103.7688, 22.3216], [103.7711, 22.3285], [103.7685, 22.3336], [103.7712, 22.3361], [103.7804, 22.3391], [103.7766, 22.3454], [103.779, 22.3488], [103.7789, 22.349], [103.772, 22.3539], [103.7675, 22.3544], [103.7655, 22.359], [103.7645, 22.3762], [103.7665, 22.3803], [103.7623, 22.3919], [103.753, 22.4012], [103.7473, 22.4042], [103.7466, 22.4081], [103.7396, 22.4109], [103.7381, 22.4133], [103.7272, 22.4151], [103.7238, 22.4124], [103.7191, 22.4142], [103.7146, 22.4133], [103.7122, 22.409], [103.7056, 22.4083], [103.7007, 22.4054], [103.6965, 22.4085], [103.6852, 22.4055], [103.6793, 22.4053], [103.6758, 22.4035], [103.6714, 22.4049], [103.6603, 22.4031], [103.6561, 22.4045], [103.6499, 22.4032], [103.6451, 22.4043], [103.6414, 22.401], [103.6323, 22.399], [103.6254, 22.3963], [103.6142, 22.4041], [103.6078, 22.4069], [103.6036, 22.4104], [103.6032, 22.4249], [103.6, 22.4273], [103.5876, 22.4294], [103.5884, 22.4362], [103.5812, 22.4388], [103.5763, 22.4474], [103.5723, 22.4472], [103.569, 22.4527], [103.5687, 22.4572], [103.5591, 22.4631], [103.5568, 22.4655], [103.5553, 22.4717], [103.5601, 22.4775], [103.5636, 22.4798], [103.566, 22.4848], [103.5716, 22.4893], [103.5758, 22.49], [103.5826, 22.4984], [103.5853, 22.5041], [103.5853, 22.5089], [103.588, 22.5152], [103.5948, 22.5239], [103.5952, 22.5267], [103.5885, 22.5308], [103.5845, 22.5312], [103.5815, 22.538], [103.58, 22.5455], [103.5813, 22.5486], [103.5767, 22.553], [103.5663, 22.5684], [103.5719, 22.5767], [103.566, 22.5791], [103.5631, 22.5832], [103.5486, 22.5883], [103.5331, 22.5842], [103.5304, 22.5948], [103.5184, 22.5979], [103.5115, 22.6007], [103.5052, 22.6052], [103.5087, 22.6098], [103.5009, 22.615], [103.4883, 22.6193], [103.4851, 22.6288], [103.4794, 22.6302], [103.4771, 22.6399], [103.4706, 22.6447], [103.4651, 22.6471], [103.4637, 22.6543], [103.4574, 22.6571], [103.4557, 22.6615], [103.4565, 22.6715], [103.4605, 22.6782], [103.4512, 22.6861], [103.4513, 22.6889], [103.4398, 22.6937], [103.433, 22.7008], [103.4336, 22.7075], [103.4269, 22.7173], [103.4303, 22.7227], [103.4305, 22.7283], [103.4279, 22.7337], [103.4406, 22.7405], [103.4422, 22.7463], [103.4399, 22.7532], [103.4364, 22.7531], [103.4319, 22.7589], [103.4251, 22.7613], [103.4203, 22.7612], [103.4163, 22.7641], [103.4167, 22.7687], [103.414, 22.7743], [103.4092, 22.7785], [103.4046, 22.7783], [103.3975, 22.7816], [103.3907, 22.7813], [103.3858, 22.7883], [103.3804, 22.7907], [103.3723, 22.7986], [103.3668, 22.8011], [103.3529, 22.8025], [103.3459, 22.8054], [103.3343, 22.806], [103.3265, 22.811], [103.3195, 22.8078], [103.3207, 22.8041], [103.319, 22.7962], [103.3208, 22.7865], [103.3197, 22.7801], [103.3162, 22.7793], [103.309, 22.7675], [103.3099, 22.7633], [103.3063, 22.7597], [103.3024, 22.7585], [103.3009, 22.752], [103.292, 22.7451], [103.289, 22.74], [103.2854, 22.7371], [103.285, 22.7301], [103.289, 22.7205], [103.2864, 22.7137], [103.288, 22.7084], [103.2846, 22.7051], [103.2812, 22.6976], [103.2836, 22.6846], [103.2769, 22.6785], [103.2706, 22.6745], [103.2646, 22.6745], [103.2603, 22.6715], [103.2513, 22.6721], [103.2497, 22.669], [103.2401, 22.6634], [103.2386, 22.6607], [103.2313, 22.6574], [103.2302, 22.6517], [103.2277, 22.6484], [103.2217, 22.6466], [103.2082, 22.6461], [103.1984, 22.6498], [103.1934, 22.6502], [103.1849, 22.6444], [103.1831, 22.6407], [103.1843, 22.6361], [103.1805, 22.6294], [103.1761, 22.6271], [103.1683, 22.6186], [103.164, 22.607], [103.1647, 22.6043], [103.1594, 22.5983], [103.1578, 22.5942], [103.1618, 22.5836], [103.1687, 22.5776], [103.1733, 22.5692], [103.1832, 22.5602], [103.1824, 22.5579], [103.1768, 22.5554], [103.1678, 22.5478], [103.1599, 22.5446], [103.1561, 22.5395], [103.1483, 22.5444], [103.1383, 22.5399], [103.1349, 22.5326], [103.1233, 22.5231], [103.1183, 22.5172], [103.114, 22.514], [103.1044, 22.5154], [103.0972, 22.5147], [103.093, 22.5104], [103.0845, 22.5113], [103.0799, 22.5064], [103.0803, 22.5035], [103.0724, 22.4874], [103.0751, 22.4846], [103.0713, 22.4791], [103.072, 22.4767], [103.0778, 22.4716], [103.078, 22.4658], [103.0804, 22.4593], [103.08, 22.4511], [103.0734, 22.4481], [103.0648, 22.4475], [103.0592, 22.4514], [103.0557, 22.4514], [103.0539, 22.4467], [103.045, 22.445], [103.0353, 22.4463], [103.0308, 22.4425], [103.0213, 22.4485], [103.0197, 22.4515], [103.0133, 22.4531], [103.0113, 22.4605], [103.0006, 22.4613], [102.9968, 22.4603], [102.9905, 22.4653], [102.9934, 22.4718], [102.9878, 22.4751], [102.9876, 22.4798], [102.9825, 22.4807], [102.9657, 22.4793], [102.9594, 22.4823], [102.9572, 22.4853], [102.9505, 22.4824], [102.9416, 22.4855], [102.9359, 22.486], [102.9291, 22.484], [102.9234, 22.4904], [102.922, 22.5014], [102.923, 22.5038], [102.9196, 22.5083], [102.911, 22.5098], [102.9088, 22.5135], [102.9097, 22.5188], [102.9053, 22.5265], [102.9, 22.5274], [102.8887, 22.5376], [102.8964, 22.5441], [102.8898, 22.5513], [102.885, 22.5528], [102.8776, 22.5588], [102.882, 22.5682], [102.8722, 22.5751], [102.872, 22.5818], [102.875, 22.5832], [102.8779, 22.5879], [102.8748, 22.5952], [102.8626, 22.6007], [102.8613, 22.6047], [102.8562, 22.6108], [102.8483, 22.6102], [102.8414, 22.6142], [102.8421, 22.6181], [102.8371, 22.6216], [102.8332, 22.622], [102.8247, 22.6274], [102.8205, 22.6266], [102.8164, 22.6218], [102.8082, 22.6249], [102.7981, 22.6233], [102.7926, 22.6264], [102.7873, 22.6264], [102.7832, 22.637], [102.7873, 22.6436], [102.7813, 22.6465], [102.7735, 22.6481], [102.7641, 22.6474], [102.7592, 22.6517], [102.7531, 22.66], [102.7547, 22.6626], [102.7516, 22.6675], [102.7391, 22.6684], [102.7356, 22.6664], [102.7267, 22.6724], [102.7264, 22.677], [102.7183, 22.6784], [102.7104, 22.6813], [102.707, 22.6948], [102.6987, 22.6976], [102.6885, 22.7045], [102.6844, 22.7007], [102.6732, 22.6987], [102.6598, 22.6933], [102.6565, 22.6904], [102.6506, 22.698], [102.6432, 22.7009], [102.6376, 22.7067], [102.6312, 22.7103], [102.6241, 22.7167], [102.6203, 22.7222], [102.616, 22.724], [102.6107, 22.7305], [102.6057, 22.7337], [102.6004, 22.7336], [102.5946, 22.7293], [102.5937, 22.7262], [102.5889, 22.725], [102.5854, 22.72], [102.5861, 22.7113], [102.5847, 22.7073], [102.5801, 22.7056], [102.5751, 22.7064], [102.5681, 22.7045], [102.5692, 22.7108], [102.5647, 22.7158], [102.5649, 22.7231], [102.556, 22.7314], [102.553, 22.7313], [102.5481, 22.7396], [102.5476, 22.7439], [102.5373, 22.7531], [102.5341, 22.7586], [102.5286, 22.7622], [102.5249, 22.7628], [102.5155, 22.771], [102.5081, 22.7785], [102.5041, 22.7771], [102.4958, 22.7806], [102.4892, 22.7784], [102.4816, 22.7788], [102.4793, 22.7709], [102.471, 22.7709], [102.4593, 22.7664], [102.4568, 22.7589], [102.4523, 22.7563], [102.4513, 22.7504], [102.4528, 22.7466], [102.4513, 22.7417], [102.4554, 22.7373], [102.4564, 22.7326], [102.4439, 22.7258], [102.4405, 22.7186], [102.4417, 22.7156], [102.4366, 22.7087], [102.4356, 22.7017], [102.43, 22.6987], [102.4237, 22.6919], [102.4191, 22.6925], [102.4143, 22.6897], [102.4126, 22.6858], [102.4074, 22.6843], [102.4015, 22.6864], [102.3939, 22.6911], [102.3842, 22.6846], [102.3824, 22.6811], [102.3867, 22.6684], [102.3893, 22.6638], [102.3964, 22.6578], [102.4, 22.6473], [102.4069, 22.6423], [102.4124, 22.6433], [102.4166, 22.6422], [102.4183, 22.6362], [102.4038, 22.6337], [102.3981, 22.6264], [102.3905, 22.6199], [102.3879, 22.6163], [102.386, 22.6093], [102.3778, 22.6012], [102.3712, 22.5932], [102.3592, 22.5917], [102.3556, 22.5932], [102.3512, 22.5894], [102.3465, 22.5891], [102.3453, 22.5831], [102.3486, 22.5767], [102.3547, 22.5722], [102.3543, 22.5666], [102.3376, 22.5597], [102.3215, 22.5568], [102.3218, 22.5473], [102.324, 22.5464], [102.329, 22.5363], [102.3398, 22.5273], [102.3378, 22.5225], [102.3389, 22.5176], [102.344, 22.5111], [102.345, 22.5055], [102.3485, 22.5045], [102.347, 22.5004], [102.3491, 22.4982], [102.3474, 22.4895], [102.3569, 22.4904], [102.3586, 22.4882], [102.361, 22.4771], [102.3709, 22.472], [102.3819, 22.4703], [102.3868, 22.4675], [102.3922, 22.4576], [102.3936, 22.4496], [102.3912, 22.4451], [102.3912, 22.44], [102.3965, 22.4335], [102.3966, 22.4254], [102.3981, 22.4186], [102.3945, 22.4188], [102.3877, 22.412], [102.3954, 22.4007], [102.3995, 22.402], [102.4105, 22.3884], [102.418, 22.389], [102.4245, 22.3825], [102.4248, 22.3762], [102.4265, 22.3711], [102.4326, 22.3692], [102.4363, 22.3659], [102.4416, 22.3666], [102.4492, 22.3612], [102.4533, 22.353], [102.4572, 22.3501], [102.4562, 22.3427], [102.4675, 22.3347], [102.4701, 22.3289], [102.4736, 22.3278], [102.4748, 22.3206], [102.4821, 22.3134], [102.4849, 22.3075], [102.4911, 22.3027], [102.4903, 22.2978], [102.4951, 22.2927], [102.4979, 22.2926], [102.5028, 22.2883], [102.5094, 22.2793], [102.5099, 22.2724], [102.5125, 22.2688], [102.5147, 22.261], [102.5202, 22.2574], [102.5247, 22.2525], [102.5306, 22.2495], [102.5341, 22.246], [102.5444, 22.2425], [102.5538, 22.2435], [102.559, 22.2502], [102.5593, 22.254], [102.5636, 22.2601], [102.5793, 22.2606], [102.5873, 22.2521], [102.5934, 22.2491], [102.5948, 22.2462], [102.601, 22.2438], [102.6047, 22.2394], [102.611, 22.2393], [102.6157, 22.2358], [102.6186, 22.2358], [102.6211, 22.2277], [102.6165, 22.2224], [102.619, 22.2078], [102.6172, 22.2031], [102.6221, 22.1982], [102.6293, 22.1877], [102.6369, 22.1872], [102.6373, 22.1815], [102.6401, 22.1771], [102.6465, 22.1747], [102.6541, 22.176], [102.661, 22.175], [102.6685, 22.1704], [102.6697, 22.1682], [102.6771, 22.169], [102.681, 22.1735], [102.6824, 22.1788], [102.6865, 22.1821], [102.6882, 22.1927], [102.6944, 22.1971], [102.6979, 22.209], [102.695, 22.2149], [102.695, 22.2198], [102.6894, 22.225], [102.6869, 22.2305], [102.6875, 22.2366], [102.6803, 22.2423], [102.6697, 22.2487], [102.6688, 22.2509], [102.6625, 22.2536], [102.6684, 22.2564], [102.6765, 22.2619], [102.6815, 22.2563], [102.6954, 22.2452], [102.698, 22.2464], [102.7051, 22.2435], [102.7107, 22.2381], [102.7142, 22.2411], [102.721, 22.238], [102.7291, 22.2382], [102.7286, 22.2354], [102.7343, 22.2335], [102.735, 22.2301], [102.7393, 22.2283], [102.7407, 22.2228], [102.7469, 22.2188], [102.7517, 22.2038], [102.7496, 22.1988], [102.7511, 22.1936], [102.7479, 22.1873], [102.7469, 22.177], [102.7388, 22.1724], [102.737, 22.1639], [102.7408, 22.1517], [102.7393, 22.1466], [102.7411, 22.1423], [102.7436, 22.1309], [102.7483, 22.1294], [102.756, 22.1246], [102.7574, 22.1204], [102.7624, 22.1164], [102.7678, 22.1172], [102.7766, 22.1037], [102.7808, 22.099], [102.7759, 22.0935], [102.7778, 22.0885], [102.7813, 22.0859], [102.7896, 22.0833], [102.7918, 22.0809], [102.7998, 22.0777], [102.8147, 22.0696], [102.8201, 22.0652], [102.8283, 22.0637], [102.8405, 22.0659], [102.855, 22.0656], [102.8577, 22.0608], [102.8619, 22.0612], [102.865, 22.0736], [102.868, 22.0779], [102.8793, 22.0802], [102.888, 22.0754], [102.897, 22.0761], [102.901, 22.079], [102.9058, 22.0867], [102.9106, 22.0873], [102.9132, 22.0912], [102.9218, 22.0904], [102.9255, 22.0917], [102.9246, 22.1065], [102.9319, 22.1036], [102.9331, 22.0953], [102.9346, 22.0929], [102.9347, 22.0841], [102.9283, 22.0767], [102.93, 22.0686], [102.9364, 22.0682], [102.944, 22.0661], [102.9472, 22.059], [102.955, 22.0558], [102.9572, 22.0514], [102.9604, 22.0501], [102.9641, 22.0408], [102.9614, 22.0378], [102.9699, 22.0297], [102.975, 22.0305], [102.981, 22.029], [102.9853, 22.026], [102.9903, 22.0286], [102.9916, 22.0343], [102.9951, 22.0359], [102.994, 22.0434], [102.9985, 22.0514], [103.0034, 22.0502], [103.0072, 22.0527], [103.0134, 22.0527], [103.0224, 22.056], [103.0272, 22.0519], [103.039, 22.0477], [103.0454, 22.0484], [103.0561, 22.0533], [103.0591, 22.0612], [103.0647, 22.063], [103.0718, 22.0586], [103.0767, 22.0575], [103.0856, 22.0584], [103.0949, 22.0577], [103.0956, 22.0656], [103.0897, 22.0701], [103.0952, 22.0765], [103.0962, 22.0839], [103.0997, 22.0871], [103.1026, 22.1018], [103.1139, 22.099], [103.1218, 22.095], [103.1285, 22.0805], [103.1333, 22.0739], [103.1473, 22.0672], [103.15, 22.0703], [103.1506, 22.0751], [103.1586, 22.0765], [103.1659, 22.0742], [103.1672, 22.0794], [103.1711, 22.0814], [103.1758, 22.0766], [103.1907, 22.0698], [103.2, 22.0679], [103.2111, 22.0703], [103.2253, 22.0637], [103.2294, 22.0598], [103.2436, 22.0491], [103.2558, 22.047], [103.2687, 22.043], [103.2773, 22.039], [103.2863, 22.0393], [103.2912, 22.0432], [103.2918, 22.0498], [103.2882, 22.0557], [103.2785, 22.0638], [103.2734, 22.0723], [103.2761, 22.0802], [103.2834, 22.0875], [103.2846, 22.1034], [103.2875, 22.1089], [103.2933, 22.1127], [103.3024, 22.113], [103.3089, 22.116], [103.3064, 22.125], [103.3169, 22.1342], [103.3188, 22.1421], [103.3276, 22.1478], [103.3303, 22.1523], [103.3368, 22.1542], [103.3425, 22.1528], [103.3553, 22.1526], [103.3636, 22.1545], [103.3731, 22.1542], [103.381, 22.1562], [103.3892, 22.1569], [103.3922, 22.1535], [103.3896, 22.1477], [103.3942, 22.1391], [103.403, 22.1317], [103.4049, 22.129], [103.4066, 22.1151], [103.4134, 22.0942], [103.4183, 22.0851], [103.4199, 22.075], [103.423, 22.071], [103.431, 22.0649], [103.4341, 22.056], [103.4377, 22.0551], [103.4443, 22.0583], [103.4534, 22.0539], [103.4572, 22.0492], [103.4602, 22.0409], [103.4641, 22.0343], [103.4684, 22.0299], [103.4685, 22.0269], [103.4555, 22.0172], [103.4523, 22.0094], [103.4566, 22.0054], [103.4596, 22.0001], [103.4646, 21.9967], [103.4682, 21.9865], [103.4751, 21.979], [103.4786, 21.9773], [103.4898, 21.9753], [103.4968, 21.9698]]]}, "properties": {"province_id": "lai_chau", "name": "Lai Châu", "population": 512601, "area_km2": 9068.8}}, {"type": "Feature", "geometry": {"type": "MultiPolygon", "coordinates": [[[[107.5604, 12.7952], [107.563, 12.7872], [107.5591, 12.7852], [107.5595, 12.7786], [107.5624, 12.774], [107.5599, 12.7692], [107.5589, 12.7592], [107.5603, 12.7455], [107.5639, 12.7462], [107.5635, 12.7362], [107.5674, 12.7315], [107.5675, 12.7274], [107.5589, 12.7151], [107.5597, 12.7074], [107.5624, 12.7041], [107.5672, 12.7024], [107.5699, 12.6924], [107.5744, 12.6889], [107.5816, 12.6797], [107.5762, 12.6755], [107.5763, 12.6706], [107.5709, 12.6674], [107.5712, 12.6609], [107.5691, 12.6548], [107.5736, 12.65], [107.5692, 12.6477], [107.569, 12.6425], [107.5723, 12.6392], [107.5712, 12.6357], [107.5737, 12.6304], [107.5732, 12.6249], [107.5784, 12.6219], [107.5839, 12.6135], [107.5811, 12.6106], [107.5821, 12.6058], [107.5854, 12.6029], [107.5812, 12.5914], [107.5819, 12.5892], [107.5791, 12.5808], [107.5795, 12.5754], [107.5826, 12.5666], [107.5892, 12.5595], [107.5884, 12.5556], [107.5829, 12.5516], [107.5756, 12.5417], [107.5773, 12.5348], [107.5712, 12.5292], [107.5681, 12.5296], [107.5623, 12.5219], [107.5625, 12.5158], [107.5689, 12.5119], [107.5671, 12.5078], [107.5728, 12.4987], [107.579, 12.4962], [107.5788, 12.4887], [107.5763, 12.4848], [107.5752, 12.4775], [107.5687, 12.4757], [107.5649, 12.4696], [107.567, 12.466], [107.5645, 12.4557], [107.5649, 12.4495], [107.5617, 12.447], [107.5588, 12.4389], [107.5545, 12.433], [107.5545, 12.4284], [107.55, 12.4186], [107.5435, 12.415], [107.5424, 12.4111], [107.5451, 12.4074], [107.5444, 12.3987], [107.5457, 12.393], [107.553, 12.3822], [107.5533, 12.3767], [107.5451, 12.3724], [107.5478, 12.3683], [107.5463, 12.3626], [107.5473, 12.36], [107.5432, 12.3498], [107.5366, 12.3515], [107.5353, 12.3465], [107.5279, 12.3439], [107.5262, 12.3394], [107.5209, 12.3397], [107.516, 12.3366], [107.5124, 12.3296], [107.5052, 12.3271], [107.5029, 12.3243], [107.4959, 12.3215], [107.4828, 12.3176], [107.4755, 12.3123], [107.4674, 12.3104], [107.4666, 12.3011], [107.4592, 12.2962], [107.4569, 12.2932], [107.444, 12.2915], [107.4431, 12.2777], [107.4391, 12.2747], [107.4379, 12.2703], [107.4415, 12.2662], [107.441, 12.2627], [107.4363, 12.2576], [107.4362, 12.2539], [107.4304, 12.2498], [107.4216, 12.2504], [107.4164, 12.2438], [107.4148, 12.2513], [107.4059, 12.2555], [107.3985, 12.26], [107.3948, 12.2645], [107.387, 12.2701], [107.3882, 12.2846], [107.3833, 12.2874], [107.3813, 12.2926], [107.3776, 12.2957], [107.3786, 12.3001], [107.3751, 12.3052], [107.3667, 12.312], [107.3645, 12.3175], [107.354, 12.3224], [107.3495, 12.3266], [107.3466, 12.3337], [107.3429, 12.3326], [107.3413, 12.3285], [107.3379, 12.3262], [107.3273, 12.326], [107.3211, 12.3221], [107.3127, 12.3221], [107.3125, 12.3297], [107.3087, 12.3329], [107.3027, 12.3279], [107.2994, 12.3289], [107.2919, 12.3279], [107.2861, 12.3228], [107.2816, 12.3218], [107.2745, 12.3247], [107.2685, 12.3247], [107.2641, 12.316], [107.2622, 12.3144], [107.2498, 12.3113], [107.2471, 12.3066], [107.2364, 12.3008], [107.2352, 12.2985], [107.2293, 12.2955], [107.2197, 12.2961], [107.2072, 12.2993], [107.2063, 12.2955], [107.221, 12.2025], [107.2241, 12.181], [107.2295, 12.1351], [107.2217, 12.1259], [107.2267, 12.123], [107.2283, 12.1156], [107.2401, 12.1144], [107.2364, 12.1043], [107.2318, 12.0988], [107.2331, 12.09], [107.2294, 12.0862], [107.2303, 12.0755], [107.233, 12.0612], [107.2316, 12.0525], [107.2342, 12.0443], [107.2321, 12.0412], [107.2323, 12.0296], [107.2368, 12.037], [107.2455, 12.0348], [107.2426, 12.0265], [107.2468, 12.027], [107.2523, 12.021], [107.2621, 12.0176], [107.2659, 12.0174], [107.2697, 12.014], [107.2731, 12.0146], [107.2796, 12.0129], [107.2837, 12.0181], [107.2892, 12.0157], [107.2909, 12.0189], [107.296, 12.0159], [107.2946, 12.0124], [107.2986, 12.0091], [107.3029, 12.0104], [107.3057, 12.0068], [107.3096, 12.0057], [107.3141, 12.0081], [107.3178, 12.005], [107.3223, 12.0047], [107.3243, 11.9998], [107.332, 11.9946], [107.3439, 11.9785], [107.3443, 11.975], [107.3536, 11.9588], [107.3545, 11.9523], [107.3569, 11.9522], [107.3543, 11.9419], [107.3595, 11.9343], [107.3687, 11.932], [107.3695, 11.928], [107.3744, 11.9264], [107.3753, 11.9235], [107.3813, 11.9227], [107.3865, 11.9158], [107.3861, 11.9121], [107.3949, 11.8964], [107.4012, 11.8897], [107.4005, 11.8838], [107.406, 11.8753], [107.4054, 11.8685], [107.4126, 11.8641], [107.4186, 11.8654], [107.4237, 11.8623], [107.4263, 11.8571], [107.427, 11.8445], [107.4217, 11.8448], [107.414, 11.8333], [107.4136, 11.8268], [107.4085, 11.8236], [107.4046, 11.815], [107.4074, 11.8084], [107.4096, 11.8069], [107.4005, 11.7981], [107.3931, 11.7949], [107.3929, 11.7889], [107.3971, 11.7854], [107.3973, 11.7768], [107.3958, 11.7707], [107.3912, 11.7666], [107.3868, 11.773], [107.3719, 11.7702], [107.3645, 11.7652], [107.3626, 11.7611], [107.3565, 11.762], [107.3566, 11.7571], [107.353, 11.7527], [107.3475, 11.7506], [107.3438, 11.7511], [107.3357, 11.7479], [107.3253, 11.7491], [107.32, 11.7434], [107.3152, 11.7404], [107.3011, 11.7394], [107.297, 11.73], [107.2897, 11.7298], [107.2854, 11.7241], [107.2857, 11.7139], [107.2839, 11.6983], [107.2788, 11.6931], [107.2849, 11.6875], [107.2845, 11.6855], [107.2785, 11.682], [107.2724, 11.6705], [107.2666, 11.6623], [107.2665, 11.657], [107.2728, 11.6511], [107.2687, 11.6414], [107.2726, 11.6358], [107.2777, 11.6348], [107.2878, 11.6309], [107.3044, 11.6175], [107.3008, 11.606], [107.3066, 11.5986], [107.2973, 11.5858], [107.3007, 11.5774], [107.312, 11.5716], [107.3107, 11.5687], [107.3052, 11.5718], [107.3017, 11.5706], [107.31, 11.5552], [107.3117, 11.5536], [107.3274, 11.5547], [107.3327, 11.5541], [107.3385, 11.5441], [107.3466, 11.5443], [107.347, 11.5521], [107.3496, 11.5549], [107.3542, 11.5555], [107.3566, 11.559], [107.3561, 11.5695], [107.3579, 11.5745], [107.3575, 11.5801], [107.3604, 11.582], [107.3631, 11.5765], [107.3664, 11.5732], [107.3611, 11.5695], [107.3625, 11.5652], [107.3663, 11.5616], [107.3605, 11.5549], [107.3643, 11.5537], [107.3696, 11.5487], [107.3746, 11.5506], [107.3785, 11.544], [107.3784, 11.5398], [107.3754, 11.533], [107.3761, 11.5239], [107.367, 11.5179], [107.3725, 11.5149], [107.3802, 11.5196], [107.3854, 11.5206], [107.3861, 11.5254], [107.3928, 11.5272], [107.3983, 11.5268], [107.4017, 11.5297], [107.4097, 11.5284], [107.4112, 11.5211], [107.4137, 11.5163], [107.4202, 11.5111], [107.4262, 11.5173], [107.4304, 11.519], [107.4329, 11.5155], [107.4412, 11.5109], [107.4484, 11.5044], [107.4529, 11.502], [107.4549, 11.4924], [107.4619, 11.4893], [107.4671, 11.4822], [107.4665, 11.4776], [107.461, 11.472], [107.4621, 11.463], [107.4509, 11.4586], [107.4458, 11.4475], [107.4408, 11.4463], [107.4371, 11.4429], [107.4306, 11.4405], [107.429, 11.4369], [107.431, 11.434], [107.4304, 11.4249], [107.4372, 11.4308], [107.4417, 11.4319], [107.4462, 11.4295], [107.4435, 11.4201], [107.4537, 11.4201], [107.4521, 11.4246], [107.4542, 11.4321], [107.4608, 11.4314], [107.4655, 11.4343], [107.4749, 11.4363], [107.4791, 11.4309], [107.4843, 11.4305], [107.4878, 11.4273], [107.4887, 11.4233], [107.4854, 11.4055], [107.4876, 11.3963], [107.4957, 11.3965], [107.4973, 11.3948], [107.4971, 11.3869], [107.5011, 11.3841], [107.5058, 11.3833], [107.513, 11.3846], [107.5189, 11.3707], [107.5248, 11.3706], [107.5261, 11.3658], [107.5345, 11.3556], [107.5434, 11.3599], [107.5413, 11.3412], [107.5356, 11.3332], [107.5351, 11.3247], [107.5297, 11.3193], [107.5254, 11.3189], [107.5238, 11.3159], [107.5193, 11.3139], [107.5176, 11.3095], [107.5187, 11.3057], [107.5241, 11.2995], [107.5236, 11.294], [107.5198, 11.2887], [107.5184, 11.2841], [107.5233, 11.2731], [107.5242, 11.2518], [107.5163, 11.2508], [107.5146, 11.245], [107.5095, 11.2439], [107.5084, 11.2381], [107.5014, 11.2364], [107.5008, 11.2421], [107.497, 11.2426], [107.4958, 11.2375], [107.4994, 11.2302], [107.4983, 11.2272], [107.4893, 11.2249], [107.4851, 11.2213], [107.4882, 11.2161], [107.479, 11.2082], [107.4842, 11.2051], [107.4826, 11.2008], [107.4741, 11.2021], [107.4733, 11.1992], [107.4761, 11.1954], [107.4709, 11.1923], [107.4715, 11.1855], [107.4692, 11.1781], [107.4665, 11.1802], [107.4609, 11.1769], [107.4601, 11.1716], [107.4621, 11.1683], [107.4575, 11.1613], [107.4548, 11.1599], [107.4581, 11.153], [107.4563, 11.1495], [107.4454, 11.1461], [107.4429, 11.1396], [107.4382, 11.1392], [107.4347, 11.1365], [107.4357, 11.1304], [107.4396, 11.1253], [107.4439, 11.1252], [107.4508, 11.1181], [107.4504, 11.1157], [107.454, 11.1109], [107.4514, 11.1091], [107.4487, 11.1026], [107.4493, 11.0994], [107.4462, 11.0915], [107.4389, 11.088], [107.4318, 11.0878], [107.432, 11.0825], [107.4276, 11.0777], [107.4245, 11.0779], [107.4228, 11.0737], [107.4262, 11.0675], [107.4246, 11.0617], [107.4184, 11.0565], [107.4151, 11.0501], [107.4094, 11.0506], [107.4007, 11.0539], [107.3987, 11.0503], [107.4051, 11.0459], [107.4061, 11.0428], [107.4126, 11.0456], [107.4126, 11.0418], [107.4183, 11.0423], [107.4207, 11.0371], [107.4266, 11.0366], [107.4282, 11.0333], [107.4427, 11.0306], [107.4473, 11.0284], [107.4491, 11.0214], [107.4565, 11.0167], [107.4652, 11.0158], [107.4688, 11.0105], [107.4743, 11.0067], [107.4874, 11.0091], [107.4957, 11.0143], [107.5008, 11.0152], [107.506, 11.0137], [107.5092, 11.007], [107.518, 11.0007], [107.5273, 10.9959], [107.5315, 10.9916], [107.5353, 10.9852], [107.537, 10.9776], [107.5427, 10.9783], [107.5602, 10.9366], [107.5605, 10.9074], [107.5597, 10.8674], [107.5735, 10.8472], [107.5765, 10.8384], [107.5771, 10.8327], [107.5727, 10.817], [107.5702, 10.811], [107.5615, 10.7998], [107.5545, 10.7934], [107.5452, 10.7889], [107.5397, 10.7839], [107.522, 10.7735], [107.505, 10.7714], [107.5025, 10.7632], [107.5074, 10.756], [107.5054, 10.7476], [107.5112, 10.7437], [107.5125, 10.7402], [107.5183, 10.7355], [107.5259, 10.7316], [107.5282, 10.724], [107.535, 10.7214], [107.5442, 10.7061], [107.5436, 10.6987], [107.5466, 10.6954], [107.5407, 10.6831], [107.539, 10.6762], [107.5437, 10.673], [107.5454, 10.6635], [107.5514, 10.6532], [107.5522, 10.649], [107.5555, 10.6461], [107.557, 10.6392], [107.5596, 10.6375], [107.5632, 10.63], [107.5623, 10.6278], [107.5682, 10.6191], [107.5636, 10.6185], [107.5636, 10.6144], [107.5668, 10.6127], [107.5699, 10.6076], [107.5714, 10.6009], [107.568, 10.5855], [107.5696, 10.5794], [107.5662, 10.5774], [107.5707, 10.5684], [107.583, 10.5753], [107.5996, 10.5836], [107.6234, 10.5948], [107.6349, 10.598], [107.6472, 10.6022], [107.6638, 10.6091], [107.6687, 10.6144], [107.6777, 10.6213], [107.6826, 10.6241], [107.698, 10.6305], [107.7069, 10.6326], [107.7275, 10.6314], [107.7386, 10.6362], [107.7551, 10.6405], [107.7672, 10.6488], [107.7745, 10.6512], [107.7895, 10.6672], [107.7972, 10.6771], [107.8068, 10.6881], [107.8131, 10.6943], [107.8212, 10.7009], [107.831, 10.705], [107.8375, 10.7058], [107.8447, 10.7037], [107.8534, 10.7089], [107.8631, 10.7135], [107.8701, 10.7141], [107.8835, 10.7203], [107.8969, 10.7221], [107.8995, 10.7213], [107.9201, 10.7196], [107.9347, 10.716], [107.9608, 10.7054], [107.9638, 10.7009], [107.9689, 10.7051], [107.9735, 10.7062], [107.9857, 10.704], [107.9926, 10.6994], [107.9956, 10.709], [108, 10.7125], [108.0017, 10.717], [108.0061, 10.7222], [108.0081, 10.7314], [108.011, 10.7352], [108.0148, 10.7366], [108.0179, 10.7565], [108.0194, 10.7612], [108.0263, 10.795], [108.0333, 10.8193], [108.038, 10.8327], [108.0432, 10.8444], [108.06, 10.8787], [108.0737, 10.9005], [108.0811, 10.9104], [108.0851, 10.9141], [108.088, 10.9141], [108.0942, 10.9177], [108.1065, 10.9202], [108.1092, 10.9179], [108.1146, 10.9239], [108.1207, 10.9278], [108.1371, 10.9346], [108.14, 10.932], [108.1518, 10.9313], [108.1562, 10.93], [108.1657, 10.9308], [108.1759, 10.936], [108.1902, 10.9372], [108.1946, 10.9416], [108.2132, 10.9514], [108.2241, 10.9545], [108.2341, 10.9544], [108.2541, 10.95], [108.2705, 10.9449], [108.2797, 10.9401], [108.2823, 10.9355], [108.2813, 10.9281], [108.2831, 10.9218], [108.2803, 10.9181], [108.2824, 10.9149], [108.2889, 10.9126], [108.2939, 10.9138], [108.2956, 10.9293], [108.2984, 10.9391], [108.3017, 10.9457], [108.3089, 10.9561], [108.3134, 10.9593], [108.3238, 10.96], [108.3275, 10.958], [108.3311, 10.9514], [108.3366, 10.9513], [108.3402, 10.9581], [108.3392, 10.9597], [108.3399, 10.969], [108.3435, 10.9861], [108.3476, 10.999], [108.3564, 11.0165], [108.3628, 11.0242], [108.3697, 11.0281], [108.3771, 11.034], [108.3867, 11.0343], [108.3898, 11.0309], [108.3928, 11.0321], [108.4086, 11.033], [108.4121, 11.0312], [108.4142, 11.0266], [108.4199, 11.0332], [108.4223, 11.0377], [108.4274, 11.0428], [108.4345, 11.0469], [108.446, 11.0479], [108.4585, 11.0393], [108.463, 11.0411], [108.4669, 11.0453], [108.474, 11.049], [108.4775, 11.0637], [108.4815, 11.077], [108.4887, 11.097], [108.4965, 11.1144], [108.5051, 11.1305], [108.5091, 11.137], [108.518, 11.1474], [108.5226, 11.1511], [108.5304, 11.1549], [108.537, 11.1559], [108.5463, 11.1605], [108.5581, 11.1629], [108.5621, 11.1627], [108.5665, 11.1663], [108.571, 11.1724], [108.5802, 11.1798], [108.5874, 11.183], [108.5942, 11.1845], [108.6016, 11.1845], [108.6104, 11.1833], [108.6157, 11.1808], [108.618, 11.1758], [108.6232, 11.1837], [108.6291, 11.1877], [108.6367, 11.1901], [108.6453, 11.1904], [108.6485, 11.1931], [108.6617, 11.1932], [108.6791, 11.1893], [108.6923, 11.1846], [108.6996, 11.181], [108.7025, 11.1782], [108.7032, 11.1708], [108.7072, 11.1649], [108.7119, 11.1755], [108.7155, 11.176], [108.7244, 11.18], [108.7298, 11.1842], [108.7313, 11.1915], [108.7315, 11.1996], [108.7332, 11.209], [108.7355, 11.2155], [108.7395, 11.2194], [108.7414, 11.2249], [108.7456, 11.2315], [108.7452, 11.2397], [108.7461, 11.2448], [108.7515, 11.2584], [108.7512, 11.2668], [108.7546, 11.28], [108.7607, 11.2859], [108.7724, 11.2892], [108.7768, 11.2916], [108.7805, 11.3001], [108.783, 11.3089], [108.7864, 11.3124], [108.7917, 11.3147], [108.7991, 11.3143], [108.8092, 11.3166], [108.8115, 11.3195], [108.8169, 11.3218], [108.8233, 11.3195], [108.8277, 11.3197], [108.8328, 11.3227], [108.838, 11.3234], [108.8403, 11.3276], [108.8452, 11.3323], [108.8543, 11.3345], [108.8639, 11.3328], [108.8719, 11.3337], [108.8765, 11.3404], [108.877, 11.354], [108.8743, 11.3524], [108.8692, 11.3535], [108.8651, 11.3505], [108.8578, 11.3543], [108.8499, 11.3624], [108.8455, 11.3645], [108.8437, 11.3762], [108.8376, 11.3768], [108.8035, 11.3817], [108.7933, 11.3855], [108.7846, 11.3879], [108.7833, 11.3934], [108.7786, 11.3963], [108.7569, 11.4113], [108.7587, 11.4345], [108.7604, 11.4495], [108.7616, 11.4697], [108.7505, 11.471], [108.7249, 11.4685], [108.7182, 11.4629], [108.7131, 11.4607], [108.7082, 11.4614], [108.7052, 11.4647], [108.69, 11.4689], [108.6794, 11.4725], [108.6757, 11.4783], [108.6641, 11.4998], [108.659, 11.5039], [108.643, 11.5498], [108.6423, 11.5503], [108.5827, 11.5555], [108.5817, 11.5602], [108.5776, 11.565], [108.5765, 11.569], [108.5717, 11.5787], [108.5668, 11.5811], [108.5521, 11.6014], [108.5545, 11.6072], [108.5518, 11.6112], [108.5538, 11.6187], [108.5527, 11.6209], [108.5532, 11.6323], [108.5577, 11.6352], [108.5624, 11.6423], [108.5682, 11.6419], [108.5759, 11.6395], [108.5791, 11.6413], [108.5846, 11.6415], [108.5907, 11.6468], [108.5972, 11.6491], [108.6027, 11.6481], [108.6073, 11.6498], [108.6193, 11.6514], [108.6222, 11.6501], [108.6254, 11.6537], [108.6432, 11.6607], [108.6486, 11.6637], [108.6581, 11.6669], [108.664, 11.6666], [108.6696, 11.6636], [108.6786, 11.6695], [108.6835, 11.6766], [108.6867, 11.683], [108.6874, 11.6881], [108.6932, 11.6985], [108.7011, 11.7001], [108.6964, 11.7071], [108.6949, 11.7113], [108.6951, 11.7173], [108.6901, 11.7276], [108.6901, 11.7347], [108.6733, 11.7432], [108.6678, 11.7469], [108.6632, 11.761], [108.6722, 11.7795], [108.6719, 11.7849], [108.668, 11.7888], [108.6644, 11.788], [108.6581, 11.79], [108.655, 11.7927], [108.6371, 11.7934], [108.6315, 11.7955], [108.6194, 11.8037], [108.6194, 11.8094], [108.6252, 11.8131], [108.6292, 11.8247], [108.6303, 11.8304], [108.6393, 11.8302], [108.6457, 11.835], [108.6529, 11.8441], [108.654, 11.8556], [108.6509, 11.8645], [108.6523, 11.8737], [108.6556, 11.8857], [108.6539, 11.8954], [108.6564, 11.9019], [108.6602, 11.9044], [108.6603, 11.9078], [108.6641, 11.915], [108.6614, 11.9265], [108.6653, 11.9386], [108.665, 11.9468], [108.661, 11.9511], [108.662, 11.9617], [108.6712, 11.9748], [108.6813, 11.9851], [108.6835, 11.9951], [108.6829, 12.0039], [108.6797, 12.0114], [108.6835, 12.0185], [108.6841, 12.0231], [108.6916, 12.0309], [108.6944, 12.0409], [108.6993, 12.0429], [108.7031, 12.0421], [108.7088, 12.0488], [108.7112, 12.0548], [108.7123, 12.0612], [108.7109, 12.0677], [108.7075, 12.0715], [108.7088, 12.0789], [108.7029, 12.0862], [108.705, 12.0897], [108.7011, 12.0938], [108.6994, 12.0981], [108.6959, 12.0998], [108.6934, 12.1041], [108.6823, 12.1151], [108.674, 12.1195], [108.6784, 12.1219], [108.6856, 12.1292], [108.6905, 12.1286], [108.6939, 12.1308], [108.6968, 12.1393], [108.694, 12.1463], [108.7033, 12.1495], [108.7067, 12.1547], [108.7153, 12.1554], [108.7201, 12.1541], [108.7225, 12.1568], [108.7277, 12.1578], [108.7291, 12.1621], [108.7253, 12.1663], [108.7251, 12.1692], [108.7201, 12.1732], [108.7191, 12.1816], [108.7139, 12.1884], [108.7097, 12.1909], [108.712, 12.1994], [108.7183, 12.2089], [108.7183, 12.2139], [108.7218, 12.218], [108.719, 12.2249], [108.7138, 12.2292], [108.7096, 12.2304], [108.7018, 12.2385], [108.6999, 12.2463], [108.7049, 12.2521], [108.7056, 12.2558], [108.7027, 12.2633], [108.7043, 12.2701], [108.702, 12.2745], [108.7026, 12.2836], [108.7012, 12.2907], [108.7041, 12.2941], [108.705, 12.3013], [108.7015, 12.307], [108.6936, 12.3125], [108.688, 12.3121], [108.6879, 12.315], [108.6832, 12.318], [108.6805, 12.3166], [108.6774, 12.3133], [108.6764, 12.3088], [108.6686, 12.3012], [108.6628, 12.2976], [108.652, 12.2951], [108.6496, 12.2929], [108.6456, 12.2949], [108.6389, 12.2934], [108.6371, 12.2915], [108.6299, 12.2911], [108.624, 12.2887], [108.6209, 12.2831], [108.6109, 12.2834], [108.5961, 12.2767], [108.5908, 12.2788], [108.5887, 12.2827], [108.5897, 12.2879], [108.5831, 12.2855], [108.5788, 12.2862], [108.5724, 12.2898], [108.5697, 12.2953], [108.5649, 12.2921], [108.5576, 12.2924], [108.5524, 12.2958], [108.5505, 12.2923], [108.5455, 12.2971], [108.5407, 12.297], [108.5361, 12.2908], [108.5397, 12.2846], [108.5314, 12.2791], [108.525, 12.2792], [108.5211, 12.2807], [108.5151, 12.278], [108.5086, 12.2778], [108.5023, 12.2816], [108.4989, 12.2851], [108.4996, 12.2927], [108.4945, 12.2988], [108.4929, 12.3046], [108.4905, 12.3067], [108.4866, 12.3047], [108.4848, 12.3094], [108.4816, 12.3085], [108.4811, 12.3029], [108.478, 12.2989], [108.4722, 12.2884], [108.4697, 12.2947], [108.4655, 12.2971], [108.4665, 12.2833], [108.46, 12.2759], [108.455, 12.279], [108.4504, 12.2733], [108.4413, 12.2745], [108.4412, 12.2637], [108.4396, 12.2587], [108.4363, 12.2575], [108.4299, 12.2593], [108.4273, 12.2571], [108.4273, 12.2517], [108.4161, 12.2477], [108.4126, 12.2435], [108.4078, 12.2449], [108.3997, 12.2424], [108.3948, 12.2437], [108.3875, 12.2411], [108.3825, 12.2459], [108.3699, 12.2541], [108.3617, 12.253], [108.356, 12.2548], [108.352, 12.253], [108.3474, 12.2478], [108.3363, 12.2483], [108.3342, 12.2443], [108.3356, 12.2408], [108.3331, 12.2361], [108.3386, 12.2348], [108.3405, 12.2296], [108.332, 12.2308], [108.3211, 12.2239], [108.3224, 12.2201], [108.3178, 12.2183], [108.3112, 12.2181], [108.3106, 12.2144], [108.3068, 12.2133], [108.3004, 12.2085], [108.2953, 12.2082], [108.2883, 12.2101], [108.278, 12.2144], [108.2738, 12.2108], [108.2721, 12.2047], [108.2667, 12.2038], [108.2598, 12.2005], [108.2605, 12.1925], [108.2527, 12.1891], [108.2483, 12.1786], [108.2503, 12.1754], [108.2548, 12.1735], [108.2466, 12.1687], [108.2464, 12.1653], [108.2412, 12.1607], [108.2393, 12.1625], [108.2377, 12.1723], [108.238, 12.176], [108.2333, 12.1757], [108.2255, 12.1815], [108.2241, 12.1726], [108.2205, 12.1746], [108.2207, 12.1793], [108.2179, 12.1835], [108.2143, 12.1828], [108.2103, 12.1791], [108.2093, 12.1726], [108.2051, 12.1708], [108.1993, 12.1723], [108.1973, 12.1773], [108.1849, 12.1742], [108.1848, 12.179], [108.1812, 12.1847], [108.1757, 12.1845], [108.1685, 12.1883], [108.167, 12.1959], [108.1631, 12.1966], [108.1533, 12.1883], [108.1459, 12.1862], [108.1404, 12.1832], [108.1322, 12.1813], [108.1243, 12.1756], [108.1202, 12.1752], [108.1129, 12.1844], [108.1136, 12.194], [108.1064, 12.2051], [108.1021, 12.2083], [108.0963, 12.2106], [108.0945, 12.2168], [108.0899, 12.2194], [108.0861, 12.225], [108.0835, 12.2355], [108.0856, 12.2407], [108.0746, 12.2512], [108.0698, 12.2586], [108.0678, 12.2647], [108.0603, 12.2644], [108.058, 12.2683], [108.0515, 12.2658], [108.044, 12.2768], [108.044, 12.2846], [108.0397, 12.2893], [108.025, 12.2887], [108.019, 12.2918], [108.0186, 12.2963], [108.016, 12.3026], [108.0051, 12.2963], [108.0034, 12.2965], [107.9998, 12.304], [107.9967, 12.3046], [107.9882, 12.302], [107.9802, 12.2971], [107.9738, 12.297], [107.9729, 12.3002], [107.9743, 12.3056], [107.9711, 12.311], [107.9648, 12.3146], [107.9524, 12.3188], [107.9489, 12.3248], [107.9435, 12.3279], [107.945, 12.3315], [107.9431, 12.336], [107.936, 12.3398], [107.9337, 12.3432], [107.934, 12.3504], [107.9309, 12.3545], [107.9345, 12.3674], [107.9326, 12.3735], [107.9292, 12.376], [107.9284, 12.3803], [107.9218, 12.3804], [107.9204, 12.3857], [107.9256, 12.3896], [107.9168, 12.3916], [107.9128, 12.3983], [107.9127, 12.4029], [107.9175, 12.4076], [107.9261, 12.4102], [107.926, 12.4136], [107.9215, 12.4134], [107.9242, 12.4211], [107.9213, 12.4266], [107.9258, 12.4276], [107.9284, 12.4239], [107.932, 12.4278], [107.9437, 12.4369], [107.9449, 12.4405], [107.9533, 12.4417], [107.9656, 12.4364], [107.9739, 12.441], [107.9769, 12.4439], [107.9843, 12.4459], [107.987, 12.4554], [107.992, 12.4564], [107.991, 12.4612], [107.9947, 12.4663], [107.995, 12.4704], [108.0011, 12.4752], [107.9975, 12.4816], [107.9977, 12.4855], [107.9915, 12.4852], [107.9915, 12.492], [107.986, 12.4952], [107.9795, 12.4964], [107.9788, 12.5019], [107.9737, 12.5085], [107.9673, 12.5115], [107.9539, 12.5209], [107.9493, 12.5202], [107.9447, 12.5258], [107.9399, 12.5274], [107.9324, 12.525], [107.9269, 12.5286], [107.915, 12.5286], [107.9106, 12.5255], [107.9049, 12.5285], [107.9012, 12.533], [107.8934, 12.5391], [107.8878, 12.5391], [107.8862, 12.5446], [107.8916, 12.5513], [107.8955, 12.5529], [107.8951, 12.5576], [107.8924, 12.5595], [107.8928, 12.5637], [107.8957, 12.5673], [107.902, 12.569], [107.908, 12.5754], [107.9216, 12.5807], [107.9309, 12.5823], [107.9339, 12.5869], [107.9342, 12.5979], [107.9285, 12.6005], [107.9278, 12.6051], [107.9293, 12.615], [107.928, 12.6176], [107.9208, 12.619], [107.9202, 12.6218], [107.9227, 12.6295], [107.9189, 12.6356], [107.9207, 12.6402], [107.9206, 12.6453], [107.9168, 12.6482], [107.908, 12.646], [107.9042, 12.6513], [107.907, 12.6544], [107.9113, 12.6557], [107.9146, 12.6588], [107.9136, 12.6648], [107.9085, 12.6685], [107.9045, 12.675], [107.9082, 12.6852], [107.9122, 12.6925], [107.9108, 12.6955], [107.9017, 12.7063], [107.8953, 12.7108], [107.8963, 12.7191], [107.8991, 12.7247], [107.9076, 12.7314], [107.9103, 12.7368], [107.9091, 12.7431], [107.903, 12.7439], [107.8929, 12.7476], [107.8897, 12.7467], [107.8699, 12.7529], [107.8674, 12.7518], [107.8605, 12.7565], [107.8555, 12.7646], [107.8568, 12.7721], [107.8535, 12.7806], [107.8576, 12.7886], [107.8619, 12.7932], [107.8628, 12.7992], [107.859, 12.8012], [107.8557, 12.8066], [107.8487, 12.8121], [107.8435, 12.8107], [107.8368, 12.8047], [107.8304, 12.8017], [107.8236, 12.8001], [107.8167, 12.79], [107.8109, 12.7892], [107.8076, 12.7866], [107.8029, 12.7799], [107.7935, 12.781], [107.7816, 12.7779], [107.7726, 12.779], [107.7704, 12.7777], [107.7475, 12.7804], [107.7431, 12.7844], [107.7316, 12.782], [107.7245, 12.7852], [107.717, 12.7865], [107.7079, 12.7868], [107.7059, 12.788], [107.6889, 12.7899], [107.6866, 12.7891], [107.6788, 12.7938], [107.6755, 12.7934], [107.6698, 12.796], [107.6654, 12.796], [107.6611, 12.7985], [107.643, 12.7955], [107.6383, 12.7983], [107.6345, 12.8037], [107.6292, 12.8029], [107.6213, 12.7997], [107.613, 12.7989], [107.608, 12.7949], [107.6022, 12.7982], [107.6011, 12.8023], [107.59, 12.7947], [107.5788, 12.7957], [107.5758, 12.7979], [107.5628, 12.7965], [107.5604, 12.7952]]], [[[108.9578, 10.5259], [108.9564, 10.5308], [108.9578, 10.5343], [108.9545, 10.539], [108.9557, 10.546], [108.9504, 10.5524], [108.9437, 10.5539], [108.9422, 10.5526], [108.9305, 10.5535], [108.924, 10.5492], [108.9224, 10.5462], [108.9265, 10.5399], [108.9283, 10.525], [108.9308, 10.5196], [108.9314, 10.5139], [108.9497, 10.5039], [108.9592, 10.5033], [108.967, 10.5076], [108.966, 10.5178], [108.962, 10.5184], [108.9578, 10.5259]]], [[[108.8318, 11.2255], [108.8303, 11.2289], [108.823, 11.2285], [108.8213, 11.2256], [108.8294, 11.2219], [108.8318, 11.2255]]], [[[108.9635, 10.4948], [108.9643, 10.4904], [108.9614, 10.4877], [108.9646, 10.4851], [108.968, 10.4896], [108.9687, 10.4937], [108.9635, 10.4948]]]]}, "properties": {"province_id": "lam_dong", "name": "Lâm Đồng", "population": 3872999, "area_km2": 24243.7}}, {"type": "Feature", "geometry": {"type": "Polygon", "coordinates": [[[107.032, 21.3251], [107.0417, 21.3281], [107.0492, 21.3283], [107.0519, 21.3355], [107.0578, 21.3407], [107.0596, 21.346], [107.0633, 21.3484], [107.0787, 21.3463], [107.0831, 21.3507], [107.0852, 21.3553], [107.0929, 21.3575], [107.0946, 21.3617], [107.0972, 21.374], [107.102, 21.3769], [107.1056, 21.3752], [107.1108, 21.3761], [107.1269, 21.3692], [107.1345, 21.3711], [107.1433, 21.3691], [107.1419, 21.3664], [107.1472, 21.3644], [107.1555, 21.3681], [107.1699, 21.3635], [107.1773, 21.3691], [107.1827, 21.3711], [107.1862, 21.3758], [107.192, 21.3755], [107.1941, 21.3791], [107.1993, 21.3776], [107.2037, 21.379], [107.2094, 21.3866], [107.2172, 21.3885], [107.2227, 21.3851], [107.2275, 21.3775], [107.2355, 21.3737], [107.2407, 21.3649], [107.2459, 21.3671], [107.2519, 21.3663], [107.2557, 21.3708], [107.259, 21.3792], [107.2585, 21.3844], [107.2612, 21.388], [107.2607, 21.392], [107.265, 21.4001], [107.2577, 21.4046], [107.2587, 21.4074], [107.2562, 21.4137], [107.2574, 21.4172], [107.254, 21.4226], [107.2483, 21.4236], [107.2479, 21.4296], [107.2418, 21.4349], [107.2453, 21.4393], [107.2455, 21.4435], [107.2414, 21.4458], [107.241, 21.4551], [107.2384, 21.4593], [107.242, 21.4685], [107.2397, 21.4728], [107.245, 21.4779], [107.2464, 21.4824], [107.2365, 21.4963], [107.2363, 21.5027], [107.2386, 21.5058], [107.2339, 21.5142], [107.2337, 21.5194], [107.2302, 21.521], [107.2235, 21.5197], [107.2216, 21.5262], [107.2165, 21.5316], [107.2112, 21.5309], [107.2046, 21.5406], [107.2072, 21.5447], [107.2136, 21.5474], [107.2169, 21.5524], [107.2226, 21.5532], [107.2279, 21.5517], [107.2324, 21.5545], [107.2403, 21.5515], [107.2453, 21.5482], [107.2472, 21.5496], [107.2476, 21.5565], [107.2531, 21.5587], [107.2557, 21.5619], [107.267, 21.5649], [107.2734, 21.5625], [107.2804, 21.5649], [107.2842, 21.569], [107.2842, 21.5789], [107.2902, 21.5817], [107.2905, 21.5853], [107.2943, 21.5922], [107.3089, 21.596], [107.3137, 21.59], [107.3173, 21.5936], [107.3223, 21.5941], [107.3276, 21.5923], [107.33, 21.5874], [107.3383, 21.5884], [107.3467, 21.5946], [107.3584, 21.5951], [107.3623, 21.6001], [107.3575, 21.605], [107.3608, 21.6127], [107.3591, 21.6206], [107.3555, 21.6236], [107.3541, 21.6305], [107.3616, 21.6349], [107.3641, 21.6402], [107.3605, 21.6462], [107.3608, 21.6516], [107.3586, 21.6609], [107.3607, 21.6639], [107.3567, 21.6664], [107.3576, 21.6698], [107.3476, 21.6742], [107.3454, 21.6768], [107.3492, 21.6816], [107.3445, 21.6855], [107.3391, 21.6873], [107.3362, 21.6911], [107.3347, 21.6988], [107.324, 21.7061], [107.3239, 21.7099], [107.3199, 21.7159], [107.3227, 21.7247], [107.3147, 21.725], [107.3132, 21.7298], [107.3085, 21.7301], [107.3058, 21.7368], [107.3012, 21.7421], [107.2879, 21.7364], [107.287, 21.7317], [107.2805, 21.7338], [107.2639, 21.7283], [107.2631, 21.7252], [107.2582, 21.7244], [107.2511, 21.7167], [107.2517, 21.7127], [107.2495, 21.7049], [107.2394, 21.7047], [107.2335, 21.7058], [107.2225, 21.7063], [107.2128, 21.7128], [107.1998, 21.7203], [107.1971, 21.7333], [107.1932, 21.7343], [107.1906, 21.7419], [107.1852, 21.747], [107.1748, 21.7483], [107.1722, 21.7519], [107.1659, 21.7498], [107.1615, 21.7515], [107.1608, 21.7566], [107.1458, 21.7624], [107.141, 21.7621], [107.1377, 21.7669], [107.1344, 21.7754], [107.128, 21.7744], [107.1211, 21.7807], [107.1131, 21.7924], [107.1006, 21.7933], [107.097, 21.7985], [107.0902, 21.8], [107.0858, 21.8048], [107.0856, 21.8078], [107.0775, 21.8102], [107.0729, 21.8089], [107.0612, 21.8093], [107.0585, 21.8109], [107.046, 21.8136], [107.0434, 21.8123], [107.039, 21.8155], [107.0299, 21.8172], [107.0255, 21.8192], [107.0237, 21.8227], [107.0176, 21.8272], [107.0091, 21.8272], [107.0045, 21.8326], [107.0045, 21.8455], [107.0064, 21.8495], [107.0134, 21.8552], [107.0179, 21.8638], [107.0259, 21.8652], [107.0319, 21.8693], [107.0358, 21.8749], [107.0408, 21.8791], [107.0497, 21.8804], [107.0556, 21.8844], [107.0573, 21.8897], [107.063, 21.8935], [107.0633, 21.8962], [107.0591, 21.9041], [107.0601, 21.9088], [107.0573, 21.9102], [107.0584, 21.9145], [107.0538, 21.9226], [107.0504, 21.9249], [107.0481, 21.9297], [107.0391, 21.9308], [107.0363, 21.9353], [107.026, 21.9379], [107.0202, 21.944], [107.0151, 21.9462], [107.0121, 21.9449], [107.0066, 21.9467], [106.9995, 21.946], [106.9906, 21.9511], [106.9879, 21.9478], [106.9885, 21.9429], [106.9837, 21.9381], [106.9848, 21.9361], [106.9794, 21.9265], [106.9714, 21.9222], [106.9649, 21.9228], [106.961, 21.9194], [106.9534, 21.9243], [106.9539, 21.9305], [106.9456, 21.9323], [106.9337, 21.9295], [106.9299, 21.9309], [106.9304, 21.9349], [106.9273, 21.9448], [106.9232, 21.9472], [106.9206, 21.9548], [106.9235, 21.9632], [106.9193, 21.9697], [106.9185, 21.974], [106.9134, 21.976], [106.9037, 21.9714], [106.8975, 21.9757], [106.8918, 21.977], [106.8794, 21.9821], [106.8748, 21.9802], [106.867, 21.9831], [106.8578, 21.98], [106.8505, 21.9819], [106.847, 21.9777], [106.8409, 21.9836], [106.835, 21.9838], [106.8327, 21.9821], [106.8324, 21.9751], [106.8277, 21.9759], [106.8119, 21.9735], [106.7999, 21.9802], [106.797, 21.9849], [106.7979, 21.9902], [106.7926, 21.9929], [106.7895, 21.9894], [106.7875, 21.9975], [106.7844, 22.004], [106.7785, 22.0045], [106.7754, 22.0089], [106.7714, 22.0112], [106.7587, 22.0128], [106.7494, 22.0084], [106.7362, 22.0076], [106.7373, 22.0031], [106.732, 21.9976], [106.7282, 21.991], [106.7284, 21.9852], [106.7203, 21.9751], [106.7159, 21.9719], [106.7081, 21.9747], [106.7083, 21.97], [106.7052, 21.9682], [106.7022, 21.9625], [106.6989, 21.9601], [106.6911, 21.9655], [106.6943, 21.9693], [106.6946, 21.9731], [106.6867, 21.9793], [106.6834, 21.9852], [106.6839, 21.992], [106.6824, 22.001], [106.6838, 22.0041], [106.6888, 22.0073], [106.6883, 22.0096], [106.6997, 22.0154], [106.7022, 22.022], [106.708, 22.0254], [106.7085, 22.0286], [106.7056, 22.033], [106.7047, 22.0393], [106.6985, 22.0421], [106.6969, 22.0452], [106.6989, 22.049], [106.6972, 22.0544], [106.7009, 22.0585], [106.7035, 22.0647], [106.7065, 22.0652], [106.7049, 22.0853], [106.7106, 22.0893], [106.713, 22.0956], [106.71, 22.1017], [106.6989, 22.1065], [106.6953, 22.1109], [106.6959, 22.1162], [106.6924, 22.1194], [106.6943, 22.1331], [106.689, 22.1367], [106.6892, 22.139], [106.6948, 22.1432], [106.6962, 22.1543], [106.7058, 22.1582], [106.7032, 22.1627], [106.6917, 22.1621], [106.6852, 22.1641], [106.6827, 22.1697], [106.6775, 22.1713], [106.678, 22.1748], [106.676, 22.1803], [106.6711, 22.1836], [106.6805, 22.1959], [106.6802, 22.2033], [106.6912, 22.2043], [106.6954, 22.2065], [106.6985, 22.2125], [106.698, 22.218], [106.7024, 22.2199], [106.7026, 22.2234], [106.6991, 22.225], [106.6958, 22.2311], [106.695, 22.2401], [106.6928, 22.2511], [106.6898, 22.2594], [106.6826, 22.265], [106.6858, 22.2712], [106.6884, 22.2725], [106.6894, 22.2783], [106.6827, 22.2793], [106.6816, 22.2823], [106.6769, 22.2856], [106.6717, 22.2838], [106.6669, 22.2863], [106.6661, 22.2905], [106.6682, 22.2967], [106.6656, 22.3], [106.6683, 22.3075], [106.6645, 22.3143], [106.6591, 22.3178], [106.6571, 22.3283], [106.6588, 22.334], [106.6486, 22.3397], [106.6435, 22.3399], [106.6396, 22.3381], [106.6352, 22.34], [106.6333, 22.3372], [106.6265, 22.3359], [106.6209, 22.3329], [106.6136, 22.3399], [106.6103, 22.3384], [106.6026, 22.3378], [106.5945, 22.3396], [106.5893, 22.3436], [106.5815, 22.34], [106.578, 22.3426], [106.5772, 22.3466], [106.5718, 22.3464], [106.5713, 22.3424], [106.5596, 22.3489], [106.5624, 22.3571], [106.5617, 22.3615], [106.5644, 22.366], [106.5699, 22.3638], [106.5718, 22.3696], [106.5796, 22.3712], [106.5856, 22.3784], [106.5835, 22.3841], [106.5859, 22.3872], [106.5859, 22.3946], [106.5785, 22.3974], [106.5714, 22.4039], [106.571, 22.407], [106.5664, 22.4137], [106.5644, 22.4194], [106.5607, 22.4224], [106.5552, 22.4198], [106.551, 22.4209], [106.5353, 22.4189], [106.534, 22.4151], [106.5286, 22.4131], [106.532, 22.4098], [106.5275, 22.4048], [106.5241, 22.4043], [106.5198, 22.3975], [106.5121, 22.4023], [106.5049, 22.4044], [106.4975, 22.4048], [106.4897, 22.4004], [106.4929, 22.3985], [106.492, 22.3938], [106.4844, 22.392], [106.4904, 22.3853], [106.481, 22.3772], [106.4891, 22.3761], [106.4873, 22.3683], [106.4821, 22.3674], [106.476, 22.3635], [106.4686, 22.3624], [106.466, 22.3591], [106.4623, 22.3606], [106.4526, 22.3566], [106.4442, 22.3587], [106.4408, 22.363], [106.4341, 22.3633], [106.4297, 22.359], [106.4249, 22.3586], [106.4186, 22.3638], [106.4134, 22.3705], [106.4069, 22.3698], [106.4002, 22.3705], [106.396, 22.3738], [106.3896, 22.3682], [106.3874, 22.3645], [106.3801, 22.3633], [106.3788, 22.3595], [106.3607, 22.3575], [106.3528, 22.3617], [106.3492, 22.3685], [106.342, 22.3738], [106.3449, 22.3832], [106.3444, 22.3917], [106.3325, 22.4021], [106.3343, 22.4088], [106.3305, 22.4118], [106.3192, 22.4075], [106.3122, 22.4105], [106.3029, 22.42], [106.2955, 22.4258], [106.2882, 22.4263], [106.2868, 22.4281], [106.2851, 22.4376], [106.2762, 22.4482], [106.2735, 22.4483], [106.2644, 22.4533], [106.2613, 22.4504], [106.2564, 22.4545], [106.2493, 22.4584], [106.2399, 22.4615], [106.2335, 22.4588], [106.2296, 22.4548], [106.2212, 22.4551], [106.2131, 22.4478], [106.211, 22.4413], [106.2065, 22.436], [106.2006, 22.4319], [106.1999, 22.4223], [106.193, 22.4161], [106.1926, 22.4112], [106.1943, 22.4069], [106.191, 22.4054], [106.1873, 22.4005], [106.1873, 22.3931], [106.1847, 22.3869], [106.1881, 22.3838], [106.1873, 22.3799], [106.1916, 22.376], [106.2013, 22.3737], [106.2091, 22.3677], [106.2106, 22.362], [106.2166, 22.3584], [106.22, 22.3504], [106.2193, 22.3471], [106.2154, 22.3449], [106.2089, 22.3375], [106.2055, 22.3318], [106.2048, 22.3279], [106.2012, 22.3227], [106.202, 22.317], [106.1996, 22.3136], [106.2121, 22.2901], [106.2154, 22.288], [106.22, 22.2903], [106.2231, 22.2885], [106.2242, 22.2826], [106.2287, 22.2821], [106.2351, 22.2789], [106.2445, 22.2685], [106.2449, 22.2606], [106.2469, 22.2578], [106.2456, 22.2526], [106.2421, 22.2465], [106.2428, 22.2379], [106.2371, 22.2212], [106.2321, 22.2206], [106.2295, 22.2163], [106.2214, 22.2073], [106.2231, 22.2004], [106.2211, 22.1976], [106.225, 22.1899], [106.2288, 22.1852], [106.2337, 22.1823], [106.2339, 22.1784], [106.2316, 22.1744], [106.2229, 22.1676], [106.2177, 22.1669], [106.2137, 22.1597], [106.2014, 22.1496], [106.2006, 22.1465], [106.1965, 22.1428], [106.1929, 22.1439], [106.189, 22.1397], [106.1877, 22.1338], [106.181, 22.1285], [106.1847, 22.1254], [106.1852, 22.1173], [106.1772, 22.113], [106.1687, 22.1104], [106.1685, 22.1064], [106.1624, 22.1021], [106.1609, 22.0964], [106.1613, 22.092], [106.1572, 22.0817], [106.1416, 22.0822], [106.1395, 22.0858], [106.1234, 22.0854], [106.1187, 22.0823], [106.1173, 22.0762], [106.1142, 22.0726], [106.1079, 22.0762], [106.1055, 22.0727], [106.1007, 22.072], [106.0988, 22.068], [106.101, 22.0601], [106.0993, 22.0552], [106.1028, 22.0454], [106.1011, 22.0405], [106.0956, 22.0366], [106.0967, 22.0302], [106.1026, 22.027], [106.1085, 22.0212], [106.1113, 22.0135], [106.1095, 22.0053], [106.11, 21.9968], [106.1141, 21.9939], [106.1131, 21.9831], [106.1154, 21.9785], [106.1132, 21.9732], [106.114, 21.9675], [106.1116, 21.962], [106.1063, 21.9627], [106.0992, 21.9596], [106.0978, 21.9542], [106.1001, 21.9511], [106.1035, 21.9531], [106.1088, 21.9523], [106.1118, 21.9493], [106.1027, 21.9405], [106.1069, 21.9329], [106.1117, 21.9333], [106.1134, 21.9291], [106.1178, 21.9284], [106.1219, 21.9242], [106.1283, 21.9248], [106.1313, 21.9215], [106.1319, 21.917], [106.1271, 21.9101], [106.1295, 21.903], [106.1274, 21.8993], [106.1158, 21.8951], [106.1134, 21.8907], [106.1143, 21.8841], [106.1173, 21.8799], [106.1153, 21.8756], [106.1153, 21.8706], [106.1115, 21.8653], [106.1106, 21.8607], [106.1129, 21.8545], [106.1114, 21.8504], [106.117, 21.8454], [106.1152, 21.8409], [106.1071, 21.8413], [106.1079, 21.8323], [106.1003, 21.8285], [106.0997, 21.8242], [106.0954, 21.8214], [106.0954, 21.8186], [106.0989, 21.8127], [106.1077, 21.8034], [106.1063, 21.7988], [106.1064, 21.7903], [106.1114, 21.7863], [106.1135, 21.7815], [106.1222, 21.7834], [106.1277, 21.7831], [106.1354, 21.7853], [106.1397, 21.7773], [106.1481, 21.7676], [106.1497, 21.761], [106.1553, 21.7608], [106.1596, 21.756], [106.1684, 21.7542], [106.1684, 21.7502], [106.1736, 21.7492], [106.1782, 21.7437], [106.1865, 21.7407], [106.1942, 21.7416], [106.1967, 21.7354], [106.2087, 21.7323], [106.2111, 21.7287], [106.2175, 21.7268], [106.2246, 21.7331], [106.2294, 21.7307], [106.2308, 21.7278], [106.2353, 21.727], [106.2377, 21.7198], [106.2375, 21.7147], [106.234, 21.7085], [106.2328, 21.6989], [106.2244, 21.6921], [106.2266, 21.6816], [106.2255, 21.679], [106.2194, 21.6737], [106.2058, 21.6635], [106.2066, 21.6595], [106.2022, 21.6533], [106.193, 21.6482], [106.191, 21.6451], [106.1924, 21.6373], [106.1985, 21.6326], [106.1954, 21.6286], [106.197, 21.6185], [106.1891, 21.6103], [106.1852, 21.6043], [106.1773, 21.6], [106.1772, 21.5981], [106.1693, 21.5957], [106.1708, 21.5922], [106.1706, 21.5857], [106.1674, 21.5763], [106.1698, 21.573], [106.1693, 21.5645], [106.1679, 21.5607], [106.1688, 21.5528], [106.1709, 21.5495], [106.1676, 21.5437], [106.1676, 21.5395], [106.1702, 21.5356], [106.1677, 21.5213], [106.1687, 21.5124], [106.1744, 21.5092], [106.1827, 21.5087], [106.1903, 21.5059], [106.1986, 21.5008], [106.2058, 21.5002], [106.212, 21.4967], [106.2209, 21.4969], [106.2262, 21.4955], [106.237, 21.495], [106.2418, 21.4864], [106.2467, 21.485], [106.2496, 21.4873], [106.2559, 21.4868], [106.2646, 21.4917], [106.2684, 21.4899], [106.2734, 21.4937], [106.2793, 21.4911], [106.2855, 21.4904], [106.2851, 21.4792], [106.2825, 21.4723], [106.2864, 21.4712], [106.2866, 21.4668], [106.2833, 21.456], [106.2849, 21.4525], [106.2947, 21.4432], [106.2977, 21.4462], [106.3005, 21.4435], [106.3059, 21.4422], [106.304, 21.448], [106.31, 21.4518], [106.3121, 21.4514], [106.315, 21.4449], [106.3259, 21.4482], [106.3294, 21.4464], [106.3287, 21.4414], [106.3331, 21.4377], [106.3326, 21.4342], [106.3277, 21.4259], [106.3251, 21.4243], [106.3271, 21.418], [106.3241, 21.4139], [106.3242, 21.4104], [106.3346, 21.4042], [106.3406, 21.3972], [106.348, 21.4001], [106.3511, 21.3958], [106.3546, 21.3972], [106.3615, 21.3958], [106.3672, 21.399], [106.3717, 21.3947], [106.3784, 21.394], [106.3857, 21.3967], [106.3958, 21.4054], [106.405, 21.4042], [106.4123, 21.4057], [106.4158, 21.4079], [106.4143, 21.4174], [106.4084, 21.4194], [106.4048, 21.4255], [106.406, 21.4292], [106.4141, 21.4322], [106.4175, 21.4373], [106.4281, 21.44], [106.4331, 21.438], [106.4349, 21.4424], [106.4395, 21.4435], [106.4433, 21.4365], [106.4506, 21.4361], [106.4519, 21.4387], [106.4658, 21.4373], [106.4717, 21.4422], [106.4728, 21.4476], [106.4827, 21.4487], [106.4851, 21.458], [106.4884, 21.4621], [106.4878, 21.4669], [106.4897, 21.4719], [106.4927, 21.474], [106.4948, 21.4831], [106.5095, 21.4867], [106.5178, 21.4948], [106.5213, 21.4996], [106.5136, 21.5131], [106.5074, 21.5208], [106.5087, 21.5262], [106.5147, 21.5315], [106.5186, 21.5318], [106.5239, 21.5384], [106.5267, 21.5454], [106.5274, 21.5577], [106.5309, 21.5627], [106.5355, 21.5631], [106.5422, 21.5701], [106.544, 21.5765], [106.548, 21.5782], [106.5523, 21.5828], [106.5521, 21.589], [106.5582, 21.5944], [106.5639, 21.5945], [106.5699, 21.5995], [106.5708, 21.6025], [106.5836, 21.5989], [106.5961, 21.5992], [106.604, 21.6033], [106.6065, 21.603], [106.6153, 21.6078], [106.624, 21.6057], [106.6268, 21.6027], [106.637, 21.6008], [106.6434, 21.6038], [106.6456, 21.6065], [106.6526, 21.6031], [106.6591, 21.6056], [106.6631, 21.6046], [106.6703, 21.6087], [106.6779, 21.6027], [106.6837, 21.6023], [106.6913, 21.5974], [106.7019, 21.5937], [106.7022, 21.582], [106.699, 21.5743], [106.7005, 21.5708], [106.7056, 21.5677], [106.7102, 21.5608], [106.7172, 21.5598], [106.7191, 21.5576], [106.7261, 21.5555], [106.7334, 21.5489], [106.7338, 21.5451], [106.7434, 21.5415], [106.7555, 21.5409], [106.759, 21.5445], [106.7603, 21.5504], [106.7585, 21.5524], [106.7566, 21.5672], [106.7645, 21.5727], [106.771, 21.5714], [106.7841, 21.5759], [106.7926, 21.566], [106.7967, 21.5652], [106.7996, 21.5619], [106.8063, 21.5589], [106.8201, 21.5625], [106.8275, 21.5603], [106.8323, 21.5613], [106.8433, 21.5597], [106.8479, 21.5538], [106.8522, 21.5399], [106.8582, 21.5389], [106.8643, 21.5348], [106.8647, 21.5274], [106.8603, 21.5227], [106.8553, 21.5236], [106.8503, 21.5224], [106.8507, 21.5169], [106.8399, 21.5125], [106.8389, 21.5085], [106.8419, 21.5047], [106.8449, 21.4936], [106.8508, 21.4988], [106.8531, 21.4963], [106.8614, 21.4957], [106.8676, 21.4975], [106.8785, 21.4957], [106.8904, 21.4895], [106.8891, 21.4826], [106.8938, 21.4759], [106.8988, 21.4747], [106.9025, 21.4704], [106.8988, 21.4635], [106.8923, 21.4595], [106.8914, 21.4514], [106.8962, 21.4442], [106.9032, 21.4402], [106.911, 21.4306], [106.9172, 21.4308], [106.9209, 21.436], [106.9264, 21.441], [106.9288, 21.44], [106.9305, 21.4333], [106.9289, 21.4257], [106.9406, 21.4348], [106.9456, 21.4346], [106.9498, 21.4259], [106.9538, 21.4234], [106.9596, 21.4248], [106.9688, 21.4361], [106.978, 21.4373], [106.9806, 21.4391], [106.9868, 21.4395], [106.9909, 21.4364], [106.9918, 21.4307], [106.9946, 21.43], [107.0038, 21.4217], [107.0019, 21.419], [106.995, 21.4169], [106.9916, 21.4132], [106.9922, 21.4094], [106.9857, 21.4021], [106.9865, 21.3909], [106.9927, 21.3818], [106.9932, 21.3777], [106.9908, 21.3736], [106.9915, 21.3683], [106.9874, 21.3607], [106.9883, 21.3586], [106.9982, 21.3556], [107.0026, 21.3506], [107.0078, 21.3496], [107.0139, 21.3449], [107.023, 21.3356], [107.0218, 21.3315], [107.032, 21.3251]]]}, "properties": {"province_id": "lang_son", "name": "Lạng Sơn", "population": 881384, "area_km2": 8310.2}}, {"type": "Feature", "geometry": {"type": "Polygon", "coordinates": [[[103.9221, 21.7006], [103.9247, 21.6982], [103.9313, 21.6956], [103.9381, 21.6906], [103.9362, 21.6773], [103.9373, 21.6698], [103.9463, 21.6692], [103.9613, 21.6696], [103.9672, 21.6676], [103.9701, 21.6642], [103.9773, 21.6735], [103.982, 21.6777], [103.9871, 21.6746], [103.9955, 21.6757], [104.0057, 21.6725], [104.0063, 21.6663], [104.0147, 21.6689], [104.0216, 21.6687], [104.0266, 21.6723], [104.0328, 21.6701], [104.0356, 21.6667], [104.0448, 21.6622], [104.0488, 21.6576], [104.0802, 21.6495], [104.0877, 21.6429], [104.0922, 21.6426], [104.0998, 21.6469], [104.1076, 21.6454], [104.1124, 21.6474], [104.1182, 21.6473], [104.1235, 21.6514], [104.1397, 21.6544], [104.1481, 21.6543], [104.16, 21.6557], [104.1742, 21.6487], [104.182, 21.6478], [104.1965, 21.648], [104.2058, 21.6593], [104.2109, 21.664], [104.2119, 21.6713], [104.2205, 21.6724], [104.2277, 21.6715], [104.232, 21.6731], [104.2407, 21.6705], [104.2449, 21.6719], [104.2542, 21.671], [104.2556, 21.6664], [104.2627, 21.6635], [104.2708, 21.6652], [104.277, 21.6628], [104.289, 21.6611], [104.2968, 21.653], [104.3017, 21.6523], [104.316, 21.6567], [104.3244, 21.6541], [104.3326, 21.655], [104.3389, 21.6531], [104.3404, 21.6445], [104.3368, 21.6386], [104.3305, 21.6379], [104.3281, 21.631], [104.3225, 21.6274], [104.3195, 21.6202], [104.3143, 21.6161], [104.3099, 21.6145], [104.3062, 21.6087], [104.3, 21.6047], [104.2906, 21.6028], [104.288, 21.5985], [104.2915, 21.5956], [104.2961, 21.5812], [104.2954, 21.5792], [104.2978, 21.5713], [104.2887, 21.5689], [104.2872, 21.5642], [104.277, 21.5512], [104.279, 21.5489], [104.2825, 21.5372], [104.2884, 21.5327], [104.2934, 21.5247], [104.2931, 21.5177], [104.2951, 21.5104], [104.293, 21.5081], [104.2922, 21.5019], [104.2852, 21.4944], [104.2855, 21.4875], [104.283, 21.4848], [104.2839, 21.4769], [104.282, 21.4721], [104.287, 21.4637], [104.2941, 21.4584], [104.3004, 21.4576], [104.3021, 21.4525], [104.3, 21.4489], [104.2986, 21.439], [104.3019, 21.4378], [104.3036, 21.4338], [104.3147, 21.4309], [104.3197, 21.4281], [104.3227, 21.4187], [104.3282, 21.4113], [104.332, 21.4081], [104.339, 21.4085], [104.3428, 21.4116], [104.3427, 21.4164], [104.3478, 21.4183], [104.3538, 21.415], [104.3557, 21.4101], [104.3626, 21.4023], [104.3699, 21.3986], [104.3824, 21.4025], [104.3891, 21.401], [104.394, 21.3976], [104.397, 21.3924], [104.4123, 21.3866], [104.4176, 21.3808], [104.4207, 21.3749], [104.4199, 21.3626], [104.4208, 21.36], [104.4298, 21.3545], [104.4362, 21.3545], [104.444, 21.3576], [104.4559, 21.3536], [104.4665, 21.3516], [104.4736, 21.3517], [104.4817, 21.3569], [104.4851, 21.3657], [104.4953, 21.3735], [104.5039, 21.3763], [104.5098, 21.385], [104.5139, 21.3882], [104.5151, 21.3955], [104.5193, 21.3989], [104.5209, 21.4042], [104.5289, 21.413], [104.5325, 21.4144], [104.541, 21.4139], [104.5502, 21.4096], [104.5583, 21.4092], [104.565, 21.4101], [104.5702, 21.4129], [104.5786, 21.4088], [104.5812, 21.4109], [104.5818, 21.417], [104.5838, 21.4203], [104.589, 21.4226], [104.6067, 21.4159], [104.6123, 21.4048], [104.6163, 21.4016], [104.6204, 21.4015], [104.6252, 21.3955], [104.6298, 21.3949], [104.636, 21.3889], [104.6403, 21.388], [104.6437, 21.384], [104.6472, 21.383], [104.6523, 21.3848], [104.66, 21.3807], [104.6674, 21.3787], [104.6711, 21.376], [104.6783, 21.3754], [104.6856, 21.3771], [104.689, 21.385], [104.6878, 21.3943], [104.6901, 21.4008], [104.6966, 21.3999], [104.7031, 21.4059], [104.707, 21.4041], [104.7104, 21.3997], [104.7244, 21.4006], [104.7292, 21.4043], [104.7354, 21.4031], [104.7326, 21.3908], [104.7345, 21.3815], [104.7397, 21.3756], [104.7439, 21.3684], [104.748, 21.3678], [104.7491, 21.3633], [104.7469, 21.3596], [104.7488, 21.3525], [104.7572, 21.3529], [104.7572, 21.3479], [104.761, 21.3462], [104.7682, 21.3468], [104.7679, 21.3317], [104.7696, 21.3294], [104.7791, 21.326], [104.7878, 21.3296], [104.7908, 21.3334], [104.7946, 21.3352], [104.8, 21.3316], [104.8042, 21.331], [104.8071, 21.3334], [104.8136, 21.3335], [104.82, 21.3383], [104.8257, 21.3389], [104.835, 21.337], [104.8469, 21.338], [104.8498, 21.3395], [104.8445, 21.3511], [104.8471, 21.3529], [104.8543, 21.3521], [104.8534, 21.3594], [104.8547, 21.3649], [104.863, 21.3655], [104.8673, 21.3597], [104.8684, 21.3536], [104.8726, 21.3489], [104.8828, 21.342], [104.8963, 21.3444], [104.9005, 21.3512], [104.899, 21.3556], [104.8932, 21.3653], [104.8895, 21.3674], [104.8836, 21.3733], [104.8847, 21.3797], [104.8819, 21.3833], [104.8843, 21.3873], [104.8831, 21.3909], [104.8861, 21.3931], [104.8926, 21.3937], [104.8956, 21.3957], [104.8995, 21.4014], [104.9001, 21.4052], [104.9077, 21.4142], [104.908, 21.4197], [104.9058, 21.4288], [104.9114, 21.4331], [104.9123, 21.4383], [104.9117, 21.4476], [104.9034, 21.4608], [104.8965, 21.47], [104.8968, 21.4738], [104.8929, 21.479], [104.8936, 21.4845], [104.8875, 21.4934], [104.8849, 21.5005], [104.8849, 21.5053], [104.8825, 21.5086], [104.8828, 21.519], [104.8855, 21.522], [104.8814, 21.531], [104.8782, 21.5356], [104.8687, 21.5419], [104.8678, 21.5487], [104.872, 21.5554], [104.8767, 21.5557], [104.8828, 21.5587], [104.8897, 21.5584], [104.8976, 21.5637], [104.8981, 21.5782], [104.8963, 21.5871], [104.8929, 21.591], [104.8929, 21.5972], [104.8914, 21.6016], [104.8964, 21.6083], [104.9048, 21.6098], [104.9031, 21.6199], [104.9045, 21.6264], [104.9105, 21.6346], [104.9225, 21.6405], [104.9293, 21.6408], [104.934, 21.6426], [104.9371, 21.6463], [104.9378, 21.6513], [104.9436, 21.6528], [104.9526, 21.659], [104.9574, 21.6601], [104.9612, 21.6549], [104.9682, 21.6479], [104.973, 21.657], [104.9853, 21.6612], [104.9864, 21.6679], [104.9799, 21.6728], [104.9869, 21.6746], [104.9913, 21.6787], [104.9943, 21.6783], [105.0013, 21.6806], [105.0002, 21.6879], [105.0052, 21.6886], [105.0142, 21.6876], [105.0197, 21.6882], [105.0212, 21.6927], [105.0281, 21.6968], [105.0309, 21.7012], [105.039, 21.6975], [105.0446, 21.6902], [105.0543, 21.6863], [105.0589, 21.6858], [105.0612, 21.6901], [105.0677, 21.6844], [105.073, 21.6815], [105.0775, 21.6812], [105.0836, 21.683], [105.0925, 21.681], [105.0938, 21.6789], [105.1, 21.6835], [105.0997, 21.6901], [105.0955, 21.6959], [105.0956, 21.7009], [105.0899, 21.7009], [105.0868, 21.7037], [105.0917, 21.7121], [105.0861, 21.7182], [105.0843, 21.7231], [105.078, 21.722], [105.0738, 21.7281], [105.0765, 21.7322], [105.0761, 21.7357], [105.0678, 21.7401], [105.0664, 21.743], [105.0606, 21.7442], [105.0613, 21.7488], [105.0673, 21.7509], [105.0748, 21.7585], [105.0762, 21.7641], [105.0809, 21.7707], [105.0727, 21.7782], [105.0717, 21.7812], [105.0774, 21.7863], [105.0798, 21.7864], [105.0827, 21.7916], [105.0854, 21.8015], [105.0889, 21.8073], [105.0964, 21.8113], [105.1003, 21.812], [105.098, 21.8177], [105.0923, 21.8216], [105.0889, 21.8282], [105.0772, 21.8302], [105.0671, 21.8417], [105.0615, 21.8499], [105.0584, 21.8584], [105.0523, 21.8589], [105.0458, 21.8639], [105.0412, 21.8737], [105.0426, 21.8778], [105.0413, 21.8857], [105.0376, 21.888], [105.037, 21.8913], [105.031, 21.8925], [105.0258, 21.8918], [105.0223, 21.8945], [105.0185, 21.8941], [105.0136, 21.9], [105.0154, 21.9026], [105.0143, 21.9072], [105.0185, 21.9108], [105.0221, 21.9172], [105.0229, 21.9243], [105.0188, 21.9292], [105.0192, 21.9357], [105.0105, 21.9372], [105.0026, 21.9331], [104.9992, 21.9291], [104.9897, 21.9312], [104.9865, 21.9364], [104.9873, 21.9429], [104.9933, 21.9542], [104.9953, 21.9618], [104.9946, 21.9675], [104.9924, 21.9709], [104.9977, 21.9824], [104.9997, 21.9886], [104.9943, 21.9938], [104.9897, 22.003], [104.9964, 22.0154], [104.9926, 22.0182], [104.9947, 22.0277], [104.9937, 22.032], [104.9968, 22.044], [104.9907, 22.0452], [104.9837, 22.0423], [104.9719, 22.0402], [104.9676, 22.0313], [104.9619, 22.0293], [104.956, 22.035], [104.9501, 22.0343], [104.9465, 22.0356], [104.9406, 22.0442], [104.9416, 22.0523], [104.9352, 22.0583], [104.9286, 22.0615], [104.9208, 22.0604], [104.9181, 22.0587], [104.9128, 22.0653], [104.908, 22.0631], [104.903, 22.0638], [104.8965, 22.0712], [104.8919, 22.0726], [104.8871, 22.071], [104.8735, 22.0809], [104.8711, 22.0866], [104.8717, 22.0914], [104.8649, 22.0965], [104.8656, 22.1066], [104.8633, 22.118], [104.8606, 22.1221], [104.8597, 22.1289], [104.8619, 22.1322], [104.8599, 22.1356], [104.8636, 22.1417], [104.8623, 22.1474], [104.8598, 22.1481], [104.8587, 22.1531], [104.854, 22.1573], [104.854, 22.164], [104.8555, 22.1702], [104.8528, 22.1714], [104.849, 22.1805], [104.8461, 22.185], [104.8394, 22.1798], [104.8348, 22.1805], [104.8298, 22.1775], [104.8269, 22.1816], [104.8202, 22.1849], [104.8175, 22.1782], [104.813, 22.1728], [104.8029, 22.1717], [104.7997, 22.1701], [104.7944, 22.1725], [104.7834, 22.1725], [104.7798, 22.1709], [104.7802, 22.1662], [104.7751, 22.1661], [104.7711, 22.1684], [104.7626, 22.1699], [104.7615, 22.1726], [104.7566, 22.1732], [104.7572, 22.1814], [104.7554, 22.1846], [104.7466, 22.1869], [104.7399, 22.1869], [104.738, 22.1931], [104.7344, 22.1953], [104.7254, 22.198], [104.7232, 22.2052], [104.7241, 22.2083], [104.7205, 22.2144], [104.7213, 22.2167], [104.7298, 22.2255], [104.7284, 22.2293], [104.7297, 22.2345], [104.7259, 22.2456], [104.7237, 22.2461], [104.7223, 22.2575], [104.7165, 22.2612], [104.7084, 22.261], [104.7044, 22.264], [104.6925, 22.2631], [104.6864, 22.2614], [104.6768, 22.2648], [104.6762, 22.2686], [104.6701, 22.2768], [104.6653, 22.2739], [104.659, 22.274], [104.6505, 22.2804], [104.6454, 22.28], [104.6421, 22.2768], [104.6388, 22.2784], [104.6295, 22.2868], [104.6243, 22.288], [104.6167, 22.2875], [104.6141, 22.2913], [104.6073, 22.2913], [104.6032, 22.287], [104.601, 22.2814], [104.5964, 22.2766], [104.5931, 22.271], [104.5897, 22.2693], [104.5858, 22.2638], [104.5868, 22.254], [104.5855, 22.251], [104.5789, 22.252], [104.5741, 22.2452], [104.567, 22.2446], [104.5529, 22.2417], [104.5508, 22.2434], [104.5482, 22.2528], [104.5492, 22.2564], [104.5466, 22.27], [104.5428, 22.277], [104.5521, 22.2843], [104.5583, 22.2839], [104.5656, 22.2894], [104.5655, 22.2922], [104.569, 22.297], [104.5776, 22.3016], [104.5801, 22.3062], [104.5786, 22.3158], [104.5729, 22.3213], [104.5717, 22.3257], [104.5648, 22.3313], [104.5744, 22.3421], [104.5811, 22.346], [104.5803, 22.3495], [104.5756, 22.3534], [104.5693, 22.3554], [104.5573, 22.3531], [104.5533, 22.3547], [104.5478, 22.3594], [104.5467, 22.3621], [104.5541, 22.3732], [104.5502, 22.3803], [104.5389, 22.3847], [104.5364, 22.3872], [104.53, 22.389], [104.5212, 22.3958], [104.5143, 22.3983], [104.5085, 22.4039], [104.4971, 22.4049], [104.491, 22.4122], [104.4909, 22.4197], [104.4789, 22.4205], [104.4662, 22.425], [104.4645, 22.4308], [104.4614, 22.4359], [104.4582, 22.4366], [104.4502, 22.4477], [104.4485, 22.4548], [104.4505, 22.4625], [104.456, 22.4643], [104.4595, 22.4693], [104.4636, 22.472], [104.464, 22.4763], [104.4739, 22.4836], [104.471, 22.4889], [104.4618, 22.4918], [104.4575, 22.4952], [104.4544, 22.495], [104.4454, 22.5041], [104.4411, 22.5064], [104.439, 22.513], [104.434, 22.5229], [104.4177, 22.5253], [104.4145, 22.5289], [104.4155, 22.5365], [104.4199, 22.5421], [104.4236, 22.5519], [104.421, 22.5587], [104.4247, 22.5645], [104.425, 22.5736], [104.4303, 22.5752], [104.4429, 22.5765], [104.4504, 22.5753], [104.4541, 22.5726], [104.4598, 22.5725], [104.4663, 22.5752], [104.4647, 22.5794], [104.4625, 22.5949], [104.4637, 22.5984], [104.459, 22.6046], [104.4622, 22.6132], [104.4396, 22.6183], [104.4293, 22.6234], [104.4155, 22.6346], [104.412, 22.6388], [104.41, 22.6491], [104.4059, 22.6541], [104.4106, 22.658], [104.4067, 22.6671], [104.3984, 22.6805], [104.391, 22.679], [104.3856, 22.6798], [104.3824, 22.6772], [104.3733, 22.6754], [104.3657, 22.6728], [104.3601, 22.6731], [104.3523, 22.6766], [104.3448, 22.682], [104.3406, 22.6868], [104.3346, 22.6901], [104.3357, 22.6962], [104.3413, 22.704], [104.3419, 22.7114], [104.3416, 22.7168], [104.3395, 22.7224], [104.3353, 22.7232], [104.3206, 22.7321], [104.3131, 22.7318], [104.3083, 22.7298], [104.3019, 22.7302], [104.2947, 22.7332], [104.2897, 22.7373], [104.2803, 22.7413], [104.2697, 22.7416], [104.2714, 22.7491], [104.2706, 22.7534], [104.2662, 22.7595], [104.2611, 22.7624], [104.2584, 22.7663], [104.2593, 22.7712], [104.2549, 22.7781], [104.2565, 22.7791], [104.2583, 22.7888], [104.2612, 22.7938], [104.2627, 22.8016], [104.2663, 22.8082], [104.2678, 22.8134], [104.2668, 22.8208], [104.2705, 22.8257], [104.2711, 22.8293], [104.2683, 22.833], [104.268, 22.8393], [104.2648, 22.8398], [104.2557, 22.8449], [104.252, 22.8397], [104.2437, 22.8439], [104.2292, 22.8336], [104.22, 22.8287], [104.216, 22.8318], [104.2091, 22.8282], [104.1976, 22.8263], [104.1904, 22.8207], [104.1833, 22.8261], [104.1779, 22.8233], [104.1754, 22.8202], [104.17, 22.8202], [104.1671, 22.8225], [104.1604, 22.8149], [104.1551, 22.8144], [104.1519, 22.8099], [104.1468, 22.8104], [104.1406, 22.8061], [104.1331, 22.807], [104.1305, 22.8119], [104.1267, 22.8137], [104.1196, 22.8115], [104.1149, 22.8117], [104.1099, 22.8031], [104.1048, 22.8014], [104.1006, 22.7941], [104.0955, 22.7899], [104.0906, 22.7771], [104.0898, 22.7723], [104.0836, 22.767], [104.0791, 22.7663], [104.075, 22.7609], [104.0701, 22.7573], [104.0658, 22.7573], [104.0606, 22.7486], [104.0588, 22.7482], [104.0527, 22.7392], [104.0463, 22.7344], [104.0454, 22.7302], [104.0393, 22.7237], [104.0396, 22.7168], [104.0365, 22.7103], [104.0359, 22.7038], [104.0333, 22.698], [104.0284, 22.6936], [104.0287, 22.6872], [104.0353, 22.682], [104.0399, 22.6812], [104.0396, 22.677], [104.0347, 22.6699], [104.0324, 22.6636], [104.0327, 22.6543], [104.0303, 22.6522], [104.0313, 22.6425], [104.0284, 22.6386], [104.0301, 22.6326], [104.0295, 22.6258], [104.0251, 22.6224], [104.0255, 22.6133], [104.0209, 22.6052], [104.0198, 22.5956], [104.0158, 22.5946], [104.0134, 22.5884], [104.0151, 22.5869], [104.0141, 22.5786], [104.0099, 22.5794], [104.0059, 22.577], [104.0079, 22.573], [104.0126, 22.571], [104.0163, 22.5654], [104.0118, 22.5626], [104.0109, 22.5564], [104.0139, 22.5542], [104.0134, 22.5447], [104.0088, 22.5443], [104.005, 22.5384], [104.0097, 22.5333], [104.0097, 22.5293], [104.0126, 22.5237], [104.0058, 22.5169], [103.9996, 22.5197], [103.9901, 22.5194], [103.9874, 22.5142], [103.9832, 22.5128], [103.9799, 22.5078], [103.9719, 22.5071], [103.9686, 22.5115], [103.9614, 22.5065], [103.953, 22.5123], [103.9458, 22.5249], [103.9369, 22.5262], [103.9322, 22.5279], [103.9277, 22.5386], [103.9234, 22.5391], [103.9186, 22.5335], [103.9136, 22.5373], [103.915, 22.544], [103.8998, 22.559], [103.8938, 22.5666], [103.8893, 22.57], [103.8853, 22.5694], [103.8837, 22.5646], [103.8809, 22.564], [103.8746, 22.5672], [103.8653, 22.5824], [103.8592, 22.5886], [103.8508, 22.5924], [103.8442, 22.5984], [103.8408, 22.6056], [103.8241, 22.6174], [103.8214, 22.6216], [103.8174, 22.6318], [103.8121, 22.6412], [103.8038, 22.6479], [103.8016, 22.6525], [103.7934, 22.6623], [103.7862, 22.6662], [103.7819, 22.6704], [103.7794, 22.6764], [103.7717, 22.6829], [103.7685, 22.6902], [103.7656, 22.6911], [103.7572, 22.6884], [103.7508, 22.6882], [103.7494, 22.6935], [103.7447, 22.699], [103.7403, 22.7], [103.7375, 22.7032], [103.7386, 22.7121], [103.7312, 22.7185], [103.7266, 22.7241], [103.7156, 22.733], [103.7054, 22.7428], [103.7002, 22.7462], [103.6963, 22.7462], [103.6877, 22.7506], [103.6841, 22.7537], [103.6826, 22.7612], [103.6786, 22.7651], [103.6685, 22.7684], [103.6659, 22.7716], [103.6655, 22.7784], [103.6631, 22.7859], [103.6586, 22.7896], [103.65, 22.7913], [103.648, 22.7941], [103.6392, 22.7975], [103.6338, 22.7874], [103.6276, 22.7888], [103.6236, 22.7856], [103.6192, 22.7861], [103.6173, 22.7826], [103.6205, 22.7745], [103.6148, 22.7718], [103.6132, 22.767], [103.6085, 22.7635], [103.61, 22.7568], [103.6066, 22.7571], [103.6045, 22.7497], [103.5998, 22.7501], [103.5971, 22.7471], [103.5973, 22.743], [103.5919, 22.7364], [103.5831, 22.732], [103.5776, 22.7245], [103.5754, 22.7176], [103.5643, 22.7057], [103.5631, 22.6985], [103.5658, 22.6936], [103.565, 22.6882], [103.5687, 22.6817], [103.5694, 22.6778], [103.5742, 22.6756], [103.5788, 22.6704], [103.5798, 22.6648], [103.5752, 22.6567], [103.5751, 22.6525], [103.5717, 22.6471], [103.5717, 22.643], [103.567, 22.6427], [103.5634, 22.6396], [103.5594, 22.6397], [103.5524, 22.6368], [103.5514, 22.6271], [103.5473, 22.6226], [103.5454, 22.6124], [103.5407, 22.6086], [103.5394, 22.6054], [103.5304, 22.5948], [103.5331, 22.5842], [103.5486, 22.5883], [103.5631, 22.5832], [103.566, 22.5791], [103.5719, 22.5767], [103.5663, 22.5684], [103.5767, 22.553], [103.5813, 22.5486], [103.58, 22.5455], [103.5815, 22.538], [103.5845, 22.5312], [103.5885, 22.5308], [103.5952, 22.5267], [103.5948, 22.5239], [103.588, 22.5152], [103.5853, 22.5089], [103.5853, 22.5041], [103.5826, 22.4984], [103.5758, 22.49], [103.5716, 22.4893], [103.566, 22.4848], [103.5636, 22.4798], [103.5601, 22.4775], [103.5553, 22.4717], [103.5568, 22.4655], [103.5591, 22.4631], [103.5687, 22.4572], [103.569, 22.4527], [103.5723, 22.4472], [103.5763, 22.4474], [103.5812, 22.4388], [103.5884, 22.4362], [103.5876, 22.4294], [103.6, 22.4273], [103.6032, 22.4249], [103.6036, 22.4104], [103.6078, 22.4069], [103.6142, 22.4041], [103.6254, 22.3963], [103.6323, 22.399], [103.6414, 22.401], [103.6451, 22.4043], [103.6499, 22.4032], [103.6561, 22.4045], [103.6603, 22.4031], [103.6714, 22.4049], [103.6758, 22.4035], [103.6793, 22.4053], [103.6852, 22.4055], [103.6965, 22.4085], [103.7007, 22.4054], [103.7056, 22.4083], [103.7122, 22.409], [103.7146, 22.4133], [103.7191, 22.4142], [103.7238, 22.4124], [103.7272, 22.4151], [103.7381, 22.4133], [103.7396, 22.4109], [103.7466, 22.4081], [103.7473, 22.4042], [103.753, 22.4012], [103.7623, 22.3919], [103.7665, 22.3803], [103.7645, 22.3762], [103.7655, 22.359], [103.7675, 22.3544], [103.772, 22.3539], [103.7789, 22.349], [103.779, 22.3488], [103.7766, 22.3454], [103.7804, 22.3391], [103.7712, 22.3361], [103.7685, 22.3336], [103.7711, 22.3285], [103.7688, 22.3216], [103.7627, 22.3172], [103.7603, 22.3134], [103.7724, 22.3078], [103.7749, 22.303], [103.7792, 22.3017], [103.7855, 22.303], [103.7911, 22.3001], [103.7925, 22.2974], [103.8015, 22.291], [103.8052, 22.2868], [103.8092, 22.2857], [103.8193, 22.2771], [103.8255, 22.2696], [103.8268, 22.2611], [103.83, 22.2583], [103.8337, 22.2509], [103.8381, 22.2487], [103.8424, 22.2363], [103.8399, 22.2312], [103.841, 22.2258], [103.8492, 22.2215], [103.8506, 22.2163], [103.8551, 22.2069], [103.8658, 22.2038], [103.8711, 22.2003], [103.8706, 22.1898], [103.8651, 22.1871], [103.8635, 22.1832], [103.8683, 22.1783], [103.8685, 22.1782], [103.8744, 22.1759], [103.887, 22.1745], [103.8946, 22.1658], [103.8973, 22.1589], [103.9052, 22.1558], [103.9113, 22.1467], [103.9223, 22.1414], [103.925, 22.142], [103.9381, 22.1398], [103.9387, 22.133], [103.9365, 22.1241], [103.9368, 22.1192], [103.9427, 22.1108], [103.9443, 22.106], [103.944, 22.0986], [103.9386, 22.0878], [103.9384, 22.0815], [103.9432, 22.08], [103.9437, 22.075], [103.9474, 22.0729], [103.9481, 22.0689], [103.9524, 22.0648], [103.9552, 22.052], [103.9573, 22.0489], [103.956, 22.033], [103.9531, 22.0262], [103.9549, 22.0232], [103.9648, 22.0144], [103.9654, 22.0114], [103.9614, 22.0041], [103.9545, 21.9999], [103.9677, 21.9883], [103.9726, 21.9812], [103.9747, 21.9753], [103.981, 21.972], [103.985, 21.967], [103.9753, 21.9595], [103.9716, 21.9598], [103.9614, 21.9443], [103.963, 21.9418], [103.9606, 21.9355], [103.9523, 21.9279], [103.943, 21.9177], [103.9357, 21.9196], [103.9334, 21.9234], [103.929, 21.9233], [103.9256, 21.9295], [103.9213, 21.9322], [103.9159, 21.9299], [103.9096, 21.9231], [103.9056, 21.921], [103.8935, 21.9212], [103.8882, 21.9134], [103.886, 21.9063], [103.8891, 21.9006], [103.8869, 21.8917], [103.8884, 21.8876], [103.8881, 21.8787], [103.8893, 21.8766], [103.8893, 21.8652], [103.897, 21.8575], [103.9101, 21.8472], [103.9194, 21.8381], [103.92, 21.8322], [103.9174, 21.8296], [103.9255, 21.8261], [103.9341, 21.8203], [103.9388, 21.8116], [103.9447, 21.81], [103.945, 21.8052], [103.9509, 21.8015], [103.953, 21.7972], [103.9519, 21.7882], [103.956, 21.7873], [103.9577, 21.781], [103.9625, 21.7732], [103.9669, 21.7709], [103.9655, 21.7613], [103.9635, 21.758], [103.9593, 21.7573], [103.9514, 21.7522], [103.9537, 21.7464], [103.9532, 21.7413], [103.948, 21.7439], [103.9421, 21.7434], [103.9383, 21.7387], [103.9311, 21.7436], [103.9213, 21.7389], [103.9156, 21.7348], [103.9182, 21.7281], [103.9161, 21.7198], [103.9121, 21.7166], [103.9162, 21.7116], [103.92, 21.7099], [103.9228, 21.7035], [103.9221, 21.7006]]]}, "properties": {"province_id": "lao_cai", "name": "Lào Cai", "population": 1770645, "area_km2": 13256.4}}, {"type": "Feature", "geometry": {"type": "MultiPolygon", "coordinates": [[[[105.7627, 18.7631], [105.7567, 18.7703], [105.7332, 18.7958], [105.7248, 18.808], [105.7207, 18.8165], [105.7171, 18.8261], [105.7201, 18.8346], [105.717, 18.8376], [105.7129, 18.8469], [105.7032, 18.8548], [105.7003, 18.8636], [105.695, 18.8643], [105.691, 18.8739], [105.6852, 18.8768], [105.6812, 18.8746], [105.6771, 18.8768], [105.6755, 18.8806], [105.6672, 18.8804], [105.6616, 18.8893], [105.6568, 18.8853], [105.6504, 18.8881], [105.65, 18.8918], [105.6372, 18.8972], [105.6283, 18.922], [105.6222, 18.9462], [105.6182, 18.9775], [105.6155, 18.9808], [105.6159, 18.9852], [105.6187, 18.9903], [105.6202, 19.0133], [105.6225, 19.0266], [105.6274, 19.0407], [105.6405, 19.0667], [105.6475, 19.0777], [105.6529, 19.084], [105.6633, 19.0925], [105.6738, 19.0975], [105.6815, 19.0942], [105.6867, 19.0894], [105.6882, 19.0861], [105.6932, 19.0831], [105.6973, 19.0882], [105.7025, 19.0906], [105.7123, 19.0976], [105.718, 19.097], [105.7256, 19.103], [105.7304, 19.1014], [105.7369, 19.103], [105.731, 19.1161], [105.7296, 19.1404], [105.7307, 19.1555], [105.7321, 19.1578], [105.7312, 19.1646], [105.7331, 19.1653], [105.7309, 19.1751], [105.7314, 19.1857], [105.7328, 19.1974], [105.7355, 19.2106], [105.7396, 19.2213], [105.7496, 19.2301], [105.7584, 19.2326], [105.758, 19.228], [105.7664, 19.2275], [105.7712, 19.2337], [105.7718, 19.2402], [105.7748, 19.2553], [105.7786, 19.2673], [105.7844, 19.2748], [105.7907, 19.2756], [105.795, 19.2715], [105.8017, 19.276], [105.8034, 19.286], [105.8054, 19.2867], [105.8011, 19.302], [105.7903, 19.2974], [105.783, 19.2962], [105.7682, 19.2921], [105.7654, 19.2929], [105.7637, 19.2975], [105.7606, 19.2982], [105.7557, 19.3068], [105.7521, 19.3016], [105.7494, 19.3023], [105.7447, 19.3087], [105.7418, 19.3156], [105.7418, 19.3235], [105.7366, 19.3181], [105.7332, 19.3182], [105.73, 19.3145], [105.7195, 19.3091], [105.715, 19.3031], [105.7039, 19.3032], [105.6939, 19.3042], [105.6893, 19.3006], [105.6837, 19.3045], [105.6806, 19.3106], [105.6755, 19.3156], [105.6771, 19.3207], [105.6752, 19.3226], [105.6644, 19.3139], [105.6635, 19.3191], [105.6679, 19.3402], [105.6616, 19.3426], [105.6556, 19.3426], [105.6535, 19.3465], [105.6528, 19.3532], [105.6423, 19.3534], [105.6429, 19.357], [105.6396, 19.3609], [105.6377, 19.367], [105.6318, 19.366], [105.6301, 19.3701], [105.6284, 19.38], [105.6203, 19.3825], [105.6124, 19.3746], [105.6125, 19.3708], [105.6094, 19.3685], [105.6, 19.3715], [105.5972, 19.3696], [105.5907, 19.3704], [105.5824, 19.3803], [105.583, 19.3898], [105.5779, 19.396], [105.57, 19.4], [105.5666, 19.4031], [105.5606, 19.4142], [105.5502, 19.427], [105.5442, 19.4335], [105.5408, 19.4404], [105.5414, 19.4452], [105.5384, 19.4555], [105.5353, 19.456], [105.5251, 19.4641], [105.5219, 19.4647], [105.5178, 19.4615], [105.5134, 19.4637], [105.5081, 19.4621], [105.5004, 19.4618], [105.4925, 19.4563], [105.4922, 19.4519], [105.4897, 19.4502], [105.4811, 19.449], [105.4753, 19.4514], [105.4692, 19.4557], [105.4627, 19.4538], [105.4544, 19.444], [105.4449, 19.4414], [105.4361, 19.4515], [105.429, 19.4553], [105.418, 19.4558], [105.4157, 19.4595], [105.4124, 19.4591], [105.4066, 19.452], [105.4024, 19.4489], [105.3893, 19.4563], [105.3915, 19.4656], [105.3907, 19.4681], [105.3846, 19.4758], [105.3836, 19.4792], [105.3686, 19.4982], [105.3592, 19.5075], [105.363, 19.5111], [105.3645, 19.5166], [105.3627, 19.5251], [105.3591, 19.5306], [105.3562, 19.5318], [105.3574, 19.5402], [105.3512, 19.5435], [105.3451, 19.5425], [105.3402, 19.5354], [105.3394, 19.531], [105.3354, 19.5323], [105.3322, 19.5284], [105.3315, 19.5222], [105.3263, 19.5194], [105.3254, 19.512], [105.3206, 19.5061], [105.316, 19.5057], [105.3132, 19.5005], [105.3097, 19.4994], [105.3105, 19.4949], [105.3086, 19.4893], [105.3008, 19.4871], [105.2988, 19.4807], [105.2943, 19.4794], [105.2912, 19.483], [105.2898, 19.4913], [105.2826, 19.4938], [105.2774, 19.4943], [105.2802, 19.5044], [105.2716, 19.5078], [105.275, 19.5182], [105.2697, 19.5215], [105.2701, 19.5254], [105.2675, 19.5296], [105.2721, 19.538], [105.2714, 19.5412], [105.2737, 19.5508], [105.2712, 19.5555], [105.2749, 19.5611], [105.2811, 19.5635], [105.2819, 19.5745], [105.2784, 19.5791], [105.2792, 19.5826], [105.2767, 19.59], [105.2815, 19.5945], [105.282, 19.6038], [105.2785, 19.6062], [105.2693, 19.6072], [105.2723, 19.6109], [105.2663, 19.6166], [105.2667, 19.6239], [105.2614, 19.629], [105.2611, 19.6384], [105.2577, 19.64], [105.2556, 19.6443], [105.2461, 19.6566], [105.2427, 19.6568], [105.2381, 19.6538], [105.2378, 19.6482], [105.2345, 19.6448], [105.2314, 19.6472], [105.2238, 19.6483], [105.2152, 19.6555], [105.2113, 19.6618], [105.199, 19.6683], [105.1957, 19.6713], [105.1903, 19.6732], [105.1789, 19.6798], [105.1694, 19.68], [105.164, 19.6853], [105.1644, 19.6989], [105.1606, 19.6997], [105.1581, 19.7041], [105.1534, 19.7075], [105.1547, 19.7108], [105.1612, 19.7165], [105.1626, 19.7225], [105.1559, 19.7234], [105.1501, 19.7276], [105.1479, 19.732], [105.1426, 19.7362], [105.1395, 19.7367], [105.1335, 19.7431], [105.1362, 19.7484], [105.1357, 19.7555], [105.133, 19.7603], [105.1375, 19.765], [105.1348, 19.7706], [105.1347, 19.7743], [105.1308, 19.7782], [105.1326, 19.7859], [105.1279, 19.801], [105.1318, 19.8066], [105.1301, 19.8164], [105.1333, 19.8207], [105.1325, 19.8268], [105.1414, 19.8302], [105.1453, 19.8346], [105.1478, 19.8505], [105.1521, 19.8559], [105.1609, 19.854], [105.1659, 19.8559], [105.179, 19.8549], [105.1867, 19.8585], [105.1883, 19.8618], [105.1884, 19.8675], [105.1843, 19.8718], [105.1843, 19.8774], [105.1785, 19.8822], [105.1767, 19.8962], [105.1711, 19.9015], [105.1688, 19.914], [105.1602, 19.9204], [105.1559, 19.922], [105.1456, 19.9207], [105.1361, 19.923], [105.1344, 19.9204], [105.1226, 19.9261], [105.1194, 19.9313], [105.1129, 19.931], [105.1056, 19.9359], [105.1011, 19.9345], [105.0935, 19.9382], [105.0874, 19.9352], [105.0842, 19.9365], [105.0793, 19.9339], [105.0722, 19.9335], [105.0572, 19.9302], [105.0509, 19.9321], [105.0434, 19.9396], [105.0393, 19.9411], [105.0363, 19.939], [105.0338, 19.9428], [105.0267, 19.9443], [105.0186, 19.9513], [105.0132, 19.9525], [105.0031, 19.9508], [104.999, 19.9551], [104.999, 19.9616], [104.9816, 19.9712], [104.9765, 19.976], [104.968, 19.9739], [104.9649, 19.9753], [104.9619, 19.9891], [104.9584, 19.9926], [104.955, 19.9909], [104.9444, 19.9884], [104.9401, 19.9894], [104.9359, 19.9878], [104.9237, 19.9899], [104.9201, 19.996], [104.9146, 19.99], [104.9113, 19.9886], [104.9091, 19.9828], [104.9098, 19.977], [104.9044, 19.9684], [104.8984, 19.9629], [104.8935, 19.9568], [104.8862, 19.9517], [104.8794, 19.9515], [104.8677, 19.946], [104.8635, 19.9449], [104.8567, 19.9397], [104.856, 19.9368], [104.8504, 19.9334], [104.8425, 19.9246], [104.8412, 19.9169], [104.8494, 19.9111], [104.8457, 19.9064], [104.8451, 19.897], [104.8416, 19.8932], [104.843, 19.8896], [104.8414, 19.8862], [104.847, 19.8789], [104.8473, 19.8756], [104.8508, 19.872], [104.8463, 19.8661], [104.8453, 19.8619], [104.842, 19.8613], [104.8347, 19.8567], [104.8336, 19.8531], [104.8393, 19.8494], [104.8422, 19.8498], [104.848, 19.8417], [104.847, 19.8362], [104.8431, 19.8347], [104.8369, 19.8273], [104.837, 19.8205], [104.8345, 19.8134], [104.8387, 19.8089], [104.838, 19.8017], [104.836, 19.7952], [104.8318, 19.7905], [104.8271, 19.7875], [104.8178, 19.7842], [104.8141, 19.7871], [104.8025, 19.7861], [104.799, 19.7907], [104.7935, 19.7871], [104.7835, 19.7843], [104.7761, 19.776], [104.7708, 19.7745], [104.7631, 19.7758], [104.7685, 19.7648], [104.7578, 19.7568], [104.757, 19.7498], [104.7539, 19.7512], [104.7453, 19.7509], [104.7404, 19.749], [104.7374, 19.7501], [104.7321, 19.7558], [104.7232, 19.7552], [104.7166, 19.7474], [104.7087, 19.7426], [104.7075, 19.7395], [104.7009, 19.737], [104.7, 19.7312], [104.6943, 19.7229], [104.69, 19.7238], [104.6845, 19.7216], [104.684, 19.7179], [104.671, 19.7047], [104.6631, 19.7028], [104.6633, 19.7], [104.6677, 19.6912], [104.6707, 19.6875], [104.671, 19.6833], [104.6659, 19.68], [104.6658, 19.6762], [104.66, 19.6728], [104.6605, 19.6597], [104.6508, 19.659], [104.646, 19.6552], [104.6484, 19.648], [104.6524, 19.6435], [104.6533, 19.6364], [104.6495, 19.6259], [104.6417, 19.6219], [104.6355, 19.6223], [104.6294, 19.6277], [104.6194, 19.6278], [104.6123, 19.6343], [104.6095, 19.6318], [104.6044, 19.6328], [104.6005, 19.6291], [104.5907, 19.6307], [104.5791, 19.6261], [104.5727, 19.6199], [104.572, 19.6151], [104.5694, 19.6134], [104.558, 19.6122], [104.5477, 19.6188], [104.5376, 19.6121], [104.5318, 19.6142], [104.5261, 19.6133], [104.5239, 19.6175], [104.5185, 19.6181], [104.5125, 19.6223], [104.5075, 19.6216], [104.5053, 19.6314], [104.4989, 19.6364], [104.4987, 19.6407], [104.4955, 19.6427], [104.4949, 19.65], [104.4909, 19.6535], [104.4827, 19.6531], [104.4775, 19.6553], [104.4736, 19.6513], [104.4648, 19.6489], [104.4517, 19.6533], [104.4462, 19.6612], [104.4488, 19.6698], [104.4457, 19.6721], [104.4357, 19.6726], [104.4312, 19.6713], [104.4257, 19.6737], [104.4265, 19.6767], [104.4219, 19.6799], [104.4233, 19.6894], [104.4198, 19.6931], [104.4236, 19.6991], [104.4159, 19.7065], [104.4037, 19.7044], [104.4042, 19.6997], [104.3983, 19.6966], [104.3881, 19.6997], [104.3806, 19.6953], [104.3688, 19.6962], [104.3614, 19.6913], [104.3554, 19.6929], [104.3489, 19.6909], [104.343, 19.6866], [104.342, 19.6819], [104.3386, 19.6769], [104.3277, 19.6724], [104.32, 19.6672], [104.3185, 19.6727], [104.3223, 19.6804], [104.3208, 19.6867], [104.3145, 19.692], [104.3082, 19.6944], [104.3048, 19.6973], [104.3005, 19.6975], [104.2896, 19.6944], [104.2716, 19.6962], [104.2671, 19.6984], [104.2636, 19.7033], [104.2542, 19.7029], [104.2493, 19.7051], [104.2435, 19.7047], [104.2363, 19.7075], [104.2296, 19.7056], [104.2239, 19.7057], [104.2147, 19.703], [104.2103, 19.7033], [104.1997, 19.6925], [104.1947, 19.695], [104.18, 19.6928], [104.1762, 19.6879], [104.1741, 19.692], [104.1692, 19.693], [104.1647, 19.6964], [104.1602, 19.6945], [104.1564, 19.6851], [104.1581, 19.6735], [104.153, 19.6664], [104.1469, 19.6655], [104.1413, 19.6628], [104.1348, 19.6613], [104.1306, 19.6626], [104.1187, 19.6604], [104.1115, 19.6602], [104.0996, 19.6649], [104.0928, 19.6654], [104.0873, 19.6697], [104.0765, 19.6803], [104.0709, 19.6822], [104.0734, 19.6759], [104.0714, 19.6693], [104.0648, 19.6581], [104.0575, 19.6515], [104.0583, 19.6481], [104.0656, 19.6431], [104.0685, 19.6358], [104.0647, 19.6321], [104.0613, 19.6246], [104.0603, 19.6199], [104.0625, 19.616], [104.0623, 19.6115], [104.0724, 19.6046], [104.0729, 19.6], [104.0852, 19.584], [104.0857, 19.5818], [104.0972, 19.5771], [104.1078, 19.5686], [104.1054, 19.5654], [104.1054, 19.554], [104.1066, 19.5468], [104.1099, 19.5413], [104.1091, 19.531], [104.1071, 19.5255], [104.1041, 19.5238], [104.1074, 19.5175], [104.1109, 19.5158], [104.1152, 19.5093], [104.123, 19.5036], [104.1222, 19.5007], [104.1175, 19.4992], [104.1151, 19.4922], [104.1072, 19.4885], [104.098, 19.4925], [104.0927, 19.4887], [104.0855, 19.4796], [104.0858, 19.4667], [104.0816, 19.4666], [104.0804, 19.4632], [104.0697, 19.4546], [104.0674, 19.4508], [104.0751, 19.4508], [104.0756, 19.4465], [104.0732, 19.443], [104.0719, 19.4335], [104.0726, 19.4303], [104.0718, 19.4188], [104.0703, 19.4158], [104.064, 19.416], [104.0535, 19.4189], [104.0518, 19.4252], [104.0415, 19.4205], [104.0367, 19.4196], [104.0306, 19.4145], [104.0227, 19.4156], [104.0193, 19.4071], [104.0163, 19.4074], [104.0141, 19.4021], [104.0056, 19.4024], [103.9974, 19.4053], [103.9919, 19.4047], [103.99, 19.4007], [103.9763, 19.3985], [103.9725, 19.3921], [103.9672, 19.3909], [103.9585, 19.3844], [103.9572, 19.3817], [103.9614, 19.3756], [103.96, 19.3697], [103.9557, 19.3639], [103.9522, 19.3635], [103.953, 19.3584], [103.9489, 19.3567], [103.9367, 19.3474], [103.929, 19.3437], [103.9189, 19.3414], [103.9164, 19.3354], [103.9075, 19.3297], [103.8949, 19.3309], [103.8874, 19.3262], [103.8839, 19.3257], [103.8813, 19.321], [103.8756, 19.3181], [103.8746, 19.3109], [103.8766, 19.3054], [103.8839, 19.3037], [103.8872, 19.3], [103.8915, 19.3021], [103.8926, 19.3061], [103.9001, 19.3088], [103.9088, 19.306], [103.9177, 19.3014], [103.9168, 19.2968], [103.9221, 19.2914], [103.9248, 19.2842], [103.9467, 19.2667], [103.9578, 19.255], [103.9685, 19.2473], [103.976, 19.244], [103.9817, 19.244], [103.993, 19.2391], [103.9977, 19.2333], [104.0025, 19.2293], [104.0104, 19.2342], [104.0194, 19.2369], [104.0283, 19.2367], [104.0365, 19.2402], [104.0438, 19.2403], [104.0533, 19.2427], [104.0605, 19.2404], [104.0699, 19.2467], [104.076, 19.2419], [104.0837, 19.2338], [104.0885, 19.2329], [104.0938, 19.2296], [104.0987, 19.2194], [104.1032, 19.213], [104.1077, 19.2187], [104.1129, 19.2233], [104.1163, 19.2216], [104.1219, 19.2156], [104.1265, 19.2077], [104.1303, 19.2043], [104.137, 19.205], [104.15, 19.1996], [104.1581, 19.1988], [104.164, 19.1993], [104.1731, 19.1971], [104.1813, 19.1981], [104.1882, 19.1905], [104.1908, 19.1851], [104.1939, 19.1822], [104.1956, 19.173], [104.1987, 19.1636], [104.2014, 19.1611], [104.2134, 19.1603], [104.2235, 19.1568], [104.2261, 19.153], [104.226, 19.1473], [104.22, 19.1425], [104.2196, 19.1315], [104.2177, 19.1267], [104.213, 19.1229], [104.2147, 19.1197], [104.2222, 19.1159], [104.2332, 19.1121], [104.2412, 19.1145], [104.2476, 19.1127], [104.2502, 19.1102], [104.2592, 19.1156], [104.2661, 19.1169], [104.2712, 19.1196], [104.2815, 19.1198], [104.2902, 19.1168], [104.2953, 19.1119], [104.3004, 19.1133], [104.3047, 19.1045], [104.3067, 19.0925], [104.3126, 19.0878], [104.3174, 19.0878], [104.3273, 19.0819], [104.3308, 19.0808], [104.3384, 19.0757], [104.3437, 19.076], [104.3538, 19.0707], [104.3581, 19.0726], [104.3668, 19.0741], [104.3823, 19.0632], [104.3849, 19.0598], [104.39, 19.0605], [104.4002, 19.0572], [104.4038, 19.0511], [104.4011, 19.0484], [104.4026, 19.0411], [104.4019, 19.0373], [104.4058, 19.0362], [104.4084, 19.0327], [104.4162, 19.0268], [104.4206, 19.0198], [104.4264, 19.0155], [104.4227, 19.0063], [104.4268, 19.0045], [104.4311, 19.0049], [104.437, 18.997], [104.446, 18.9928], [104.4483, 18.9859], [104.4542, 18.9853], [104.4576, 18.9892], [104.4619, 18.9913], [104.4713, 18.9876], [104.4752, 18.9915], [104.4766, 18.9983], [104.48, 18.9992], [104.4817, 19.004], [104.4848, 19.0053], [104.4885, 19.0025], [104.4972, 19.0039], [104.5018, 18.9986], [104.5058, 18.9973], [104.5051, 18.993], [104.5089, 18.9858], [104.5126, 18.9817], [104.5174, 18.982], [104.5207, 18.9801], [104.5295, 18.9856], [104.5362, 18.981], [104.544, 18.9726], [104.545, 18.9668], [104.5444, 18.9602], [104.5459, 18.9539], [104.5509, 18.9479], [104.5545, 18.9464], [104.5571, 18.941], [104.5615, 18.94], [104.5647, 18.9345], [104.5666, 18.926], [104.5724, 18.9204], [104.5723, 18.9156], [104.5783, 18.9108], [104.5782, 18.9038], [104.5796, 18.9012], [104.5869, 18.9038], [104.5937, 18.9014], [104.5991, 18.897], [104.6043, 18.8964], [104.6088, 18.8931], [104.6164, 18.894], [104.6231, 18.8896], [104.6288, 18.8873], [104.6272, 18.8792], [104.6338, 18.874], [104.6366, 18.8695], [104.646, 18.8684], [104.6542, 18.865], [104.659, 18.8587], [104.663, 18.8575], [104.6693, 18.8525], [104.669, 18.8456], [104.6732, 18.8429], [104.6755, 18.8384], [104.6819, 18.8375], [104.6854, 18.835], [104.6894, 18.8352], [104.6988, 18.8401], [104.7061, 18.836], [104.7148, 18.8397], [104.7147, 18.8298], [104.7196, 18.8272], [104.7197, 18.8207], [104.7224, 18.8176], [104.7264, 18.8184], [104.7348, 18.8159], [104.7364, 18.8079], [104.7397, 18.8005], [104.748, 18.8007], [104.7519, 18.7997], [104.7584, 18.7948], [104.7634, 18.7982], [104.7715, 18.7989], [104.7774, 18.802], [104.7844, 18.8022], [104.7878, 18.7967], [104.7888, 18.7906], [104.7935, 18.7877], [104.7948, 18.7842], [104.8037, 18.782], [104.8163, 18.7822], [104.8317, 18.7856], [104.8413, 18.7854], [104.8465, 18.7833], [104.8517, 18.7769], [104.8568, 18.7743], [104.8629, 18.7812], [104.8692, 18.7808], [104.8727, 18.7865], [104.8814, 18.7847], [104.8861, 18.786], [104.8923, 18.7838], [104.8972, 18.7873], [104.9094, 18.7868], [104.9107, 18.7899], [104.9157, 18.7891], [104.9166, 18.7862], [104.9237, 18.7863], [104.9268, 18.7796], [104.9382, 18.7734], [104.939, 18.7703], [104.9378, 18.7605], [104.9355, 18.7575], [104.9388, 18.7542], [104.9413, 18.7462], [104.941, 18.741], [104.9429, 18.7384], [104.9505, 18.7405], [104.9594, 18.7396], [104.9632, 18.7421], [104.9711, 18.7425], [104.9829, 18.7388], [104.9861, 18.743], [104.9931, 18.7434], [104.9968, 18.737], [105.0103, 18.7423], [105.0202, 18.7418], [105.017, 18.739], [105.0162, 18.7351], [105.0203, 18.7307], [105.0273, 18.7295], [105.0421, 18.7245], [105.0514, 18.7292], [105.0601, 18.7236], [105.0543, 18.7174], [105.0509, 18.7064], [105.0596, 18.7063], [105.0668, 18.7082], [105.0731, 18.7033], [105.0839, 18.7086], [105.0929, 18.7044], [105.1061, 18.7037], [105.1085, 18.7089], [105.1161, 18.7138], [105.1227, 18.7112], [105.1337, 18.7148], [105.1378, 18.7061], [105.1455, 18.7016], [105.1388, 18.6973], [105.1375, 18.6938], [105.1396, 18.6898], [105.136, 18.6868], [105.1413, 18.6788], [105.1461, 18.677], [105.1504, 18.6788], [105.1539, 18.6773], [105.1612, 18.6697], [105.1616, 18.667], [105.1666, 18.6613], [105.1675, 18.6578], [105.1717, 18.6569], [105.175, 18.6588], [105.1834, 18.6575], [105.1898, 18.6462], [105.1947, 18.6481], [105.1987, 18.6396], [105.1925, 18.6326], [105.1915, 18.6224], [105.1955, 18.6185], [105.1915, 18.6132], [105.1928, 18.6078], [105.1883, 18.6019], [105.1911, 18.6], [105.1966, 18.6017], [105.2016, 18.599], [105.2121, 18.5993], [105.2211, 18.5968], [105.2281, 18.5924], [105.2326, 18.594], [105.2409, 18.6044], [105.2533, 18.611], [105.2581, 18.6155], [105.2628, 18.6178], [105.2701, 18.6183], [105.2735, 18.622], [105.2833, 18.6234], [105.2893, 18.6197], [105.2956, 18.6219], [105.3021, 18.6135], [105.3059, 18.6068], [105.3218, 18.6036], [105.324, 18.6019], [105.3302, 18.6018], [105.3339, 18.5957], [105.3387, 18.5904], [105.3431, 18.5906], [105.3492, 18.5875], [105.3549, 18.5861], [105.3597, 18.5815], [105.3684, 18.5801], [105.3723, 18.5809], [105.3772, 18.5784], [105.3831, 18.5806], [105.3898, 18.5809], [105.3976, 18.5799], [105.3988, 18.5833], [105.407, 18.5864], [105.4093, 18.5843], [105.4176, 18.5906], [105.4209, 18.5859], [105.4247, 18.5885], [105.4278, 18.5872], [105.4348, 18.5875], [105.4431, 18.5996], [105.4508, 18.6015], [105.4594, 18.6011], [105.465, 18.6052], [105.4765, 18.6076], [105.4765, 18.614], [105.4866, 18.6125], [105.492, 18.6106], [105.5018, 18.6109], [105.5064, 18.6085], [105.5086, 18.6032], [105.5155, 18.5986], [105.5158, 18.5909], [105.5185, 18.5837], [105.5265, 18.5761], [105.5303, 18.5673], [105.5311, 18.5608], [105.5386, 18.5586], [105.5413, 18.5552], [105.5463, 18.5524], [105.552, 18.557], [105.5589, 18.5591], [105.5726, 18.5605], [105.5832, 18.5587], [105.5897, 18.5727], [105.5937, 18.5722], [105.5977, 18.5755], [105.6062, 18.577], [105.6163, 18.5773], [105.6205, 18.5703], [105.6264, 18.5695], [105.6316, 18.5705], [105.6311, 18.5665], [105.6257, 18.5655], [105.6262, 18.5627], [105.6353, 18.5636], [105.6413, 18.5688], [105.6498, 18.5784], [105.6632, 18.5849], [105.6703, 18.5829], [105.6761, 18.5784], [105.6802, 18.5791], [105.6832, 18.5825], [105.6896, 18.5956], [105.6892, 18.6049], [105.6901, 18.6128], [105.6887, 18.6207], [105.6912, 18.6295], [105.6933, 18.6329], [105.7034, 18.6346], [105.7059, 18.638], [105.7112, 18.6531], [105.7123, 18.6611], [105.7163, 18.6676], [105.7213, 18.6712], [105.7262, 18.6727], [105.7319, 18.672], [105.7441, 18.6681], [105.7543, 18.6683], [105.7637, 18.6708], [105.7688, 18.6767], [105.7682, 18.6841], [105.7657, 18.6908], [105.761, 18.697], [105.7562, 18.7066], [105.7541, 18.7145], [105.7492, 18.7268], [105.745, 18.7338], [105.7418, 18.7428], [105.7421, 18.7469], [105.7475, 18.7539], [105.7627, 18.7631]]], [[[105.764, 18.846], [105.7585, 18.8448], [105.7581, 18.8415], [105.7681, 18.842], [105.764, 18.846]]]]}, "properties": {"province_id": "nghe_an", "name": "Nghệ An", "population": 3831694, "area_km2": 16487}}, {"type": "Feature", "geometry": {"type": "Polygon", "coordinates": [[[105.769, 20.5645], [105.772, 20.5526], [105.7746, 20.5478], [105.7827, 20.5397], [105.7894, 20.5245], [105.7915, 20.5216], [105.7949, 20.5115], [105.8001, 20.5133], [105.8031, 20.5083], [105.8033, 20.5038], [105.8063, 20.4994], [105.8103, 20.4992], [105.8134, 20.5032], [105.819, 20.506], [105.8189, 20.4992], [105.8204, 20.4937], [105.8251, 20.4886], [105.8293, 20.4877], [105.8357, 20.484], [105.838, 20.4804], [105.8434, 20.4783], [105.8524, 20.4781], [105.8516, 20.4653], [105.8528, 20.4461], [105.8541, 20.434], [105.8574, 20.4265], [105.8487, 20.4261], [105.8437, 20.4207], [105.8305, 20.4201], [105.8247, 20.4176], [105.8198, 20.423], [105.8132, 20.4256], [105.8081, 20.4291], [105.8003, 20.4375], [105.794, 20.4469], [105.7922, 20.4541], [105.7874, 20.4532], [105.7887, 20.4477], [105.7824, 20.4365], [105.7756, 20.4375], [105.7728, 20.4426], [105.7627, 20.44], [105.7577, 20.4417], [105.7517, 20.4389], [105.7535, 20.4293], [105.7568, 20.4176], [105.7591, 20.4145], [105.7529, 20.4133], [105.7521, 20.4072], [105.7566, 20.3976], [105.7546, 20.3885], [105.7574, 20.387], [105.7597, 20.3781], [105.7564, 20.371], [105.7567, 20.3672], [105.7465, 20.3666], [105.7451, 20.3715], [105.7462, 20.382], [105.7414, 20.3843], [105.7309, 20.3855], [105.7303, 20.3916], [105.732, 20.3974], [105.7279, 20.3995], [105.7194, 20.4074], [105.7116, 20.4083], [105.7055, 20.4119], [105.7008, 20.4099], [105.6972, 20.4119], [105.686, 20.411], [105.6852, 20.4064], [105.6884, 20.4025], [105.695, 20.4024], [105.6975, 20.3973], [105.6946, 20.3877], [105.7009, 20.3806], [105.7049, 20.3784], [105.7041, 20.3744], [105.7129, 20.3649], [105.7104, 20.3599], [105.7145, 20.3575], [105.7186, 20.3521], [105.7193, 20.3486], [105.7251, 20.3416], [105.7299, 20.3388], [105.7291, 20.3354], [105.7238, 20.3291], [105.7016, 20.3212], [105.6955, 20.3118], [105.6861, 20.3052], [105.6757, 20.3064], [105.6696, 20.3098], [105.6608, 20.3202], [105.6502, 20.3275], [105.6428, 20.3383], [105.6401, 20.3387], [105.6351, 20.3437], [105.6278, 20.3467], [105.6194, 20.3485], [105.6139, 20.352], [105.6055, 20.3607], [105.5991, 20.364], [105.5933, 20.3649], [105.581, 20.3699], [105.571, 20.3595], [105.5628, 20.3578], [105.5562, 20.3585], [105.554, 20.3605], [105.5427, 20.3621], [105.5454, 20.3518], [105.5497, 20.347], [105.55, 20.3385], [105.5486, 20.3348], [105.5526, 20.3288], [105.5578, 20.3295], [105.565, 20.3246], [105.5627, 20.3182], [105.566, 20.3159], [105.5708, 20.3183], [105.5791, 20.3119], [105.5864, 20.3118], [105.5938, 20.314], [105.5998, 20.3119], [105.6038, 20.3081], [105.6088, 20.2987], [105.6128, 20.2891], [105.6208, 20.2819], [105.6354, 20.2776], [105.6408, 20.2778], [105.6496, 20.274], [105.6703, 20.2538], [105.669, 20.2506], [105.6717, 20.2474], [105.6791, 20.2466], [105.6788, 20.2419], [105.6828, 20.2353], [105.6897, 20.2316], [105.6939, 20.2309], [105.6958, 20.2252], [105.693, 20.2213], [105.7009, 20.218], [105.7051, 20.2144], [105.7161, 20.2083], [105.7257, 20.2011], [105.7307, 20.1993], [105.7327, 20.195], [105.7377, 20.194], [105.7423, 20.1874], [105.7408, 20.1852], [105.7583, 20.1789], [105.7707, 20.1762], [105.7736, 20.1769], [105.7771, 20.172], [105.7853, 20.1703], [105.7934, 20.17], [105.8014, 20.1633], [105.8063, 20.1613], [105.8082, 20.1583], [105.8158, 20.1558], [105.8183, 20.1535], [105.8316, 20.1511], [105.8349, 20.1435], [105.8442, 20.1421], [105.8527, 20.1384], [105.8602, 20.1335], [105.8685, 20.125], [105.8753, 20.1225], [105.8783, 20.1235], [105.8847, 20.1195], [105.8917, 20.1196], [105.8961, 20.1174], [105.9075, 20.1068], [105.9113, 20.1048], [105.9171, 20.1057], [105.9249, 20.1008], [105.9301, 20.0906], [105.9415, 20.0823], [105.947, 20.0746], [105.9521, 20.0741], [105.9586, 20.0671], [105.9624, 20.0659], [105.9749, 20.0661], [105.9827, 20.0683], [105.9926, 20.0687], [105.9998, 20.0668], [106.0083, 20.0663], [106.0136, 20.0649], [106.0175, 20.0601], [106.0233, 20.059], [106.0322, 20.0608], [106.0355, 20.0598], [106.0395, 20.0618], [106.0718, 20.0666], [106.0759, 20.0628], [106.0735, 20.0513], [106.0661, 20.0373], [106.0662, 20.0332], [106.0613, 20.0182], [106.0543, 20.0068], [106.0504, 20.0029], [106.0454, 20.001], [106.0389, 20.0012], [106.0323, 19.9991], [106.026, 19.9907], [106.024, 19.9819], [106.0244, 19.9755], [106.0299, 19.9758], [106.0304, 19.973], [106.057, 19.9478], [106.0674, 19.9374], [106.0753, 19.9359], [106.0807, 19.9399], [106.0882, 19.9565], [106.0908, 19.9641], [106.095, 19.9645], [106.096, 19.9571], [106.1061, 19.9576], [106.1392, 19.9679], [106.1394, 19.9789], [106.154, 19.9788], [106.1741, 19.9896], [106.1767, 19.9929], [106.1815, 19.9859], [106.1975, 20.0058], [106.2047, 20.009], [106.2227, 20.0279], [106.2298, 20.0375], [106.2349, 20.0424], [106.2492, 20.0597], [106.2576, 20.0665], [106.2624, 20.0736], [106.2707, 20.0824], [106.2781, 20.0892], [106.289, 20.1032], [106.3002, 20.1125], [106.3104, 20.1239], [106.3159, 20.131], [106.3229, 20.1378], [106.3247, 20.1424], [106.3338, 20.1485], [106.3526, 20.1683], [106.3572, 20.174], [106.358, 20.1789], [106.3656, 20.1812], [106.3848, 20.1918], [106.3866, 20.1959], [106.3922, 20.1973], [106.3992, 20.2012], [106.4047, 20.2022], [106.4131, 20.2067], [106.4212, 20.2064], [106.4299, 20.2081], [106.4378, 20.2129], [106.4417, 20.2129], [106.4549, 20.2152], [106.4798, 20.2176], [106.4843, 20.2208], [106.4945, 20.2191], [106.5, 20.2202], [106.5135, 20.2272], [106.5196, 20.228], [106.5284, 20.2211], [106.5368, 20.2252], [106.5445, 20.2215], [106.5448, 20.2133], [106.5486, 20.2132], [106.5527, 20.2094], [106.5523, 20.2029], [106.5557, 20.204], [106.5616, 20.2032], [106.5822, 20.2167], [106.5848, 20.2246], [106.5849, 20.2324], [106.5926, 20.2403], [106.5799, 20.2642], [106.5676, 20.2753], [106.554, 20.29], [106.5393, 20.3028], [106.5321, 20.3127], [106.5271, 20.3163], [106.5236, 20.3155], [106.513, 20.3091], [106.5019, 20.3091], [106.4956, 20.3069], [106.4882, 20.2975], [106.4829, 20.2938], [106.474, 20.2906], [106.4606, 20.2891], [106.4508, 20.2908], [106.4373, 20.2961], [106.43, 20.3017], [106.4188, 20.3148], [106.4072, 20.3317], [106.3964, 20.34], [106.3888, 20.3439], [106.3721, 20.345], [106.3653, 20.3477], [106.3562, 20.3535], [106.3492, 20.3623], [106.3424, 20.3759], [106.3363, 20.3767], [106.3322, 20.3732], [106.3213, 20.3612], [106.308, 20.3523], [106.2977, 20.3421], [106.2808, 20.3308], [106.272, 20.3269], [106.2625, 20.3275], [106.257, 20.3319], [106.2524, 20.342], [106.2521, 20.3484], [106.2542, 20.3559], [106.2609, 20.3631], [106.2742, 20.3721], [106.2828, 20.3788], [106.2855, 20.3833], [106.2866, 20.3893], [106.2837, 20.3985], [106.2796, 20.4027], [106.2752, 20.4045], [106.2586, 20.4064], [106.2407, 20.4055], [106.2324, 20.4066], [106.223, 20.4095], [106.2178, 20.4127], [106.2108, 20.4218], [106.21, 20.4293], [106.2119, 20.4332], [106.2207, 20.4462], [106.2251, 20.4577], [106.2255, 20.4677], [106.2194, 20.475], [106.2113, 20.4782], [106.2007, 20.4796], [106.1915, 20.4795], [106.1833, 20.4849], [106.1784, 20.4955], [106.1794, 20.512], [106.1775, 20.5275], [106.1731, 20.5466], [106.1694, 20.5548], [106.1619, 20.5635], [106.1578, 20.5651], [106.137, 20.5707], [106.1333, 20.5732], [106.1295, 20.5811], [106.1292, 20.5949], [106.1256, 20.6025], [106.1151, 20.6133], [106.1087, 20.6174], [106.1028, 20.6183], [106.0965, 20.616], [106.0877, 20.6108], [106.0829, 20.6059], [106.0766, 20.6031], [106.0651, 20.6049], [106.0541, 20.6116], [106.0386, 20.6279], [106.0324, 20.6403], [106.0321, 20.648], [106.0372, 20.6637], [106.0371, 20.6762], [106.0346, 20.6819], [106.0243, 20.6964], [106.0107, 20.7026], [106.0033, 20.7038], [106.0028, 20.7015], [105.9958, 20.6975], [105.9979, 20.6923], [105.9907, 20.6893], [105.9945, 20.681], [105.9887, 20.6826], [105.9848, 20.6805], [105.9784, 20.6737], [105.9776, 20.6657], [105.9691, 20.6651], [105.96, 20.6607], [105.957, 20.6566], [105.958, 20.6508], [105.9452, 20.6551], [105.9434, 20.6632], [105.9468, 20.6682], [105.947, 20.6762], [105.943, 20.6821], [105.9327, 20.6801], [105.9197, 20.6759], [105.9076, 20.6687], [105.9027, 20.6649], [105.8986, 20.6683], [105.8958, 20.6669], [105.8964, 20.6522], [105.8922, 20.6488], [105.8838, 20.6446], [105.8746, 20.6433], [105.868, 20.6453], [105.8601, 20.6447], [105.8526, 20.6481], [105.8476, 20.6553], [105.8437, 20.6548], [105.8408, 20.6592], [105.8325, 20.6623], [105.8223, 20.6645], [105.8187, 20.6605], [105.8278, 20.6519], [105.8326, 20.65], [105.8323, 20.6451], [105.8239, 20.6406], [105.8133, 20.6337], [105.8111, 20.6278], [105.8126, 20.6165], [105.8063, 20.6115], [105.8074, 20.6066], [105.8058, 20.6003], [105.8016, 20.5937], [105.8006, 20.5845], [105.7951, 20.5676], [105.7796, 20.5662], [105.7777, 20.5646], [105.769, 20.5645]]]}, "properties": {"province_id": "ninh_binh", "name": "Ninh Bình", "population": 4412264, "area_km2": 3821.4}}, {"type": "Feature", "geometry": {"type": "Polygon", "coordinates": [[[105.7846, 21.3596], [105.7752, 21.3607], [105.7747, 21.3676], [105.77, 21.3705], [105.7684, 21.3747], [105.7598, 21.3781], [105.7624, 21.3857], [105.7657, 21.3887], [105.7637, 21.3982], [105.7556, 21.4104], [105.7473, 21.4158], [105.7403, 21.415], [105.7342, 21.4102], [105.7296, 21.4089], [105.7209, 21.4159], [105.7241, 21.4216], [105.7246, 21.4321], [105.7213, 21.4325], [105.7152, 21.4299], [105.7123, 21.4307], [105.7071, 21.4359], [105.7045, 21.4407], [105.6975, 21.439], [105.6874, 21.4428], [105.6782, 21.4558], [105.6749, 21.4581], [105.6695, 21.4578], [105.6667, 21.4599], [105.6526, 21.4573], [105.6463, 21.4648], [105.644, 21.47], [105.6344, 21.4761], [105.6313, 21.4791], [105.6329, 21.4884], [105.6353, 21.4928], [105.6256, 21.4965], [105.6117, 21.5057], [105.6115, 21.5125], [105.6073, 21.5164], [105.6072, 21.5235], [105.6043, 21.5283], [105.5994, 21.5323], [105.5839, 21.5349], [105.5831, 21.54], [105.5778, 21.5437], [105.5699, 21.5521], [105.5629, 21.5584], [105.5607, 21.5639], [105.5557, 21.5709], [105.5509, 21.5726], [105.5456, 21.5722], [105.5425, 21.5738], [105.5395, 21.5705], [105.5375, 21.565], [105.5298, 21.5568], [105.5275, 21.5471], [105.525, 21.5447], [105.5229, 21.5376], [105.5188, 21.534], [105.5139, 21.5366], [105.5057, 21.5309], [105.505, 21.5282], [105.4974, 21.5252], [105.4937, 21.5284], [105.4909, 21.5204], [105.4848, 21.5178], [105.4734, 21.5237], [105.4725, 21.5199], [105.4634, 21.5163], [105.4572, 21.5174], [105.4561, 21.5114], [105.4445, 21.509], [105.4403, 21.5099], [105.4275, 21.5041], [105.4237, 21.4984], [105.4195, 21.5035], [105.4185, 21.5081], [105.411, 21.5129], [105.4061, 21.5119], [105.4014, 21.5137], [105.397, 21.5104], [105.389, 21.5121], [105.3873, 21.5188], [105.3809, 21.5228], [105.3699, 21.5246], [105.3638, 21.5223], [105.3618, 21.5196], [105.3542, 21.5181], [105.3487, 21.5194], [105.3438, 21.5179], [105.3436, 21.5151], [105.3381, 21.5121], [105.3371, 21.5044], [105.3325, 21.5046], [105.3252, 21.5073], [105.3202, 21.513], [105.3143, 21.5125], [105.3062, 21.5086], [105.3023, 21.5086], [105.2981, 21.5121], [105.2951, 21.5197], [105.295, 21.5237], [105.2977, 21.531], [105.2961, 21.5347], [105.29, 21.5393], [105.2809, 21.5422], [105.271, 21.5432], [105.2672, 21.5473], [105.2676, 21.5499], [105.2747, 21.5579], [105.2732, 21.5619], [105.2615, 21.5702], [105.2563, 21.5747], [105.2485, 21.5854], [105.247, 21.5954], [105.2447, 21.6001], [105.2514, 21.6048], [105.247, 21.616], [105.233, 21.6177], [105.2277, 21.6245], [105.2248, 21.6301], [105.2328, 21.6362], [105.2379, 21.6433], [105.2382, 21.6479], [105.235, 21.6585], [105.23, 21.66], [105.2221, 21.6601], [105.2164, 21.6623], [105.2085, 21.6611], [105.2019, 21.6643], [105.1993, 21.668], [105.1962, 21.6685], [105.1919, 21.677], [105.185, 21.6773], [105.1805, 21.6803], [105.1778, 21.6872], [105.1714, 21.6865], [105.1664, 21.6886], [105.1615, 21.686], [105.1566, 21.6859], [105.1508, 21.692], [105.1505, 21.6993], [105.132, 21.6973], [105.1272, 21.703], [105.1237, 21.7046], [105.1092, 21.7061], [105.1064, 21.7121], [105.1019, 21.7178], [105.0987, 21.7174], [105.0921, 21.7198], [105.0861, 21.7182], [105.0917, 21.7121], [105.0868, 21.7037], [105.0899, 21.7009], [105.0956, 21.7009], [105.0955, 21.6959], [105.0997, 21.6901], [105.1, 21.6835], [105.0938, 21.6789], [105.0925, 21.681], [105.0836, 21.683], [105.0775, 21.6812], [105.073, 21.6815], [105.0677, 21.6844], [105.0612, 21.6901], [105.0589, 21.6858], [105.0543, 21.6863], [105.0446, 21.6902], [105.039, 21.6975], [105.0309, 21.7012], [105.0281, 21.6968], [105.0212, 21.6927], [105.0197, 21.6882], [105.0142, 21.6876], [105.0052, 21.6886], [105.0002, 21.6879], [105.0013, 21.6806], [104.9943, 21.6783], [104.9913, 21.6787], [104.9869, 21.6746], [104.9799, 21.6728], [104.9864, 21.6679], [104.9853, 21.6612], [104.973, 21.657], [104.9682, 21.6479], [104.9612, 21.6549], [104.9574, 21.6601], [104.9526, 21.659], [104.9436, 21.6528], [104.9378, 21.6513], [104.9371, 21.6463], [104.934, 21.6426], [104.9293, 21.6408], [104.9225, 21.6405], [104.9105, 21.6346], [104.9045, 21.6264], [104.9031, 21.6199], [104.9048, 21.6098], [104.8964, 21.6083], [104.8914, 21.6016], [104.8929, 21.5972], [104.8929, 21.591], [104.8963, 21.5871], [104.8981, 21.5782], [104.8976, 21.5637], [104.8897, 21.5584], [104.8828, 21.5587], [104.8767, 21.5557], [104.872, 21.5554], [104.8678, 21.5487], [104.8687, 21.5419], [104.8782, 21.5356], [104.8814, 21.531], [104.8855, 21.522], [104.8828, 21.519], [104.8825, 21.5086], [104.8849, 21.5053], [104.8849, 21.5005], [104.8875, 21.4934], [104.8936, 21.4845], [104.8929, 21.479], [104.8968, 21.4738], [104.8965, 21.47], [104.9034, 21.4608], [104.9117, 21.4476], [104.9123, 21.4383], [104.9114, 21.4331], [104.9058, 21.4288], [104.908, 21.4197], [104.9077, 21.4142], [104.9001, 21.4052], [104.8995, 21.4014], [104.8956, 21.3957], [104.8926, 21.3937], [104.8861, 21.3931], [104.8831, 21.3909], [104.8843, 21.3873], [104.8819, 21.3833], [104.8847, 21.3797], [104.8836, 21.3733], [104.8895, 21.3674], [104.8932, 21.3653], [104.899, 21.3556], [104.9005, 21.3512], [104.8963, 21.3444], [104.8828, 21.342], [104.8726, 21.3489], [104.8684, 21.3536], [104.8673, 21.3597], [104.863, 21.3655], [104.8547, 21.3649], [104.8534, 21.3594], [104.8543, 21.3521], [104.8471, 21.3529], [104.8445, 21.3511], [104.8498, 21.3395], [104.8469, 21.338], [104.835, 21.337], [104.8257, 21.3389], [104.82, 21.3383], [104.8136, 21.3335], [104.815, 21.3267], [104.8184, 21.3224], [104.829, 21.315], [104.8354, 21.3142], [104.8429, 21.3106], [104.8432, 21.3012], [104.8417, 21.2922], [104.8415, 21.2819], [104.8431, 21.2734], [104.8403, 21.2649], [104.842, 21.2621], [104.8502, 21.2556], [104.8489, 21.2497], [104.8526, 21.2378], [104.8489, 21.2305], [104.8441, 21.2263], [104.853, 21.2235], [104.8593, 21.2173], [104.8612, 21.2113], [104.8643, 21.2103], [104.8635, 21.2051], [104.858, 21.1887], [104.851, 21.1798], [104.8588, 21.176], [104.8582, 21.1686], [104.856, 21.1661], [104.8529, 21.1569], [104.8527, 21.1529], [104.8614, 21.1454], [104.8635, 21.1468], [104.8713, 21.1444], [104.8717, 21.1403], [104.8757, 21.139], [104.8813, 21.1342], [104.8973, 21.1299], [104.8989, 21.1241], [104.9058, 21.1194], [104.9123, 21.1181], [104.9132, 21.1125], [104.9064, 21.1126], [104.898, 21.1076], [104.8942, 21.1075], [104.8767, 21.0987], [104.8714, 21.0925], [104.8729, 21.085], [104.8679, 21.0759], [104.8573, 21.079], [104.853, 21.0765], [104.8542, 21.0684], [104.8572, 21.0639], [104.8596, 21.0571], [104.8592, 21.052], [104.8616, 21.0499], [104.8662, 21.0386], [104.8662, 21.0332], [104.8686, 21.0296], [104.88, 21.0236], [104.8842, 21.0156], [104.8903, 21.0096], [104.8933, 20.9963], [104.8961, 20.9889], [104.903, 20.9782], [104.9199, 20.9669], [104.9231, 20.9636], [104.9293, 20.9513], [104.9361, 20.9414], [104.9384, 20.9338], [104.9405, 20.9314], [104.9494, 20.9276], [104.9634, 20.913], [104.9737, 20.9106], [104.9769, 20.9064], [104.9778, 20.8966], [104.9806, 20.8895], [104.9873, 20.8828], [104.9909, 20.8773], [104.9904, 20.8708], [105.0004, 20.8581], [105.0011, 20.8545], [104.9976, 20.8467], [105.0058, 20.8453], [105.0067, 20.8429], [105.0022, 20.8317], [105.0022, 20.8241], [104.9979, 20.8178], [105.0088, 20.8083], [105.0253, 20.8023], [105.0216, 20.7993], [105.015, 20.7914], [105.0124, 20.7852], [105.0061, 20.7891], [105.0057, 20.7823], [104.9967, 20.7628], [104.9925, 20.7604], [104.9912, 20.7536], [104.9931, 20.7507], [104.9991, 20.7504], [105.0058, 20.745], [105.0108, 20.7429], [105.014, 20.7361], [105.0132, 20.7329], [105.0183, 20.7276], [105.0134, 20.7252], [104.9985, 20.7235], [104.9895, 20.7241], [104.9856, 20.7225], [104.9727, 20.7283], [104.9688, 20.7329], [104.9569, 20.7368], [104.9542, 20.7399], [104.9498, 20.7415], [104.9464, 20.7362], [104.9377, 20.7451], [104.9246, 20.7429], [104.9174, 20.7515], [104.9122, 20.7544], [104.9065, 20.7533], [104.8972, 20.7577], [104.8949, 20.7632], [104.8908, 20.7614], [104.886, 20.7636], [104.8826, 20.7675], [104.8751, 20.7676], [104.8687, 20.7638], [104.859, 20.7542], [104.8479, 20.7541], [104.8383, 20.748], [104.8364, 20.7343], [104.8448, 20.7312], [104.8392, 20.7209], [104.841, 20.7109], [104.8448, 20.7089], [104.8494, 20.7029], [104.8424, 20.6989], [104.8387, 20.6992], [104.8369, 20.6953], [104.8404, 20.691], [104.8416, 20.6858], [104.8411, 20.6785], [104.8372, 20.6606], [104.8466, 20.6521], [104.8491, 20.6547], [104.853, 20.6636], [104.8593, 20.6614], [104.8722, 20.6627], [104.8789, 20.6646], [104.8844, 20.6682], [104.8979, 20.6706], [104.9178, 20.6604], [104.9234, 20.655], [104.9319, 20.6489], [104.948, 20.6442], [104.9609, 20.6272], [104.9629, 20.6219], [104.9607, 20.6175], [104.9633, 20.6082], [104.9706, 20.6033], [104.9754, 20.5953], [104.9817, 20.5937], [104.9853, 20.5892], [104.9845, 20.5844], [104.98, 20.5761], [104.9818, 20.5736], [104.9862, 20.5756], [104.9983, 20.5759], [105.0036, 20.575], [105.0097, 20.5721], [105.0153, 20.5662], [105.0239, 20.559], [105.0307, 20.5602], [105.0328, 20.5588], [105.0423, 20.5598], [105.0458, 20.5566], [105.0533, 20.5618], [105.0544, 20.5704], [105.0633, 20.5743], [105.071, 20.5747], [105.0786, 20.5782], [105.0843, 20.5771], [105.0916, 20.5712], [105.0936, 20.5669], [105.1059, 20.5734], [105.1077, 20.5676], [105.1141, 20.5623], [105.1195, 20.5624], [105.1303, 20.5567], [105.1365, 20.5507], [105.1413, 20.5439], [105.1494, 20.5443], [105.1531, 20.5431], [105.1559, 20.5385], [105.1617, 20.5351], [105.1633, 20.5229], [105.1718, 20.5146], [105.1783, 20.5164], [105.1849, 20.5211], [105.1906, 20.517], [105.2013, 20.5184], [105.2127, 20.5131], [105.2157, 20.5089], [105.2235, 20.505], [105.2312, 20.5032], [105.2305, 20.4973], [105.2359, 20.4939], [105.2402, 20.4933], [105.2446, 20.488], [105.2396, 20.4795], [105.2443, 20.4737], [105.2621, 20.4654], [105.2636, 20.4589], [105.2672, 20.455], [105.2647, 20.4495], [105.2643, 20.4447], [105.2609, 20.4368], [105.2618, 20.4318], [105.2698, 20.4288], [105.2767, 20.4314], [105.2806, 20.4256], [105.2905, 20.4188], [105.2968, 20.4163], [105.301, 20.4163], [105.3028, 20.4212], [105.3073, 20.4165], [105.3177, 20.408], [105.3223, 20.4054], [105.3313, 20.4026], [105.3366, 20.3989], [105.3424, 20.3965], [105.3456, 20.3907], [105.3532, 20.3894], [105.3561, 20.392], [105.3672, 20.3887], [105.3692, 20.3852], [105.3789, 20.3834], [105.386, 20.3785], [105.4002, 20.3754], [105.4062, 20.3726], [105.4134, 20.3744], [105.4215, 20.3781], [105.4271, 20.3833], [105.4305, 20.3825], [105.4367, 20.3844], [105.4461, 20.3805], [105.4556, 20.3782], [105.4606, 20.3752], [105.4766, 20.3752], [105.4846, 20.37], [105.5004, 20.3613], [105.5038, 20.3604], [105.5212, 20.3598], [105.5243, 20.3633], [105.5245, 20.3674], [105.5298, 20.3717], [105.539, 20.3692], [105.5427, 20.3621], [105.554, 20.3605], [105.5562, 20.3585], [105.5628, 20.3578], [105.571, 20.3595], [105.581, 20.3699], [105.5933, 20.3649], [105.5991, 20.364], [105.6055, 20.3607], [105.6139, 20.352], [105.6194, 20.3485], [105.6278, 20.3467], [105.6351, 20.3437], [105.6401, 20.3387], [105.6428, 20.3383], [105.6502, 20.3275], [105.6608, 20.3202], [105.6696, 20.3098], [105.6757, 20.3064], [105.6861, 20.3052], [105.6955, 20.3118], [105.7016, 20.3212], [105.7238, 20.3291], [105.7291, 20.3354], [105.7299, 20.3388], [105.7251, 20.3416], [105.7193, 20.3486], [105.7186, 20.3521], [105.7145, 20.3575], [105.7104, 20.3599], [105.7129, 20.3649], [105.7041, 20.3744], [105.7049, 20.3784], [105.7009, 20.3806], [105.6946, 20.3877], [105.6975, 20.3973], [105.695, 20.4024], [105.6884, 20.4025], [105.6852, 20.4064], [105.686, 20.411], [105.6972, 20.4119], [105.7008, 20.4099], [105.7055, 20.4119], [105.7116, 20.4083], [105.7194, 20.4074], [105.7279, 20.3995], [105.732, 20.3974], [105.7303, 20.3916], [105.7309, 20.3855], [105.7414, 20.3843], [105.7462, 20.382], [105.7451, 20.3715], [105.7465, 20.3666], [105.7567, 20.3672], [105.7564, 20.371], [105.7597, 20.3781], [105.7574, 20.387], [105.7546, 20.3885], [105.7566, 20.3976], [105.7521, 20.4072], [105.7529, 20.4133], [105.7591, 20.4145], [105.7568, 20.4176], [105.7535, 20.4293], [105.7517, 20.4389], [105.7577, 20.4417], [105.7627, 20.44], [105.7728, 20.4426], [105.7756, 20.4375], [105.7824, 20.4365], [105.7887, 20.4477], [105.7874, 20.4532], [105.7922, 20.4541], [105.794, 20.4469], [105.8003, 20.4375], [105.8081, 20.4291], [105.8132, 20.4256], [105.8198, 20.423], [105.8247, 20.4176], [105.8305, 20.4201], [105.8437, 20.4207], [105.8487, 20.4261], [105.8574, 20.4265], [105.8541, 20.434], [105.8528, 20.4461], [105.8516, 20.4653], [105.8524, 20.4781], [105.8434, 20.4783], [105.838, 20.4804], [105.8357, 20.484], [105.8293, 20.4877], [105.8251, 20.4886], [105.8204, 20.4937], [105.8189, 20.4992], [105.819, 20.506], [105.8134, 20.5032], [105.8103, 20.4992], [105.8063, 20.4994], [105.8033, 20.5038], [105.8031, 20.5083], [105.8001, 20.5133], [105.7949, 20.5115], [105.7915, 20.5216], [105.7894, 20.5245], [105.7827, 20.5397], [105.7746, 20.5478], [105.772, 20.5526], [105.769, 20.5645], [105.7678, 20.5698], [105.7641, 20.5768], [105.7551, 20.5851], [105.752, 20.5899], [105.7471, 20.5926], [105.7434, 20.5986], [105.7393, 20.5982], [105.7316, 20.6001], [105.7272, 20.6046], [105.7217, 20.5961], [105.7098, 20.5993], [105.7055, 20.6048], [105.7039, 20.6166], [105.7013, 20.6215], [105.6967, 20.6194], [105.6917, 20.6221], [105.6871, 20.6162], [105.677, 20.616], [105.6662, 20.6179], [105.6659, 20.6244], [105.6639, 20.6281], [105.6734, 20.6292], [105.6784, 20.6285], [105.6849, 20.633], [105.6868, 20.6377], [105.6807, 20.6424], [105.679, 20.6474], [105.6811, 20.653], [105.6786, 20.6602], [105.6722, 20.668], [105.6737, 20.6703], [105.6694, 20.6759], [105.67, 20.68], [105.6746, 20.6802], [105.6802, 20.6835], [105.6839, 20.6922], [105.6823, 20.699], [105.6749, 20.7049], [105.6637, 20.7189], [105.6616, 20.7234], [105.6665, 20.7341], [105.6581, 20.741], [105.6546, 20.7475], [105.6497, 20.7608], [105.6489, 20.766], [105.6496, 20.7764], [105.6483, 20.7842], [105.6481, 20.7937], [105.6417, 20.7926], [105.6329, 20.7927], [105.6333, 20.8047], [105.6304, 20.8159], [105.6329, 20.8221], [105.6377, 20.8246], [105.6413, 20.8243], [105.6416, 20.8286], [105.6321, 20.8321], [105.6163, 20.8317], [105.6107, 20.8373], [105.6038, 20.8386], [105.5981, 20.842], [105.5956, 20.831], [105.5894, 20.8315], [105.5871, 20.8256], [105.5882, 20.821], [105.5841, 20.8176], [105.5835, 20.8119], [105.5751, 20.8082], [105.5712, 20.8084], [105.5582, 20.8037], [105.5552, 20.806], [105.5589, 20.8108], [105.5607, 20.8198], [105.5646, 20.8218], [105.5747, 20.8223], [105.5797, 20.8267], [105.5805, 20.8361], [105.5864, 20.8408], [105.5847, 20.8527], [105.5825, 20.8592], [105.5754, 20.8643], [105.5654, 20.8746], [105.5616, 20.8754], [105.5593, 20.8811], [105.5483, 20.879], [105.5458, 20.882], [105.5565, 20.8878], [105.5597, 20.8908], [105.5606, 20.8956], [105.5664, 20.8996], [105.5684, 20.911], [105.5721, 20.9137], [105.5793, 20.9155], [105.5813, 20.9236], [105.5805, 20.9287], [105.5744, 20.9299], [105.5713, 20.9271], [105.566, 20.9272], [105.5608, 20.9246], [105.5549, 20.9271], [105.546, 20.9231], [105.5385, 20.9276], [105.5323, 20.9228], [105.5251, 20.9188], [105.5208, 20.9221], [105.5125, 20.9223], [105.5059, 20.9262], [105.5024, 20.931], [105.4996, 20.9303], [105.4905, 20.9341], [105.4843, 20.9426], [105.4796, 20.9477], [105.4693, 20.947], [105.4671, 20.9451], [105.4617, 20.9465], [105.4514, 20.954], [105.4438, 20.956], [105.4429, 20.9633], [105.4362, 20.9748], [105.4324, 20.9791], [105.4223, 20.9837], [105.4178, 20.9978], [105.4032, 20.9981], [105.3969, 21.0009], [105.3921, 21.006], [105.3921, 21.0145], [105.387, 21.0202], [105.382, 21.0215], [105.3754, 21.0145], [105.3666, 21.013], [105.359, 21.0089], [105.3534, 21.0074], [105.3492, 21.0128], [105.3388, 21.0136], [105.3352, 21.0094], [105.3297, 21.008], [105.3264, 21.0093], [105.3289, 21.0174], [105.3256, 21.021], [105.3209, 21.0187], [105.3218, 21.0147], [105.3153, 21.0113], [105.3048, 21.0223], [105.2998, 21.029], [105.2972, 21.0352], [105.2948, 21.0454], [105.294, 21.0547], [105.3039, 21.0758], [105.3079, 21.0828], [105.3172, 21.0927], [105.3191, 21.0994], [105.3205, 21.1099], [105.3185, 21.1159], [105.3147, 21.1214], [105.3057, 21.1378], [105.298, 21.1441], [105.2914, 21.1529], [105.2881, 21.1641], [105.2891, 21.1703], [105.2944, 21.1802], [105.2994, 21.1868], [105.3041, 21.1905], [105.3168, 21.1982], [105.3252, 21.2047], [105.3328, 21.2135], [105.3463, 21.2245], [105.35, 21.2324], [105.356, 21.2602], [105.3567, 21.2781], [105.3615, 21.2836], [105.3759, 21.2903], [105.3787, 21.2922], [105.3868, 21.3015], [105.394, 21.3033], [105.4058, 21.2991], [105.4145, 21.2916], [105.4272, 21.2778], [105.4345, 21.273], [105.4407, 21.2719], [105.4437, 21.2697], [105.4475, 21.2506], [105.4521, 21.238], [105.4598, 21.2284], [105.4657, 21.2077], [105.468, 21.1828], [105.4698, 21.1787], [105.4768, 21.1709], [105.4862, 21.163], [105.4947, 21.1599], [105.5278, 21.1542], [105.5336, 21.1542], [105.5463, 21.157], [105.5709, 21.1606], [105.5759, 21.1644], [105.5878, 21.1666], [105.6, 21.1696], [105.605, 21.1745], [105.6173, 21.1791], [105.6258, 21.1755], [105.6298, 21.1841], [105.6253, 21.1872], [105.6247, 21.1928], [105.6217, 21.1948], [105.6228, 21.1997], [105.6166, 21.2025], [105.6169, 21.2087], [105.6211, 21.2059], [105.6281, 21.2107], [105.6312, 21.2089], [105.6396, 21.2076], [105.6369, 21.218], [105.6451, 21.2156], [105.6562, 21.219], [105.659, 21.2232], [105.6552, 21.2272], [105.6511, 21.2259], [105.6454, 21.2271], [105.6448, 21.2347], [105.6528, 21.238], [105.6561, 21.235], [105.6617, 21.235], [105.666, 21.2392], [105.6685, 21.2335], [105.6759, 21.2271], [105.6794, 21.2294], [105.6805, 21.2337], [105.6882, 21.2347], [105.6861, 21.2263], [105.6904, 21.2199], [105.6935, 21.2215], [105.6974, 21.2186], [105.7033, 21.2213], [105.7092, 21.2198], [105.7156, 21.2247], [105.7242, 21.2253], [105.7314, 21.2316], [105.7362, 21.2401], [105.7323, 21.2419], [105.7253, 21.242], [105.7287, 21.2463], [105.7285, 21.2495], [105.7237, 21.2506], [105.7248, 21.2581], [105.7228, 21.2661], [105.7291, 21.2759], [105.7323, 21.2749], [105.7358, 21.2793], [105.7352, 21.2834], [105.738, 21.288], [105.742, 21.2872], [105.7432, 21.2929], [105.7477, 21.2943], [105.757, 21.3005], [105.7626, 21.3138], [105.7676, 21.3183], [105.772, 21.3255], [105.7736, 21.3316], [105.7764, 21.3362], [105.7832, 21.3429], [105.785, 21.3484], [105.783, 21.3538], [105.7861, 21.3546], [105.7846, 21.3596]]]}, "properties": {"province_id": "phu_tho", "name": "Phú Thọ", "population": 4022493, "area_km2": 9361.8}}, {"type": "Feature", "geometry": {"type": "MultiPolygon", "coordinates": [[[[107.6239, 15.4143], [107.6168, 15.4059], [107.6136, 15.3987], [107.6128, 15.3941], [107.6087, 15.3931], [107.6055, 15.3888], [107.5954, 15.3823], [107.6036, 15.3711], [107.6088, 15.3673], [107.6058, 15.3626], [107.6048, 15.3566], [107.6065, 15.3446], [107.6103, 15.3391], [107.6099, 15.3346], [107.6197, 15.3298], [107.6231, 15.3327], [107.6266, 15.3313], [107.6264, 15.3268], [107.6309, 15.3243], [107.6348, 15.3195], [107.6339, 15.3133], [107.6309, 15.3106], [107.6247, 15.3112], [107.6202, 15.301], [107.6218, 15.2956], [107.6185, 15.2935], [107.6149, 15.2876], [107.6162, 15.2817], [107.6161, 15.2702], [107.6209, 15.2656], [107.6192, 15.2557], [107.6208, 15.2484], [107.6198, 15.2452], [107.6233, 15.2402], [107.6251, 15.2313], [107.6296, 15.2273], [107.622, 15.2261], [107.6187, 15.2222], [107.6215, 15.2138], [107.6113, 15.2116], [107.6041, 15.2049], [107.6015, 15.2042], [107.5967, 15.2104], [107.5927, 15.2091], [107.5916, 15.2047], [107.5879, 15.2012], [107.584, 15.2005], [107.5835, 15.1954], [107.5883, 15.1956], [107.5974, 15.1858], [107.6024, 15.1832], [107.607, 15.1734], [107.6098, 15.172], [107.6171, 15.1557], [107.62, 15.1522], [107.623, 15.1523], [107.6271, 15.1494], [107.624, 15.1467], [107.6254, 15.1417], [107.6243, 15.1371], [107.6215, 15.1342], [107.6133, 15.1317], [107.6079, 15.1325], [107.6103, 15.127], [107.6188, 15.1194], [107.6192, 15.1155], [107.6229, 15.1093], [107.6229, 15.1058], [107.6189, 15.1026], [107.6118, 15.1007], [107.6093, 15.0973], [107.5982, 15.0882], [107.6027, 15.0821], [107.6041, 15.0763], [107.6107, 15.0671], [107.615, 15.0662], [107.6151, 15.0617], [107.6208, 15.0508], [107.6145, 15.0455], [107.6116, 15.0475], [107.6051, 15.0459], [107.6016, 15.049], [107.5948, 15.0469], [107.5897, 15.0399], [107.5877, 15.0338], [107.588, 15.0292], [107.5797, 15.029], [107.5758, 15.0327], [107.5698, 15.036], [107.5679, 15.0347], [107.5562, 15.0433], [107.5435, 15.0491], [107.5358, 15.0464], [107.5307, 15.0409], [107.5281, 15.0416], [107.5236, 15.0386], [107.5112, 15.0283], [107.5024, 15.0249], [107.4966, 15.0202], [107.493, 15.0235], [107.4791, 15.0223], [107.473, 15.0196], [107.4727, 15.0157], [107.4681, 15.0079], [107.4705, 14.9978], [107.4727, 14.9946], [107.478, 14.9932], [107.4769, 14.9897], [107.4674, 14.9873], [107.471, 14.9834], [107.4739, 14.9767], [107.4824, 14.9706], [107.4792, 14.963], [107.4792, 14.9573], [107.4834, 14.9512], [107.4885, 14.9471], [107.4906, 14.9436], [107.4997, 14.9429], [107.5008, 14.9377], [107.5058, 14.9288], [107.5142, 14.9311], [107.5199, 14.9292], [107.5237, 14.9297], [107.5303, 14.928], [107.5296, 14.9222], [107.5329, 14.916], [107.5442, 14.9055], [107.5512, 14.9039], [107.5538, 14.901], [107.5619, 14.9024], [107.5707, 14.8951], [107.5735, 14.8912], [107.5767, 14.8928], [107.5832, 14.8928], [107.5859, 14.89], [107.5855, 14.8832], [107.5887, 14.8795], [107.5877, 14.876], [107.5916, 14.8732], [107.5895, 14.8696], [107.5903, 14.8645], [107.5801, 14.8574], [107.5793, 14.8544], [107.5703, 14.852], [107.5667, 14.8489], [107.5656, 14.8441], [107.56, 14.8379], [107.5542, 14.8339], [107.5514, 14.8335], [107.5411, 14.826], [107.5412, 14.8202], [107.5285, 14.8138], [107.5221, 14.813], [107.5243, 14.8051], [107.5094, 14.7957], [107.5088, 14.7902], [107.5058, 14.7868], [107.5098, 14.7836], [107.5156, 14.7844], [107.5192, 14.7763], [107.526, 14.7757], [107.53, 14.7721], [107.5303, 14.7668], [107.5334, 14.7653], [107.5334, 14.7616], [107.5391, 14.7552], [107.542, 14.7492], [107.5378, 14.7432], [107.5386, 14.741], [107.5291, 14.7345], [107.5267, 14.7339], [107.5213, 14.7279], [107.5254, 14.7223], [107.5321, 14.7228], [107.5354, 14.7249], [107.5414, 14.722], [107.5507, 14.7204], [107.5561, 14.7208], [107.5554, 14.7097], [107.5594, 14.7038], [107.56, 14.6942], [107.5564, 14.6851], [107.5499, 14.6789], [107.5496, 14.6711], [107.5541, 14.6676], [107.5545, 14.6602], [107.5479, 14.6596], [107.5487, 14.6534], [107.538, 14.6217], [107.5428, 14.6171], [107.5448, 14.6108], [107.5428, 14.6059], [107.5392, 14.6042], [107.5337, 14.5986], [107.5249, 14.5979], [107.5203, 14.5869], [107.5167, 14.5851], [107.5218, 14.5805], [107.524, 14.573], [107.5227, 14.5655], [107.5257, 14.5631], [107.5319, 14.5537], [107.5268, 14.5425], [107.528, 14.5379], [107.5253, 14.5316], [107.5223, 14.5287], [107.5236, 14.5243], [107.521, 14.5182], [107.515, 14.5115], [107.5072, 14.5088], [107.5119, 14.5023], [107.5129, 14.4968], [107.5086, 14.4956], [107.5084, 14.488], [107.5038, 14.4819], [107.503, 14.4693], [107.5, 14.4635], [107.5044, 14.4582], [107.5015, 14.452], [107.5, 14.4441], [107.4979, 14.4411], [107.4968, 14.4354], [107.4927, 14.4338], [107.4899, 14.4294], [107.4892, 14.4164], [107.4907, 14.4138], [107.4879, 14.4053], [107.4806, 14.4032], [107.4725, 14.4076], [107.4701, 14.405], [107.4656, 14.4044], [107.4598, 14.406], [107.4564, 14.4176], [107.4575, 14.4193], [107.4487, 14.4259], [107.4402, 14.4213], [107.436, 14.4158], [107.4276, 14.4151], [107.4191, 14.4073], [107.4219, 14.4024], [107.4222, 14.3957], [107.4186, 14.3853], [107.423, 14.3805], [107.4286, 14.3811], [107.4253, 14.3732], [107.4157, 14.3624], [107.4106, 14.3629], [107.4104, 14.3545], [107.4077, 14.3449], [107.4018, 14.3413], [107.4004, 14.3334], [107.3908, 14.326], [107.3907, 14.3159], [107.3967, 14.3122], [107.397, 14.3071], [107.4014, 14.3026], [107.406, 14.2999], [107.4069, 14.2961], [107.4056, 14.2857], [107.409, 14.2787], [107.4085, 14.2719], [107.41, 14.2697], [107.4082, 14.2605], [107.4029, 14.2562], [107.4001, 14.2477], [107.4043, 14.2422], [107.4074, 14.2356], [107.3969, 14.2236], [107.3962, 14.2167], [107.3931, 14.209], [107.3891, 14.2091], [107.3864, 14.2], [107.3818, 14.1923], [107.3818, 14.1872], [107.3761, 14.178], [107.3695, 14.1802], [107.3584, 14.1681], [107.3628, 14.1628], [107.3582, 14.1563], [107.3527, 14.1537], [107.3543, 14.1491], [107.3464, 14.1398], [107.3457, 14.1364], [107.3414, 14.1334], [107.338, 14.1257], [107.338, 14.1194], [107.3348, 14.1141], [107.3368, 14.1125], [107.3332, 14.106], [107.3342, 14.1007], [107.3455, 14.0961], [107.3492, 14.0917], [107.3548, 14.0912], [107.361, 14.0845], [107.3726, 14.0841], [107.3795, 14.0824], [107.3823, 14.0795], [107.3833, 14.075], [107.3799, 14.0655], [107.3753, 14.0647], [107.3673, 14.0657], [107.3645, 14.0621], [107.3658, 14.0547], [107.3635, 14.0511], [107.3655, 14.0439], [107.3656, 14.0346], [107.3636, 14.0311], [107.3577, 14.0287], [107.3575, 14.0181], [107.3641, 14.0136], [107.3792, 13.9967], [107.3845, 13.9877], [107.3921, 13.9898], [107.3969, 13.9925], [107.3998, 13.9895], [107.4083, 13.9901], [107.4139, 13.9935], [107.4231, 13.9942], [107.4269, 13.9976], [107.4309, 13.9929], [107.4365, 13.9958], [107.4443, 13.996], [107.4449, 13.9899], [107.4516, 13.9818], [107.4558, 13.9796], [107.4544, 13.9677], [107.4555, 13.9625], [107.4535, 13.9495], [107.4537, 13.934], [107.4545, 13.9286], [107.4577, 13.9263], [107.4588, 13.9215], [107.4615, 13.9295], [107.4701, 13.9346], [107.4706, 13.9374], [107.4691, 13.953], [107.4766, 13.959], [107.485, 13.9606], [107.4924, 13.9648], [107.4978, 13.9696], [107.502, 13.9708], [107.5063, 13.9749], [107.5124, 13.9841], [107.5254, 13.9821], [107.5266, 13.9855], [107.5212, 14.0055], [107.5206, 14.0125], [107.5233, 14.0144], [107.5382, 14.0106], [107.5447, 14.0145], [107.5467, 14.0227], [107.553, 14.0251], [107.5574, 14.0213], [107.5657, 14.0216], [107.5692, 14.0192], [107.5765, 14.0189], [107.5842, 14.0213], [107.5924, 14.0223], [107.5998, 14.028], [107.6012, 14.0321], [107.601, 14.0442], [107.604, 14.0481], [107.61, 14.0505], [107.6128, 14.0536], [107.6136, 14.0629], [107.6162, 14.0637], [107.6257, 14.0559], [107.6323, 14.0537], [107.6359, 14.0551], [107.6419, 14.0627], [107.6486, 14.0653], [107.6505, 14.0676], [107.6517, 14.0774], [107.6573, 14.0837], [107.6548, 14.0906], [107.649, 14.0963], [107.6504, 14.1019], [107.658, 14.1042], [107.6581, 14.115], [107.6603, 14.1203], [107.6611, 14.1307], [107.6647, 14.1355], [107.6648, 14.1404], [107.6614, 14.1454], [107.6604, 14.15], [107.6609, 14.1577], [107.6584, 14.1636], [107.6625, 14.1702], [107.6708, 14.1758], [107.6739, 14.1824], [107.6772, 14.1865], [107.6792, 14.1921], [107.6782, 14.2], [107.6836, 14.2064], [107.6893, 14.2213], [107.6995, 14.2155], [107.7081, 14.2166], [107.714, 14.2136], [107.723, 14.2157], [107.7309, 14.2134], [107.7413, 14.208], [107.7479, 14.2072], [107.7594, 14.2023], [107.7627, 14.2029], [107.7634, 14.2127], [107.7696, 14.2146], [107.7725, 14.2188], [107.7785, 14.2161], [107.7832, 14.2252], [107.7874, 14.2241], [107.7907, 14.2208], [107.7937, 14.2217], [107.7987, 14.22], [107.8085, 14.2125], [107.8179, 14.214], [107.8209, 14.2179], [107.8199, 14.2218], [107.8266, 14.2272], [107.8291, 14.2333], [107.8345, 14.2318], [107.837, 14.2331], [107.8383, 14.2381], [107.8372, 14.2524], [107.8353, 14.2628], [107.8369, 14.2683], [107.8402, 14.2705], [107.849, 14.2729], [107.8501, 14.2754], [107.8555, 14.2757], [107.8607, 14.2734], [107.8689, 14.2768], [107.8728, 14.2762], [107.8768, 14.2824], [107.8971, 14.2782], [107.9014, 14.2757], [107.9135, 14.2627], [107.9193, 14.2599], [107.9282, 14.2458], [107.9333, 14.2409], [107.9416, 14.241], [107.9482, 14.243], [107.9623, 14.2408], [107.9729, 14.2372], [107.98, 14.2432], [107.9894, 14.2459], [107.9997, 14.2453], [108.0073, 14.2398], [108.0143, 14.2412], [108.0171, 14.2445], [108.0175, 14.2494], [108.0224, 14.2527], [108.029, 14.2617], [108.0309, 14.2661], [108.0344, 14.2686], [108.0347, 14.2735], [108.0397, 14.2767], [108.043, 14.2769], [108.0456, 14.273], [108.0488, 14.2722], [108.0567, 14.2662], [108.0645, 14.2763], [108.0652, 14.2799], [108.0686, 14.2835], [108.0669, 14.2863], [108.072, 14.296], [108.073, 14.3054], [108.084, 14.3129], [108.0891, 14.3152], [108.0874, 14.3178], [108.0875, 14.3241], [108.0788, 14.3285], [108.0781, 14.3315], [108.082, 14.3342], [108.0994, 14.3353], [108.1046, 14.3387], [108.1046, 14.3436], [108.1122, 14.3476], [108.1085, 14.3535], [108.1155, 14.3633], [108.1183, 14.363], [108.127, 14.3567], [108.1346, 14.3553], [108.1397, 14.3573], [108.1395, 14.3601], [108.1496, 14.3596], [108.1422, 14.3535], [108.1457, 14.3479], [108.1521, 14.3485], [108.1517, 14.3535], [108.1554, 14.3536], [108.1599, 14.3627], [108.166, 14.3645], [108.1698, 14.3682], [108.1897, 14.3689], [108.1921, 14.3735], [108.1986, 14.373], [108.203, 14.3747], [108.2042, 14.3803], [108.21, 14.3869], [108.2137, 14.3866], [108.2195, 14.3905], [108.2252, 14.3903], [108.2284, 14.3919], [108.2324, 14.3893], [108.2389, 14.3923], [108.2435, 14.3974], [108.2524, 14.39], [108.2588, 14.3904], [108.2666, 14.3863], [108.27, 14.388], [108.2745, 14.3861], [108.2818, 14.3889], [108.2862, 14.3881], [108.2941, 14.3902], [108.2968, 14.3926], [108.2958, 14.3999], [108.2918, 14.4045], [108.2983, 14.418], [108.3043, 14.4205], [108.3091, 14.4253], [108.3125, 14.4321], [108.3165, 14.4341], [108.3189, 14.4381], [108.3236, 14.4419], [108.3243, 14.4535], [108.3267, 14.4577], [108.3303, 14.4588], [108.332, 14.463], [108.3632, 14.4943], [108.3689, 14.5035], [108.3785, 14.5119], [108.384, 14.5222], [108.382, 14.5268], [108.3778, 14.5284], [108.3715, 14.5369], [108.3734, 14.5411], [108.3739, 14.5485], [108.3667, 14.5572], [108.3593, 14.5628], [108.357, 14.5698], [108.3582, 14.5801], [108.3657, 14.5844], [108.3701, 14.5927], [108.3764, 14.6011], [108.3824, 14.5984], [108.3872, 14.6024], [108.3921, 14.6], [108.3938, 14.6024], [108.4026, 14.5972], [108.4092, 14.5896], [108.4133, 14.58], [108.4145, 14.5725], [108.4164, 14.57], [108.4271, 14.5649], [108.438, 14.5554], [108.442, 14.5543], [108.4584, 14.5529], [108.4755, 14.5469], [108.489, 14.5441], [108.4973, 14.5437], [108.5052, 14.5448], [108.5121, 14.5498], [108.5285, 14.5556], [108.5313, 14.5655], [108.5298, 14.569], [108.5323, 14.5775], [108.5411, 14.5849], [108.5476, 14.589], [108.5513, 14.5844], [108.5551, 14.5854], [108.5615, 14.5835], [108.5663, 14.579], [108.571, 14.578], [108.5733, 14.5721], [108.5799, 14.5701], [108.5832, 14.5676], [108.5933, 14.5643], [108.5938, 14.5599], [108.5967, 14.5536], [108.5956, 14.5465], [108.6025, 14.5395], [108.6037, 14.5356], [108.608, 14.5328], [108.6144, 14.5323], [108.6178, 14.5362], [108.6181, 14.54], [108.6276, 14.5437], [108.6279, 14.5491], [108.6332, 14.5513], [108.6417, 14.5466], [108.6436, 14.5555], [108.6402, 14.563], [108.6471, 14.5681], [108.6527, 14.5692], [108.6605, 14.5753], [108.6676, 14.5788], [108.6708, 14.5781], [108.6772, 14.5841], [108.6755, 14.5888], [108.68, 14.5955], [108.6846, 14.5944], [108.6889, 14.5913], [108.6981, 14.5955], [108.6978, 14.5979], [108.7057, 14.6086], [108.7088, 14.6035], [108.7164, 14.6005], [108.7184, 14.5971], [108.7284, 14.593], [108.7332, 14.5882], [108.7372, 14.5877], [108.7401, 14.59], [108.7532, 14.5918], [108.7584, 14.5945], [108.7602, 14.5978], [108.7638, 14.5987], [108.7619, 14.6039], [108.7613, 14.6146], [108.7619, 14.6188], [108.7661, 14.621], [108.7669, 14.6268], [108.7645, 14.6366], [108.7653, 14.643], [108.7644, 14.6501], [108.7624, 14.6543], [108.7618, 14.6669], [108.7647, 14.6718], [108.7719, 14.6761], [108.7814, 14.6689], [108.787, 14.6696], [108.7914, 14.6679], [108.7979, 14.6678], [108.8022, 14.6694], [108.8077, 14.6679], [108.8134, 14.6689], [108.8152, 14.6712], [108.8261, 14.6745], [108.8314, 14.6802], [108.8354, 14.6899], [108.8396, 14.6931], [108.842, 14.6919], [108.8488, 14.6812], [108.8519, 14.6828], [108.8525, 14.6886], [108.8648, 14.6926], [108.874, 14.6888], [108.8781, 14.6841], [108.8903, 14.6815], [108.8927, 14.6845], [108.9007, 14.6847], [108.9059, 14.6861], [108.9072, 14.6898], [108.9177, 14.6932], [108.9196, 14.6958], [108.9256, 14.6985], [108.9337, 14.6967], [108.94, 14.6938], [108.9431, 14.6883], [108.95, 14.6869], [108.9505, 14.6838], [108.9584, 14.6825], [108.9636, 14.6832], [108.9685, 14.6797], [108.9737, 14.6741], [108.9737, 14.6718], [108.9789, 14.6693], [108.9886, 14.6706], [108.9945, 14.6728], [108.9989, 14.668], [109.0034, 14.6669], [109.0079, 14.6691], [109.017, 14.6648], [109.0177, 14.659], [109.0213, 14.6582], [109.0303, 14.6453], [109.0347, 14.647], [109.0386, 14.6389], [109.043, 14.6346], [109.046, 14.6277], [109.0425, 14.6232], [109.0466, 14.6162], [109.0445, 14.6082], [109.0484, 14.6036], [109.0538, 14.6032], [109.0589, 14.5914], [109.0665, 14.589], [109.0739, 14.5811], [109.0821, 14.5779], [109.0723, 14.6024], [109.0734, 14.6066], [109.0705, 14.6122], [109.0722, 14.6186], [109.0692, 14.6294], [109.0707, 14.6335], [109.0681, 14.6359], [109.0653, 14.6496], [109.0652, 14.6554], [109.0669, 14.6632], [109.0736, 14.6667], [109.0756, 14.6648], [109.0832, 14.6683], [109.0836, 14.6754], [109.0804, 14.6793], [109.0749, 14.6912], [109.0741, 14.6952], [109.0777, 14.6971], [109.0779, 14.7021], [109.056, 14.7345], [109.0472, 14.7483], [109.0403, 14.7575], [109.0286, 14.7761], [109.0027, 14.821], [109.0007, 14.829], [108.9919, 14.8438], [108.9772, 14.8726], [108.9623, 14.9043], [108.9514, 14.9296], [108.9344, 14.9733], [108.9276, 14.9927], [108.9172, 15.0256], [108.913, 15.0415], [108.9063, 15.0692], [108.9037, 15.0783], [108.9028, 15.085], [108.9036, 15.0937], [108.9019, 15.0994], [108.9025, 15.1029], [108.8969, 15.1285], [108.8975, 15.1359], [108.8993, 15.1407], [108.897, 15.1438], [108.8988, 15.1485], [108.8984, 15.154], [108.8954, 15.1684], [108.8946, 15.1776], [108.8949, 15.1882], [108.8966, 15.1946], [108.8999, 15.2002], [108.9075, 15.2055], [108.9155, 15.2052], [108.9185, 15.2009], [108.9225, 15.2036], [108.9143, 15.2119], [108.9217, 15.2146], [108.9277, 15.2103], [108.9349, 15.2162], [108.9375, 15.2218], [108.9368, 15.2251], [108.9409, 15.227], [108.9418, 15.2355], [108.9394, 15.2435], [108.9296, 15.2465], [108.9206, 15.2442], [108.9155, 15.2456], [108.9092, 15.249], [108.9003, 15.2559], [108.8926, 15.2648], [108.8818, 15.2796], [108.8726, 15.2933], [108.8695, 15.3014], [108.8761, 15.3146], [108.8793, 15.3166], [108.8825, 15.3261], [108.8726, 15.3304], [108.8701, 15.3304], [108.8658, 15.3348], [108.864, 15.3439], [108.8705, 15.349], [108.8655, 15.3533], [108.8605, 15.3478], [108.8569, 15.3463], [108.8513, 15.3484], [108.8406, 15.3587], [108.8282, 15.3764], [108.8273, 15.3837], [108.8298, 15.3865], [108.8322, 15.393], [108.8294, 15.3976], [108.8264, 15.399], [108.8222, 15.4065], [108.8222, 15.4118], [108.8274, 15.4158], [108.8262, 15.4186], [108.8195, 15.4186], [108.8141, 15.4123], [108.8052, 15.4147], [108.799, 15.4211], [108.7953, 15.4186], [108.7957, 15.4153], [108.8039, 15.408], [108.8074, 15.4081], [108.8072, 15.4024], [108.804, 15.3981], [108.7916, 15.3904], [108.7879, 15.3922], [108.7778, 15.3917], [108.7769, 15.3845], [108.771, 15.3875], [108.7657, 15.3866], [108.7544, 15.3897], [108.7493, 15.392], [108.739, 15.3991], [108.7351, 15.3921], [108.7213, 15.3748], [108.7137, 15.3707], [108.7063, 15.3711], [108.7012, 15.3732], [108.6986, 15.3699], [108.6904, 15.3681], [108.688, 15.3692], [108.6815, 15.3666], [108.6784, 15.3692], [108.6724, 15.3642], [108.6654, 15.366], [108.6628, 15.3684], [108.6569, 15.3657], [108.6548, 15.3687], [108.6475, 15.367], [108.6423, 15.368], [108.6405, 15.3649], [108.6345, 15.3631], [108.6323, 15.3589], [108.6224, 15.3572], [108.6149, 15.3534], [108.6026, 15.3525], [108.6025, 15.3458], [108.5959, 15.3442], [108.5912, 15.3467], [108.5874, 15.3431], [108.5804, 15.3447], [108.5707, 15.3419], [108.5677, 15.3387], [108.5591, 15.3342], [108.553, 15.3363], [108.5448, 15.3362], [108.5434, 15.3333], [108.5353, 15.3302], [108.5253, 15.3203], [108.5192, 15.323], [108.5153, 15.3219], [108.5077, 15.3256], [108.4984, 15.3234], [108.4955, 15.3156], [108.4824, 15.308], [108.4751, 15.3104], [108.4606, 15.3097], [108.4504, 15.3103], [108.4482, 15.3121], [108.4385, 15.3123], [108.4356, 15.3167], [108.4354, 15.326], [108.4294, 15.3262], [108.4267, 15.3157], [108.4233, 15.3131], [108.419, 15.3161], [108.4116, 15.3162], [108.4098, 15.3128], [108.4028, 15.3084], [108.4033, 15.3004], [108.3916, 15.2988], [108.3877, 15.3018], [108.3787, 15.3034], [108.3663, 15.2978], [108.3645, 15.2956], [108.3596, 15.2952], [108.355, 15.2968], [108.3514, 15.2961], [108.3425, 15.2984], [108.3355, 15.2969], [108.3298, 15.2999], [108.3222, 15.3016], [108.3141, 15.2981], [108.3106, 15.2909], [108.305, 15.2878], [108.2994, 15.279], [108.3045, 15.2768], [108.3061, 15.2697], [108.3032, 15.2585], [108.2935, 15.253], [108.2907, 15.2465], [108.2812, 15.2432], [108.2846, 15.2362], [108.2895, 15.2337], [108.2865, 15.2271], [108.297, 15.2282], [108.3041, 15.2266], [108.3085, 15.2207], [108.3045, 15.2097], [108.296, 15.2032], [108.2922, 15.2017], [108.2922, 15.1962], [108.3024, 15.193], [108.3029, 15.1876], [108.3, 15.1855], [108.3, 15.1815], [108.3063, 15.1741], [108.3043, 15.1709], [108.2979, 15.1701], [108.2938, 15.1668], [108.2894, 15.1606], [108.2892, 15.1574], [108.2831, 15.153], [108.2839, 15.1493], [108.2767, 15.1421], [108.2783, 15.137], [108.2712, 15.1288], [108.2631, 15.1235], [108.2616, 15.1187], [108.2581, 15.1172], [108.2574, 15.1106], [108.2603, 15.1038], [108.2594, 15.0973], [108.2563, 15.0932], [108.2572, 15.0908], [108.2508, 15.0841], [108.2449, 15.0832], [108.2412, 15.0801], [108.2351, 15.0782], [108.2403, 15.0696], [108.2421, 15.0649], [108.2381, 15.0481], [108.2431, 15.0412], [108.2403, 15.033], [108.2387, 15.032], [108.229, 15.032], [108.2256, 15.0294], [108.2199, 15.0299], [108.2168, 15.0322], [108.2102, 15.033], [108.2084, 15.0374], [108.1994, 15.0441], [108.1961, 15.0407], [108.1918, 15.0458], [108.1918, 15.0487], [108.1841, 15.0556], [108.1768, 15.0601], [108.17, 15.0619], [108.1655, 15.0596], [108.1622, 15.0611], [108.1584, 15.0581], [108.1556, 15.0536], [108.1489, 15.0499], [108.1463, 15.0456], [108.1517, 15.0376], [108.1498, 15.0337], [108.1528, 15.0272], [108.1492, 15.0225], [108.1522, 15.0087], [108.15, 15.0018], [108.1546, 14.9983], [108.1574, 14.9906], [108.1593, 14.9792], [108.1622, 14.9738], [108.1492, 14.9624], [108.1365, 14.9611], [108.1342, 14.959], [108.127, 14.9601], [108.1181, 14.9592], [108.1072, 14.9514], [108.0949, 14.9528], [108.0881, 14.9514], [108.0865, 14.9562], [108.0871, 14.9626], [108.0827, 14.9665], [108.074, 14.9686], [108.069, 14.967], [108.0633, 14.9686], [108.0475, 14.9921], [108.0271, 14.9979], [108.0241, 14.9979], [108.0173, 15.0019], [108.0086, 14.9973], [108.007, 14.9999], [108.0018, 15.002], [107.995, 15.0004], [107.9922, 14.9983], [107.9868, 15.0012], [107.9828, 15.0076], [107.9719, 15.0139], [107.9654, 15.0204], [107.963, 15.0274], [107.9593, 15.0341], [107.9592, 15.0436], [107.9536, 15.0484], [107.9531, 15.0546], [107.9551, 15.0584], [107.9647, 15.0655], [107.9682, 15.0656], [107.9756, 15.0688], [107.9753, 15.0742], [107.9786, 15.0798], [107.9756, 15.0855], [107.9805, 15.0854], [107.9843, 15.0879], [107.9883, 15.0945], [107.9892, 15.1006], [107.9913, 15.1031], [107.9932, 15.1103], [107.9958, 15.1146], [108.002, 15.1193], [107.9985, 15.1238], [107.9983, 15.1277], [108.001, 15.1305], [108.0008, 15.1345], [108.0044, 15.1423], [108.0002, 15.1497], [107.9991, 15.1566], [107.9908, 15.1571], [107.9864, 15.1594], [107.9824, 15.1645], [107.9789, 15.1665], [107.9659, 15.1692], [107.9626, 15.172], [107.9504, 15.1751], [107.95, 15.183], [107.9477, 15.1875], [107.9376, 15.1905], [107.9334, 15.1958], [107.934, 15.2001], [107.9286, 15.2091], [107.9146, 15.212], [107.9094, 15.2067], [107.9001, 15.2055], [107.8985, 15.2021], [107.8912, 15.193], [107.8827, 15.1966], [107.8792, 15.2022], [107.8725, 15.2101], [107.8617, 15.2106], [107.8572, 15.2091], [107.8511, 15.2098], [107.8477, 15.2066], [107.8409, 15.2084], [107.837, 15.2076], [107.8292, 15.209], [107.8191, 15.2164], [107.8148, 15.2136], [107.8089, 15.2122], [107.8, 15.2159], [107.7872, 15.2189], [107.7782, 15.2182], [107.7709, 15.2234], [107.771, 15.2299], [107.7557, 15.2365], [107.7469, 15.2299], [107.7393, 15.2291], [107.7335, 15.2336], [107.7387, 15.2366], [107.7352, 15.2415], [107.7354, 15.2456], [107.7325, 15.2533], [107.7321, 15.2614], [107.7297, 15.263], [107.7301, 15.2703], [107.7286, 15.2863], [107.7271, 15.2884], [107.7298, 15.2995], [107.7279, 15.3033], [107.7301, 15.3081], [107.7156, 15.3077], [107.7073, 15.3037], [107.7018, 15.3111], [107.6931, 15.3175], [107.6906, 15.3258], [107.6862, 15.3273], [107.6847, 15.3302], [107.6791, 15.3344], [107.6795, 15.3394], [107.677, 15.3433], [107.669, 15.3454], [107.6688, 15.348], [107.6636, 15.3532], [107.6624, 15.3568], [107.6646, 15.362], [107.663, 15.3678], [107.6602, 15.3713], [107.6617, 15.3844], [107.6603, 15.3884], [107.6556, 15.3938], [107.6549, 15.3972], [107.6429, 15.4057], [107.6374, 15.4158], [107.6317, 15.4175], [107.6239, 15.4143]]], [[[109.118, 15.3697], [109.1255, 15.3707], [109.1299, 15.3753], [109.1348, 15.3779], [109.1406, 15.3777], [109.1396, 15.3813], [109.1431, 15.3856], [109.1426, 15.3881], [109.1322, 15.3892], [109.128, 15.3913], [109.1121, 15.3919], [109.0993, 15.3899], [109.094, 15.3834], [109.0996, 15.3756], [109.1145, 15.3725], [109.118, 15.3697]]], [[[109.0871, 15.4319], [109.0825, 15.4332], [109.0773, 15.4308], [109.078, 15.4267], [109.0841, 15.4267], [109.0871, 15.4319]]]]}, "properties": {"province_id": "quang_ngai", "name": "Quảng Ngãi", "population": 2161735, "area_km2": 14832.3}}, {"type": "Feature", "geometry": {"type": "MultiPolygon", "coordinates": [[[[106.5019, 21.2244], [106.4984, 21.2112], [106.5008, 21.2033], [106.5003, 21.2008], [106.4945, 21.1991], [106.4969, 21.1847], [106.4929, 21.1835], [106.487, 21.1724], [106.4892, 21.1664], [106.4833, 21.1606], [106.4797, 21.1461], [106.4837, 21.145], [106.4841, 21.1365], [106.4812, 21.1334], [106.4838, 21.1287], [106.4738, 21.1227], [106.473, 21.1188], [106.4655, 21.1177], [106.4616, 21.1151], [106.4524, 21.1184], [106.4415, 21.1169], [106.4423, 21.1098], [106.439, 21.1073], [106.4433, 21.1008], [106.4497, 21.0966], [106.4507, 21.0944], [106.4456, 21.0896], [106.4443, 21.0845], [106.4406, 21.0797], [106.4455, 21.0759], [106.4473, 21.07], [106.454, 21.0699], [106.4552, 21.0657], [106.4584, 21.0649], [106.4767, 21.0695], [106.4873, 21.0679], [106.4986, 21.0607], [106.4998, 21.0575], [106.5036, 21.0565], [106.5088, 21.0586], [106.5177, 21.059], [106.5171, 21.0514], [106.5187, 21.0478], [106.524, 21.0492], [106.5331, 21.0475], [106.5375, 21.0521], [106.546, 21.0546], [106.5557, 21.0529], [106.5625, 21.0561], [106.5685, 21.0531], [106.5721, 21.0563], [106.5773, 21.0563], [106.5855, 21.0501], [106.5962, 21.0406], [106.6023, 21.0385], [106.609, 21.0298], [106.6107, 21.0211], [106.6157, 21.0198], [106.6235, 21.0121], [106.6342, 21.0114], [106.642, 21.0148], [106.6471, 21.0193], [106.6531, 21.019], [106.677, 21.0101], [106.686, 21.0054], [106.7087, 20.9991], [106.7237, 20.9967], [106.7403, 20.999], [106.7474, 20.9975], [106.7568, 20.9918], [106.7657, 20.9795], [106.7688, 20.9711], [106.7696, 20.9581], [106.7691, 20.9429], [106.7717, 20.9242], [106.7711, 20.9136], [106.766, 20.9014], [106.7565, 20.8912], [106.7531, 20.8829], [106.7527, 20.879], [106.7574, 20.8641], [106.7656, 20.8497], [106.7717, 20.8433], [106.7808, 20.8359], [106.7887, 20.832], [106.8083, 20.8311], [106.8166, 20.829], [106.8246, 20.8233], [106.8331, 20.812], [106.8447, 20.8194], [106.8736, 20.8338], [106.8715, 20.8378], [106.8656, 20.8546], [106.8658, 20.8691], [106.8709, 20.873], [106.8708, 20.8792], [106.8758, 20.8869], [106.8766, 20.8911], [106.8812, 20.8929], [106.8854, 20.9021], [106.8957, 20.9037], [106.8965, 20.9024], [106.9133, 20.9089], [106.9197, 20.9105], [106.9301, 20.9078], [106.9388, 20.9091], [106.946, 20.9077], [106.9468, 20.9137], [106.9396, 20.9162], [106.9411, 20.9339], [106.9511, 20.9386], [106.954, 20.9422], [106.959, 20.9438], [106.9619, 20.9508], [106.9722, 20.9516], [106.9787, 20.9544], [106.9876, 20.9567], [106.9899, 20.9533], [106.9977, 20.9526], [107.0033, 20.9543], [107.0094, 20.9521], [107.0189, 20.9511], [107.0193, 20.948], [107.0322, 20.9464], [107.0591, 20.9577], [107.0677, 20.9551], [107.0762, 20.9454], [107.0803, 20.9453], [107.0854, 20.9496], [107.0997, 20.9481], [107.1061, 20.9417], [107.1158, 20.9375], [107.1282, 20.9365], [107.1319, 20.9395], [107.1389, 20.9389], [107.1402, 20.9426], [107.1457, 20.9419], [107.1512, 20.9381], [107.1497, 20.9346], [107.1486, 20.933], [107.1532, 20.932], [107.1593, 20.9274], [107.1639, 20.9292], [107.1641, 20.9319], [107.1747, 20.9341], [107.1918, 20.9353], [107.1993, 20.9347], [107.2033, 20.9405], [107.2021, 20.9465], [107.1969, 20.9509], [107.2009, 20.9549], [107.199, 20.9619], [107.2128, 20.9673], [107.2139, 20.9722], [107.2283, 20.9758], [107.2304, 20.9801], [107.239, 20.9876], [107.241, 20.993], [107.247, 20.9934], [107.2498, 20.9978], [107.2662, 20.9967], [107.2658, 21.0005], [107.2716, 21.0009], [107.2755, 20.9981], [107.2813, 20.9986], [107.2837, 20.9965], [107.2907, 20.9961], [107.2941, 20.9915], [107.3029, 20.9907], [107.308, 20.9943], [107.3133, 20.991], [107.3236, 20.987], [107.328, 20.9864], [107.3308, 20.9914], [107.3416, 20.994], [107.3566, 21.0013], [107.3614, 21.0083], [107.3638, 21.0086], [107.3686, 21.0148], [107.3658, 21.0171], [107.3834, 21.0409], [107.3956, 21.0482], [107.4053, 21.049], [107.4124, 21.0515], [107.4177, 21.0575], [107.4229, 21.0606], [107.4287, 21.0595], [107.4253, 21.0667], [107.4297, 21.0697], [107.4332, 21.0685], [107.4349, 21.073], [107.4409, 21.0747], [107.4468, 21.0799], [107.4532, 21.0872], [107.4585, 21.0825], [107.4648, 21.0865], [107.4688, 21.0868], [107.4729, 21.0951], [107.4788, 21.1031], [107.4857, 21.1061], [107.4862, 21.1083], [107.5064, 21.1216], [107.5116, 21.1239], [107.5183, 21.1299], [107.5231, 21.1309], [107.5316, 21.1356], [107.5354, 21.1398], [107.5411, 21.1432], [107.5649, 21.1612], [107.5684, 21.1664], [107.5736, 21.1708], [107.5739, 21.1754], [107.5815, 21.1765], [107.5848, 21.1796], [107.5873, 21.1851], [107.5931, 21.188], [107.5934, 21.1909], [107.5985, 21.199], [107.599, 21.2016], [107.6058, 21.2037], [107.6116, 21.2182], [107.6068, 21.2193], [107.5963, 21.2189], [107.5939, 21.2143], [107.5811, 21.2066], [107.5689, 21.203], [107.5639, 21.2034], [107.5568, 21.1994], [107.5482, 21.1975], [107.543, 21.1975], [107.5432, 21.1931], [107.5388, 21.1935], [107.5378, 21.1965], [107.5309, 21.1989], [107.5341, 21.2014], [107.5327, 21.2107], [107.5298, 21.2162], [107.526, 21.2199], [107.527, 21.2231], [107.5231, 21.2268], [107.5182, 21.2266], [107.5187, 21.2305], [107.5042, 21.2411], [107.5005, 21.2457], [107.5005, 21.2923], [107.5125, 21.2946], [107.5196, 21.2923], [107.5363, 21.29], [107.5473, 21.2902], [107.55, 21.2934], [107.5591, 21.2929], [107.565, 21.287], [107.5693, 21.2863], [107.5701, 21.2915], [107.5762, 21.292], [107.5806, 21.2882], [107.5856, 21.2874], [107.5878, 21.2905], [107.5931, 21.2918], [107.5992, 21.2897], [107.6055, 21.2911], [107.6094, 21.2969], [107.6183, 21.3055], [107.615, 21.3102], [107.6213, 21.3117], [107.6233, 21.3177], [107.6295, 21.3236], [107.6289, 21.3263], [107.6346, 21.334], [107.6424, 21.3398], [107.6478, 21.3477], [107.6477, 21.3532], [107.6504, 21.3541], [107.6478, 21.366], [107.6548, 21.3708], [107.6609, 21.3674], [107.6682, 21.3692], [107.6691, 21.3745], [107.6738, 21.3769], [107.6756, 21.3807], [107.6872, 21.3823], [107.6959, 21.3893], [107.7038, 21.3888], [107.7095, 21.3869], [107.715, 21.3894], [107.7189, 21.3943], [107.7384, 21.399], [107.7552, 21.4047], [107.753, 21.4107], [107.7586, 21.417], [107.7567, 21.4181], [107.7616, 21.4248], [107.7575, 21.4262], [107.759, 21.4317], [107.7625, 21.4352], [107.7617, 21.4393], [107.7649, 21.4419], [107.7654, 21.4469], [107.775, 21.4543], [107.7797, 21.455], [107.7846, 21.4598], [107.7832, 21.462], [107.7873, 21.4693], [107.7921, 21.4722], [107.8172, 21.4708], [107.8262, 21.4694], [107.826, 21.4588], [107.8329, 21.4507], [107.8369, 21.4512], [107.837, 21.4406], [107.8418, 21.447], [107.8454, 21.4497], [107.8492, 21.4595], [107.8937, 21.4625], [107.8891, 21.4554], [107.8878, 21.4491], [107.8851, 21.4458], [107.884, 21.4379], [107.8934, 21.4348], [107.895, 21.4302], [107.9067, 21.4245], [107.9128, 21.4176], [107.9187, 21.4061], [107.9215, 21.403], [107.9279, 21.3999], [107.9529, 21.4013], [107.9523, 21.4052], [107.9564, 21.4099], [107.9565, 21.4147], [107.9545, 21.422], [107.9519, 21.4255], [107.9529, 21.4298], [107.9523, 21.4365], [107.9546, 21.4415], [107.9672, 21.4463], [107.9678, 21.4404], [107.9658, 21.4347], [107.9694, 21.4332], [107.9775, 21.436], [107.9825, 21.4449], [107.9935, 21.4572], [108.0029, 21.4657], [108.0098, 21.4702], [108.0207, 21.476], [108.0382, 21.4817], [108.0598, 21.4849], [108.0668, 21.4887], [108.0677, 21.4935], [108.0646, 21.4941], [108.05, 21.4935], [108.0411, 21.4925], [108.0318, 21.4871], [108.0272, 21.4876], [108.0266, 21.4957], [108.0276, 21.4984], [108.0323, 21.4985], [108.0327, 21.5032], [108.0363, 21.5028], [108.0343, 21.5094], [108.0271, 21.5091], [108.0268, 21.5139], [108.0377, 21.5156], [108.0379, 21.5222], [108.0319, 21.5287], [108.0341, 21.5322], [108.0384, 21.531], [108.0421, 21.5255], [108.046, 21.5243], [108.0492, 21.5287], [108.0446, 21.5358], [108.0367, 21.5404], [108.0359, 21.5464], [108.022, 21.5485], [108.0109, 21.5465], [108.0062, 21.5485], [107.9925, 21.5465], [107.9857, 21.5438], [107.9799, 21.5447], [107.9743, 21.5395], [107.9712, 21.5408], [107.9679, 21.5366], [107.961, 21.5378], [107.9554, 21.5366], [107.9518, 21.5398], [107.942, 21.5659], [107.9427, 21.5698], [107.9359, 21.5747], [107.9294, 21.5772], [107.9277, 21.5815], [107.9236, 21.5854], [107.922, 21.5893], [107.916, 21.5861], [107.8994, 21.5926], [107.8962, 21.5963], [107.8902, 21.5988], [107.893, 21.602], [107.8915, 21.6066], [107.8852, 21.6064], [107.8834, 21.6123], [107.8899, 21.6141], [107.8907, 21.6167], [107.8853, 21.621], [107.8881, 21.626], [107.8778, 21.6321], [107.8777, 21.6403], [107.8715, 21.642], [107.8714, 21.6474], [107.8675, 21.6495], [107.8604, 21.6496], [107.8574, 21.6548], [107.8522, 21.6506], [107.8455, 21.6491], [107.8435, 21.6415], [107.8339, 21.6434], [107.8308, 21.6498], [107.8269, 21.6533], [107.8212, 21.6537], [107.8155, 21.6584], [107.811, 21.6572], [107.804, 21.6578], [107.8037, 21.655], [107.7963, 21.6536], [107.7885, 21.6561], [107.7828, 21.6554], [107.7791, 21.6481], [107.7735, 21.6483], [107.7708, 21.6449], [107.7643, 21.6429], [107.7553, 21.6422], [107.7412, 21.639], [107.7348, 21.6326], [107.7291, 21.63], [107.7213, 21.6288], [107.7154, 21.6213], [107.7059, 21.6187], [107.6991, 21.6157], [107.6949, 21.6165], [107.6905, 21.6147], [107.6868, 21.6107], [107.6751, 21.6107], [107.6692, 21.614], [107.6652, 21.6141], [107.6608, 21.6104], [107.6516, 21.6075], [107.6303, 21.6074], [107.621, 21.6086], [107.6119, 21.6082], [107.603, 21.6036], [107.5903, 21.6065], [107.5854, 21.6107], [107.5826, 21.6163], [107.5735, 21.6166], [107.5694, 21.6121], [107.5568, 21.6128], [107.5568, 21.6093], [107.5481, 21.599], [107.5467, 21.5937], [107.5433, 21.5894], [107.538, 21.5938], [107.5331, 21.5933], [107.5307, 21.5904], [107.5228, 21.5906], [107.5197, 21.5935], [107.5162, 21.5931], [107.5048, 21.5977], [107.4998, 21.595], [107.4926, 21.5966], [107.4896, 21.5987], [107.4906, 21.6037], [107.4937, 21.6047], [107.494, 21.6092], [107.4981, 21.6148], [107.4923, 21.6241], [107.4884, 21.6241], [107.4839, 21.631], [107.4851, 21.6368], [107.4834, 21.6452], [107.4839, 21.6488], [107.4809, 21.6542], [107.4822, 21.6569], [107.4781, 21.6619], [107.4668, 21.6649], [107.4555, 21.6591], [107.4494, 21.6578], [107.4389, 21.6514], [107.434, 21.6511], [107.4272, 21.6459], [107.4171, 21.6395], [107.4175, 21.6328], [107.4089, 21.6272], [107.4082, 21.623], [107.3988, 21.6194], [107.3951, 21.6167], [107.3978, 21.6098], [107.3935, 21.6079], [107.3911, 21.6034], [107.3843, 21.5986], [107.3827, 21.5956], [107.3732, 21.5991], [107.3683, 21.6027], [107.3653, 21.5991], [107.3623, 21.6001], [107.3584, 21.5951], [107.3467, 21.5946], [107.3383, 21.5884], [107.33, 21.5874], [107.3276, 21.5923], [107.3223, 21.5941], [107.3173, 21.5936], [107.3137, 21.59], [107.3089, 21.596], [107.2943, 21.5922], [107.2905, 21.5853], [107.2902, 21.5817], [107.2842, 21.5789], [107.2842, 21.569], [107.2804, 21.5649], [107.2734, 21.5625], [107.267, 21.5649], [107.2557, 21.5619], [107.2531, 21.5587], [107.2476, 21.5565], [107.2472, 21.5496], [107.2453, 21.5482], [107.2403, 21.5515], [107.2324, 21.5545], [107.2279, 21.5517], [107.2226, 21.5532], [107.2169, 21.5524], [107.2136, 21.5474], [107.2072, 21.5447], [107.2046, 21.5406], [107.2112, 21.5309], [107.2165, 21.5316], [107.2216, 21.5262], [107.2235, 21.5197], [107.2302, 21.521], [107.2337, 21.5194], [107.2339, 21.5142], [107.2386, 21.5058], [107.2363, 21.5027], [107.2365, 21.4963], [107.2464, 21.4824], [107.245, 21.4779], [107.2397, 21.4728], [107.242, 21.4685], [107.2384, 21.4593], [107.241, 21.4551], [107.2414, 21.4458], [107.2455, 21.4435], [107.2453, 21.4393], [107.2418, 21.4349], [107.2479, 21.4296], [107.2483, 21.4236], [107.254, 21.4226], [107.2574, 21.4172], [107.2562, 21.4137], [107.2587, 21.4074], [107.2577, 21.4046], [107.265, 21.4001], [107.2607, 21.392], [107.2612, 21.388], [107.2585, 21.3844], [107.259, 21.3792], [107.2557, 21.3708], [107.2519, 21.3663], [107.2459, 21.3671], [107.2407, 21.3649], [107.2355, 21.3737], [107.2275, 21.3775], [107.2227, 21.3851], [107.2172, 21.3885], [107.2094, 21.3866], [107.2037, 21.379], [107.1993, 21.3776], [107.1941, 21.3791], [107.192, 21.3755], [107.1862, 21.3758], [107.1827, 21.3711], [107.1773, 21.3691], [107.1699, 21.3635], [107.1555, 21.3681], [107.1472, 21.3644], [107.1419, 21.3664], [107.1433, 21.3691], [107.1345, 21.3711], [107.1269, 21.3692], [107.1108, 21.3761], [107.1056, 21.3752], [107.102, 21.3769], [107.0972, 21.374], [107.0946, 21.3617], [107.0929, 21.3575], [107.0852, 21.3553], [107.0831, 21.3507], [107.0787, 21.3463], [107.0633, 21.3484], [107.0596, 21.346], [107.0578, 21.3407], [107.0519, 21.3355], [107.0492, 21.3283], [107.0417, 21.3281], [107.032, 21.3251], [107.0334, 21.3219], [107.0337, 21.3143], [107.0307, 21.3095], [107.0263, 21.3071], [107.02, 21.2992], [107.0157, 21.2989], [107.0104, 21.295], [107.0032, 21.2933], [106.9999, 21.2954], [106.9931, 21.2932], [106.9837, 21.2921], [106.9725, 21.284], [106.9749, 21.2801], [106.9743, 21.2748], [106.9757, 21.2708], [106.984, 21.2654], [106.9858, 21.2569], [106.9813, 21.2491], [106.9814, 21.2444], [106.9772, 21.2395], [106.9779, 21.2336], [106.9762, 21.2299], [106.9783, 21.2264], [106.9691, 21.2235], [106.9626, 21.2102], [106.9562, 21.2064], [106.9554, 21.1902], [106.9474, 21.1885], [106.9458, 21.1798], [106.9427, 21.1733], [106.9376, 21.172], [106.9358, 21.1689], [106.9305, 21.1707], [106.9232, 21.1771], [106.9228, 21.1789], [106.9163, 21.1844], [106.9043, 21.1829], [106.8926, 21.1789], [106.8837, 21.1836], [106.8804, 21.1827], [106.8738, 21.1739], [106.863, 21.1754], [106.8588, 21.1784], [106.8569, 21.1882], [106.8509, 21.1886], [106.8408, 21.186], [106.8254, 21.1882], [106.8254, 21.1822], [106.8272, 21.1784], [106.826, 21.1665], [106.827, 21.1626], [106.8332, 21.1525], [106.8189, 21.1563], [106.8128, 21.1538], [106.8048, 21.1546], [106.7949, 21.1491], [106.7853, 21.1513], [106.7692, 21.1524], [106.7671, 21.1558], [106.7577, 21.1552], [106.7438, 21.1568], [106.733, 21.1612], [106.7249, 21.159], [106.7216, 21.1619], [106.7151, 21.1607], [106.7065, 21.1684], [106.7025, 21.1669], [106.6964, 21.1703], [106.682, 21.1666], [106.6799, 21.1698], [106.6715, 21.17], [106.6564, 21.1742], [106.6534, 21.1734], [106.6411, 21.1805], [106.6403, 21.1715], [106.631, 21.1719], [106.6255, 21.1709], [106.6203, 21.1721], [106.6097, 21.1702], [106.6087, 21.1757], [106.605, 21.1797], [106.5888, 21.1781], [106.5909, 21.1838], [106.5876, 21.1882], [106.5799, 21.1924], [106.5678, 21.1888], [106.5638, 21.1916], [106.5561, 21.1945], [106.5462, 21.191], [106.5425, 21.1924], [106.5413, 21.1967], [106.5361, 21.2057], [106.5336, 21.2141], [106.5304, 21.2182], [106.5294, 21.2226], [106.5194, 21.2251], [106.5124, 21.2216], [106.5073, 21.2218], [106.5019, 21.2244]]], [[[106.9941, 20.9235], [106.9928, 20.9271], [106.9965, 20.9322], [106.996, 20.9367], [106.9916, 20.9405], [106.9842, 20.942], [106.9827, 20.94], [106.974, 20.9388], [106.9722, 20.9361], [106.9751, 20.9326], [106.976, 20.925], [106.9753, 20.9201], [106.9782, 20.914], [106.9879, 20.9138], [106.99, 20.9166], [106.99, 20.9222], [106.9941, 20.9235]]], [[[107.15, 20.938], [107.1441, 20.9374], [107.1446, 20.9332], [107.1465, 20.9324], [107.1495, 20.9346], [107.15, 20.938]]], [[[107.2179, 20.9627], [107.2169, 20.9648], [107.21, 20.9636], [107.2079, 20.9566], [107.2048, 20.9537], [107.2057, 20.949], [107.2123, 20.9521], [107.2143, 20.9562], [107.2127, 20.9594], [107.2179, 20.9627]]], [[[107.3413, 20.8484], [107.3366, 20.8526], [107.3346, 20.8484], [107.3387, 20.8369], [107.3425, 20.8317], [107.3405, 20.8274], [107.3439, 20.8042], [107.3476, 20.8033], [107.3498, 20.8066], [107.3651, 20.8057], [107.3709, 20.8039], [107.3756, 20.7997], [107.3805, 20.7934], [107.3843, 20.7949], [107.3848, 20.7985], [107.3807, 20.8023], [107.3797, 20.8138], [107.3803, 20.8245], [107.3738, 20.8255], [107.368, 20.8247], [107.3569, 20.8311], [107.3564, 20.8355], [107.3522, 20.8368], [107.351, 20.8324], [107.3472, 20.8306], [107.3463, 20.8401], [107.3413, 20.8484]]], [[[107.3615, 20.8378], [107.3593, 20.8433], [107.3568, 20.8431], [107.3564, 20.8371], [107.3615, 20.8378]]], [[[107.3038, 20.8991], [107.2968, 20.9026], [107.2964, 20.8988], [107.2997, 20.892], [107.3101, 20.8808], [107.3137, 20.8846], [107.3095, 20.893], [107.3038, 20.8991]]], [[[107.3437, 20.8972], [107.3422, 20.8926], [107.3467, 20.889], [107.3505, 20.8932], [107.3437, 20.8972]]], [[[107.3149, 20.9093], [107.3136, 20.9142], [107.3059, 20.9077], [107.3102, 20.9005], [107.3084, 20.8977], [107.3158, 20.8851], [107.3214, 20.8868], [107.3185, 20.8965], [107.319, 20.9001], [107.3149, 20.9093]]], [[[107.3432, 20.9213], [107.3206, 20.9281], [107.3172, 20.9283], [107.3108, 20.9241], [107.312, 20.9224], [107.3209, 20.9224], [107.3232, 20.9195], [107.3317, 20.918], [107.341, 20.9138], [107.3493, 20.915], [107.3432, 20.9213]]], [[[107.3832, 20.9561], [107.3829, 20.9616], [107.3772, 20.9574], [107.3744, 20.9602], [107.3706, 20.9559], [107.3679, 20.9501], [107.3646, 20.9476], [107.3525, 20.9413], [107.3487, 20.9418], [107.3412, 20.9392], [107.3376, 20.944], [107.329, 20.9432], [107.3232, 20.9413], [107.3195, 20.9382], [107.3114, 20.935], [107.3177, 20.931], [107.3317, 20.9278], [107.3363, 20.9277], [107.3489, 20.9251], [107.3613, 20.9299], [107.3675, 20.9338], [107.3718, 20.9404], [107.377, 20.9425], [107.3842, 20.9499], [107.3832, 20.9561]]], [[[107.3992, 20.7527], [107.3986, 20.7568], [107.3929, 20.7574], [107.388, 20.7529], [107.3887, 20.7452], [107.3956, 20.7487], [107.3992, 20.7527]]], [[[107.3614, 20.8872], [107.3534, 20.891], [107.3498, 20.8881], [107.3456, 20.8874], [107.3396, 20.8897], [107.3367, 20.894], [107.3317, 20.8953], [107.3289, 20.8935], [107.3284, 20.889], [107.3306, 20.8836], [107.3283, 20.8798], [107.3299, 20.876], [107.3371, 20.8725], [107.3373, 20.8814], [107.3386, 20.887], [107.3453, 20.8746], [107.3451, 20.8698], [107.351, 20.8611], [107.3551, 20.8593], [107.3585, 20.8621], [107.3641, 20.8602], [107.3733, 20.8589], [107.3798, 20.8627], [107.3838, 20.8667], [107.3887, 20.8638], [107.3921, 20.8654], [107.3864, 20.8704], [107.3827, 20.87], [107.3731, 20.8758], [107.3744, 20.8775], [107.387, 20.8767], [107.392, 20.8776], [107.3929, 20.8813], [107.3868, 20.8858], [107.3856, 20.89], [107.3794, 20.8885], [107.3733, 20.8916], [107.3694, 20.8895], [107.3642, 20.8898], [107.3614, 20.8872]]], [[[107.3557, 20.9002], [107.3588, 20.9012], [107.3745, 20.903], [107.3854, 20.9058], [107.3964, 20.9107], [107.3977, 20.9128], [107.4057, 20.9135], [107.4081, 20.9162], [107.414, 20.919], [107.4198, 20.9196], [107.4224, 20.9251], [107.4281, 20.9277], [107.435, 20.9357], [107.4449, 20.9424], [107.4504, 20.9519], [107.4508, 20.9579], [107.4549, 20.9663], [107.4508, 20.969], [107.4353, 20.9583], [107.4278, 20.9498], [107.4274, 20.9469], [107.421, 20.9485], [107.4198, 20.941], [107.413, 20.9254], [107.4054, 20.92], [107.3931, 20.917], [107.3865, 20.9168], [107.3718, 20.9101], [107.3513, 20.9053], [107.3501, 20.9028], [107.3557, 20.9002]]], [[[107.3854, 20.9416], [107.3924, 20.9428], [107.3894, 20.946], [107.3856, 20.9461], [107.3854, 20.9416]]], [[[107.3827, 21.0202], [107.3858, 21.0278], [107.3884, 21.0309], [107.3928, 21.0314], [107.3915, 21.0358], [107.3881, 21.0386], [107.3831, 21.0379], [107.3828, 21.0325], [107.3799, 21.0194], [107.3827, 21.0202]]], [[[107.4141, 20.805], [107.4067, 20.8097], [107.4036, 20.8079], [107.3997, 20.8014], [107.399, 20.7944], [107.4005, 20.7929], [107.3993, 20.7865], [107.3999, 20.78], [107.4066, 20.7783], [107.4114, 20.7732], [107.4161, 20.7747], [107.4179, 20.7872], [107.4224, 20.7973], [107.4199, 20.8018], [107.4141, 20.805]]], [[[107.4481, 20.9005], [107.4453, 20.9053], [107.4406, 20.9047], [107.4373, 20.902], [107.4197, 20.8964], [107.4157, 20.8921], [107.424, 20.8885], [107.4283, 20.8837], [107.4395, 20.887], [107.4439, 20.8917], [107.4491, 20.8929], [107.4523, 20.9004], [107.4481, 20.9005]]], [[[107.4661, 20.7272], [107.4696, 20.7303], [107.4705, 20.7372], [107.4663, 20.7374], [107.463, 20.7321], [107.458, 20.7272], [107.4515, 20.7228], [107.4488, 20.7232], [107.4469, 20.7179], [107.4538, 20.7167], [107.4582, 20.7185], [107.4661, 20.7272]]], [[[107.4813, 20.9674], [107.4798, 20.9756], [107.4757, 20.9776], [107.4709, 20.975], [107.4706, 20.972], [107.4648, 20.9657], [107.46, 20.9558], [107.4576, 20.9542], [107.457, 20.9462], [107.4514, 20.9405], [107.4434, 20.9342], [107.4449, 20.9321], [107.4509, 20.9347], [107.4526, 20.9381], [107.4574, 20.9404], [107.4603, 20.9445], [107.4653, 20.9473], [107.4735, 20.9555], [107.4785, 20.9653], [107.4813, 20.9674]]], [[[107.4461, 21.0218], [107.4419, 21.021], [107.4342, 21.0117], [107.4411, 21.0114], [107.4461, 21.0218]]], [[[107.489, 20.7715], [107.4819, 20.7714], [107.4727, 20.7627], [107.4754, 20.759], [107.4819, 20.7575], [107.4875, 20.763], [107.4897, 20.7677], [107.489, 20.7715]]], [[[107.5338, 20.9095], [107.5443, 20.922], [107.5512, 20.9253], [107.5605, 20.9339], [107.5572, 20.9371], [107.5517, 20.9475], [107.5522, 20.9522], [107.5563, 20.961], [107.5596, 20.9634], [107.5595, 20.9685], [107.5508, 20.9665], [107.5479, 20.9627], [107.5432, 20.9618], [107.5371, 20.9526], [107.531, 20.9409], [107.5312, 20.9359], [107.5268, 20.9241], [107.5209, 20.9166], [107.5105, 20.9123], [107.5049, 20.9112], [107.5027, 20.9084], [107.4955, 20.9071], [107.4921, 20.9018], [107.4864, 20.9028], [107.4792, 20.8991], [107.4796, 20.8945], [107.4766, 20.8922], [107.4744, 20.885], [107.477, 20.8804], [107.4838, 20.8791], [107.4901, 20.8759], [107.4924, 20.8723], [107.4904, 20.8641], [107.4827, 20.8575], [107.4835, 20.8523], [107.4766, 20.8326], [107.4712, 20.8263], [107.4718, 20.8197], [107.4684, 20.8168], [107.4712, 20.8142], [107.4774, 20.816], [107.4823, 20.8231], [107.4855, 20.8342], [107.4875, 20.8365], [107.4918, 20.8472], [107.4952, 20.861], [107.5011, 20.8696], [107.5074, 20.8767], [107.5184, 20.8834], [107.5198, 20.89], [107.5237, 20.8971], [107.5338, 20.9095]]], [[[107.5161, 20.9233], [107.5231, 20.9301], [107.5223, 20.9392], [107.5266, 20.9426], [107.5321, 20.9572], [107.5351, 20.962], [107.5394, 20.978], [107.5444, 20.9814], [107.547, 20.9888], [107.5523, 20.9951], [107.548, 20.9953], [107.5436, 21.0023], [107.5469, 21.0069], [107.5449, 21.0124], [107.5457, 21.0198], [107.5527, 21.0255], [107.5575, 21.0342], [107.5608, 21.0376], [107.5575, 21.0457], [107.5505, 21.0451], [107.5496, 21.0396], [107.5514, 21.0334], [107.5503, 21.0301], [107.5462, 21.0271], [107.5424, 21.021], [107.5408, 21.0159], [107.5359, 21.0096], [107.5336, 21.0227], [107.5376, 21.0293], [107.5364, 21.0342], [107.5381, 21.0419], [107.5339, 21.04], [107.5279, 21.0312], [107.5253, 21.031], [107.5232, 21.0247], [107.5194, 21.0246], [107.5146, 21.017], [107.5142, 21.0112], [107.5108, 21.012], [107.5096, 21.0185], [107.5031, 21.0122], [107.4977, 21.0004], [107.491, 20.9948], [107.49, 20.9889], [107.4853, 20.9877], [107.4864, 20.9811], [107.4796, 20.9818], [107.4834, 20.9738], [107.4889, 20.9739], [107.4881, 20.9649], [107.4822, 20.9577], [107.482, 20.9547], [107.4759, 20.9477], [107.4622, 20.9388], [107.4576, 20.9366], [107.453, 20.9321], [107.4459, 20.9301], [107.4371, 20.9219], [107.4339, 20.9177], [107.4221, 20.9165], [107.4185, 20.9148], [107.4152, 20.9092], [107.4034, 20.9031], [107.3967, 20.9032], [107.3941, 20.8993], [107.3955, 20.8923], [107.3987, 20.8912], [107.4069, 20.8937], [107.4083, 20.8973], [107.419, 20.9034], [107.4252, 20.9043], [107.4335, 20.9089], [107.4453, 20.9126], [107.4566, 20.9172], [107.4608, 20.9116], [107.4549, 20.9101], [107.4611, 20.9049], [107.4773, 20.911], [107.4819, 20.9101], [107.4835, 20.9156], [107.4868, 20.9135], [107.4928, 20.9142], [107.4958, 20.9164], [107.506, 20.9184], [107.507, 20.9208], [107.5141, 20.9212], [107.5161, 20.9233]]], [[[107.5325, 21.0699], [107.5266, 21.0732], [107.5269, 21.0674], [107.5196, 21.0612], [107.5191, 21.0567], [107.51, 21.0557], [107.5058, 21.0513], [107.5015, 21.0506], [107.4998, 21.0458], [107.5018, 21.0413], [107.5045, 21.0414], [107.5118, 21.0499], [107.5173, 21.0466], [107.5239, 21.0518], [107.5267, 21.0566], [107.533, 21.0536], [107.5321, 21.0583], [107.5367, 21.0615], [107.537, 21.0642], [107.5325, 21.0699]]], [[[107.5081, 21.0707], [107.515, 21.0734], [107.5076, 21.0756], [107.5033, 21.073], [107.498, 21.0728], [107.499, 21.0684], [107.5033, 21.0674], [107.5081, 21.0707]]], [[[107.5349, 21.2814], [107.5311, 21.2854], [107.5232, 21.2795], [107.5226, 21.2766], [107.5264, 21.2679], [107.529, 21.2649], [107.5333, 21.2654], [107.5391, 21.2708], [107.5484, 21.2753], [107.5508, 21.2783], [107.5441, 21.282], [107.5366, 21.2828], [107.5349, 21.2814]]], [[[107.5443, 21.0279], [107.5379, 21.0274], [107.5399, 21.0241], [107.5443, 21.0279]]], [[[107.6237, 21.109], [107.6298, 21.1202], [107.6254, 21.1196], [107.6208, 21.1154], [107.6119, 21.103], [107.6079, 21.0962], [107.6023, 21.0891], [107.5976, 21.0855], [107.5929, 21.0783], [107.5895, 21.0756], [107.5854, 21.0649], [107.587, 21.0563], [107.5861, 21.0498], [107.5841, 21.0479], [107.5831, 21.0404], [107.585, 21.0356], [107.5777, 21.0302], [107.573, 21.0226], [107.5701, 21.0142], [107.5715, 21.0115], [107.5646, 20.9998], [107.5667, 20.9912], [107.5731, 20.9904], [107.5728, 20.9878], [107.5649, 20.9854], [107.5623, 20.975], [107.5648, 20.9695], [107.5697, 20.9713], [107.577, 20.9791], [107.5787, 20.9874], [107.5848, 21.0039], [107.5882, 21.0244], [107.5914, 21.0283], [107.5965, 21.0302], [107.5997, 21.0408], [107.5991, 21.0491], [107.6031, 21.0537], [107.6099, 21.0665], [107.6097, 21.0711], [107.6155, 21.0846], [107.616, 21.09], [107.6237, 21.109]]], [[[107.5598, 21.0568], [107.5579, 21.0589], [107.5588, 21.0686], [107.5535, 21.0678], [107.5487, 21.0609], [107.5487, 21.0542], [107.5567, 21.05], [107.5598, 21.0568]]], [[[107.5811, 21.1121], [107.5807, 21.1172], [107.5715, 21.1178], [107.5628, 21.1115], [107.5555, 21.1147], [107.5535, 21.1178], [107.5494, 21.1142], [107.5452, 21.1062], [107.5445, 21.1001], [107.5354, 21.0953], [107.5396, 21.0892], [107.5338, 21.0894], [107.5322, 21.0874], [107.526, 21.088], [107.5295, 21.0788], [107.5372, 21.0706], [107.5389, 21.0649], [107.5453, 21.0678], [107.5465, 21.0708], [107.5551, 21.0734], [107.5604, 21.0762], [107.5624, 21.0801], [107.5605, 21.0845], [107.5551, 21.0841], [107.5539, 21.0875], [107.5606, 21.0872], [107.5673, 21.0822], [107.571, 21.0849], [107.574, 21.0945], [107.5785, 21.1027], [107.5751, 21.1063], [107.5801, 21.109], [107.5811, 21.1121]]], [[[107.5847, 21.0935], [107.5886, 21.1009], [107.585, 21.1012], [107.5847, 21.0935]]], [[[107.5766, 21.1272], [107.5825, 21.1344], [107.5812, 21.1384], [107.5773, 21.1384], [107.5718, 21.1341], [107.5662, 21.1379], [107.5616, 21.135], [107.5621, 21.1322], [107.5565, 21.1287], [107.556, 21.1225], [107.5585, 21.1196], [107.5641, 21.1183], [107.5715, 21.1248], [107.5766, 21.1272]]], [[[107.6502, 21.141], [107.6441, 21.1381], [107.6444, 21.1323], [107.6502, 21.141]]], [[[107.668, 21.1763], [107.6724, 21.1849], [107.6726, 21.1933], [107.6743, 21.2029], [107.6821, 21.2126], [107.6778, 21.2151], [107.6697, 21.2075], [107.6686, 21.2015], [107.6616, 21.1903], [107.6562, 21.1869], [107.6559, 21.1823], [107.6593, 21.1787], [107.6588, 21.1674], [107.6563, 21.1592], [107.6548, 21.1509], [107.6543, 21.1401], [107.657, 21.1378], [107.6658, 21.1453], [107.6642, 21.1621], [107.668, 21.1763]]], [[[107.5756, 21.2079], [107.5868, 21.2137], [107.5844, 21.2162], [107.5792, 21.2126], [107.5756, 21.2079]]], [[[107.5941, 21.2273], [107.5995, 21.2302], [107.5947, 21.2328], [107.5838, 21.2263], [107.5845, 21.2234], [107.5941, 21.2273]]], [[[107.6324, 21.2331], [107.6384, 21.2421], [107.628, 21.237], [107.6324, 21.2331]]], [[[107.6353, 21.2559], [107.6235, 21.2542], [107.6198, 21.255], [107.6167, 21.2507], [107.6087, 21.2484], [107.6015, 21.2431], [107.5931, 21.2402], [107.5958, 21.2363], [107.6032, 21.2405], [107.6053, 21.2368], [107.6095, 21.2347], [107.614, 21.2368], [107.6253, 21.246], [107.6304, 21.247], [107.633, 21.2504], [107.6313, 21.2531], [107.6353, 21.2559]]], [[[107.5453, 21.2664], [107.5466, 21.2708], [107.539, 21.2676], [107.5355, 21.2619], [107.5394, 21.2585], [107.5457, 21.2562], [107.5491, 21.26], [107.5453, 21.2664]]], [[[107.5477, 21.2646], [107.5512, 21.2555], [107.5593, 21.2537], [107.5652, 21.2592], [107.5773, 21.2595], [107.5756, 21.2626], [107.5865, 21.261], [107.5857, 21.2659], [107.5815, 21.2668], [107.5732, 21.2726], [107.5708, 21.2765], [107.5633, 21.2763], [107.5493, 21.2724], [107.5458, 21.2671], [107.5477, 21.2646]]], [[[107.6437, 21.267], [107.6478, 21.2669], [107.6492, 21.2704], [107.6475, 21.2738], [107.6419, 21.2697], [107.6437, 21.267]]], [[[107.6681, 21.2788], [107.6649, 21.2837], [107.6577, 21.2806], [107.6507, 21.2756], [107.6507, 21.2721], [107.6561, 21.2711], [107.6632, 21.277], [107.6681, 21.2788]]], [[[107.5556, 21.281], [107.5531, 21.2838], [107.5494, 21.2807], [107.5521, 21.2778], [107.5556, 21.281]]], [[[107.6974, 21.2951], [107.6998, 21.2986], [107.6829, 21.2941], [107.6781, 21.29], [107.6731, 21.2901], [107.669, 21.283], [107.6739, 21.2802], [107.6847, 21.2845], [107.6879, 21.29], [107.6913, 21.2897], [107.6974, 21.2951]]], [[[107.5784, 21.284], [107.5816, 21.2861], [107.5759, 21.291], [107.573, 21.2881], [107.5757, 21.2838], [107.5784, 21.284]]], [[[107.7913, 20.9747], [107.7847, 20.9766], [107.7843, 20.9735], [107.7894, 20.9721], [107.7913, 20.9747]]], [[[107.7783, 20.9733], [107.7784, 20.9785], [107.7843, 20.983], [107.7867, 20.988], [107.7859, 20.9907], [107.7809, 20.9923], [107.7756, 20.9972], [107.7629, 21.0119], [107.757, 21.0145], [107.7505, 21.0194], [107.7482, 21.0239], [107.7439, 21.0221], [107.7369, 21.0147], [107.7335, 21.0071], [107.7309, 21.0052], [107.7309, 20.9998], [107.7372, 20.9971], [107.7349, 20.991], [107.7444, 20.9886], [107.7537, 20.9831], [107.7584, 20.9782], [107.7615, 20.973], [107.761, 20.9678], [107.7481, 20.9571], [107.7459, 20.9518], [107.7388, 20.9442], [107.7434, 20.9428], [107.7481, 20.9473], [107.75, 20.9547], [107.7566, 20.9563], [107.7597, 20.9541], [107.7708, 20.9649], [107.778, 20.9675], [107.7807, 20.9703], [107.7783, 20.9733]]], [[[107.8612, 21.0372], [107.8598, 21.0435], [107.8547, 21.0454], [107.8462, 21.04], [107.8389, 21.0445], [107.8351, 21.0412], [107.8296, 21.0303], [107.8232, 21.0288], [107.8199, 21.0205], [107.8139, 21.0158], [107.8073, 21.0033], [107.8094, 21.0006], [107.805, 20.9948], [107.8083, 20.9845], [107.8041, 20.9796], [107.8075, 20.9763], [107.8111, 20.9783], [107.8125, 20.9824], [107.8198, 20.9815], [107.8235, 20.9835], [107.8204, 20.9871], [107.823, 20.9941], [107.828, 20.9956], [107.8305, 20.9998], [107.8361, 21.0008], [107.8347, 21.0049], [107.8385, 21.0109], [107.8426, 21.0113], [107.8443, 21.0149], [107.8568, 21.0245], [107.8622, 21.0258], [107.8612, 21.0372]]], [[[107.8202, 21.0327], [107.8245, 21.033], [107.8255, 21.0368], [107.8194, 21.0372], [107.8202, 21.0327]]], [[[107.783, 21.0384], [107.7783, 21.0513], [107.7746, 21.0486], [107.7697, 21.0487], [107.7636, 21.0432], [107.763, 21.0347], [107.7645, 21.0309], [107.7701, 21.0311], [107.7776, 21.0337], [107.783, 21.0384]]], [[[107.8143, 21.1081], [107.8212, 21.1106], [107.8206, 21.1144], [107.8174, 21.1164], [107.8117, 21.1135], [107.8111, 21.1081], [107.8143, 21.1081]]], [[[107.8709, 21.1414], [107.8704, 21.146], [107.8646, 21.1467], [107.8679, 21.1396], [107.8709, 21.1414]]], [[[107.8623, 21.157], [107.861, 21.1607], [107.8532, 21.1564], [107.8557, 21.1528], [107.8623, 21.157]]], [[[108.0189, 21.1886], [108.0215, 21.1913], [108.0191, 21.1941], [108.0148, 21.1945], [108.0105, 21.1908], [108.0189, 21.1886]]], [[[107.6852, 21.2231], [107.6917, 21.2265], [107.6952, 21.2314], [107.6916, 21.2329], [107.6896, 21.2279], [107.6852, 21.2231]]], [[[107.9804, 21.2411], [107.9756, 21.2452], [107.9755, 21.2484], [107.9691, 21.2487], [107.9655, 21.2468], [107.9579, 21.2454], [107.9484, 21.2393], [107.9479, 21.2357], [107.9507, 21.2332], [107.9558, 21.2338], [107.9561, 21.2302], [107.9636, 21.2299], [107.9666, 21.2311], [107.9753, 21.2305], [107.9797, 21.2338], [107.9804, 21.2411]]], [[[107.7796, 21.293], [107.7934, 21.2938], [107.7897, 21.2975], [107.7787, 21.2949], [107.7736, 21.296], [107.766, 21.2958], [107.7514, 21.2882], [107.7531, 21.2825], [107.7594, 21.2851], [107.7759, 21.294], [107.7796, 21.293]]], [[[107.8192, 21.3541], [107.819, 21.3572], [107.8073, 21.3561], [107.8025, 21.3525], [107.7946, 21.3507], [107.7742, 21.3377], [107.7683, 21.3332], [107.7572, 21.331], [107.7534, 21.3279], [107.7465, 21.3262], [107.7282, 21.3147], [107.7117, 21.3057], [107.7168, 21.3033], [107.7228, 21.3084], [107.7304, 21.312], [107.7334, 21.3091], [107.7324, 21.3026], [107.7394, 21.3062], [107.7452, 21.306], [107.7493, 21.3111], [107.7557, 21.3136], [107.7587, 21.3171], [107.7653, 21.3186], [107.7695, 21.3224], [107.7783, 21.3227], [107.7822, 21.3268], [107.7966, 21.3321], [107.8012, 21.3362], [107.8022, 21.3397], [107.8066, 21.3448], [107.8117, 21.345], [107.8222, 21.3535], [107.8192, 21.3541]]], [[[107.7596, 21.3651], [107.7611, 21.3684], [107.7557, 21.3727], [107.747, 21.3709], [107.7428, 21.3685], [107.7437, 21.3637], [107.7498, 21.3607], [107.7554, 21.3611], [107.7596, 21.3651]]], [[[107.9284, 21.3612], [107.9296, 21.3589], [107.9373, 21.3562], [107.9433, 21.3555], [107.9515, 21.3589], [107.9574, 21.3689], [107.9647, 21.3759], [107.9719, 21.3799], [107.9761, 21.3803], [107.98, 21.3847], [107.9865, 21.3887], [107.9965, 21.3889], [107.9995, 21.3902], [107.9992, 21.397], [107.9911, 21.3977], [107.9727, 21.3978], [107.9616, 21.3966], [107.9511, 21.3931], [107.9423, 21.3924], [107.9174, 21.3842], [107.9079, 21.383], [107.9054, 21.3812], [107.8932, 21.3818], [107.8874, 21.3836], [107.8721, 21.3818], [107.8688, 21.3793], [107.866, 21.381], [107.8555, 21.3782], [107.8543, 21.3759], [107.8401, 21.3725], [107.8391, 21.37], [107.8312, 21.3661], [107.8362, 21.3638], [107.8423, 21.3658], [107.8464, 21.3702], [107.8524, 21.3728], [107.8571, 21.371], [107.857, 21.3633], [107.8548, 21.3605], [107.8573, 21.3574], [107.8614, 21.3593], [107.8642, 21.3576], [107.8716, 21.3596], [107.8772, 21.358], [107.867, 21.3531], [107.8631, 21.3542], [107.8483, 21.3473], [107.8456, 21.3519], [107.8421, 21.3444], [107.8471, 21.3391], [107.8609, 21.3482], [107.8784, 21.3562], [107.8845, 21.3579], [107.8981, 21.3584], [107.9038, 21.3601], [107.91, 21.357], [107.9145, 21.3597], [107.9231, 21.3624], [107.9284, 21.3612]]], [[[107.7669, 21.3831], [107.7676, 21.3882], [107.7625, 21.3884], [107.7632, 21.3829], [107.7669, 21.3831]]], [[[107.8861, 21.407], [107.8903, 21.4132], [107.8859, 21.4149], [107.8798, 21.4136], [107.8687, 21.4052], [107.8624, 21.3952], [107.8739, 21.3981], [107.8792, 21.4018], [107.8861, 21.4048], [107.8867, 21.3996], [107.8939, 21.3956], [107.9027, 21.3953], [107.9087, 21.3996], [107.906, 21.4102], [107.8919, 21.4117], [107.8861, 21.407]]], [[[108.0456, 21.512], [108.0363, 21.5109], [108.0379, 21.5047], [108.0402, 21.5043], [108.0475, 21.5089], [108.0456, 21.512]]], [[[108.047, 21.5397], [108.0376, 21.5448], [108.0391, 21.5393], [108.047, 21.5397]]]]}, "properties": {"province_id": "quang_ninh", "name": "Quảng Ninh", "population": 1497447, "area_km2": 6154.8}}, {"type": "Feature", "geometry": {"type": "MultiPolygon", "coordinates": [[[[105.6354, 17.9914], [105.6404, 17.9867], [105.6408, 17.9728], [105.6396, 17.9666], [105.6356, 17.9629], [105.6336, 17.9584], [105.6287, 17.953], [105.6265, 17.9475], [105.6289, 17.9424], [105.6274, 17.9358], [105.6295, 17.9291], [105.6258, 17.9189], [105.6255, 17.9035], [105.6212, 17.8933], [105.6128, 17.8856], [105.6167, 17.8822], [105.6176, 17.8778], [105.6215, 17.8705], [105.6264, 17.8693], [105.6319, 17.8649], [105.6399, 17.8601], [105.6435, 17.8594], [105.6486, 17.8537], [105.6578, 17.8529], [105.6641, 17.8481], [105.6662, 17.8446], [105.6752, 17.8381], [105.6767, 17.8325], [105.6799, 17.829], [105.6852, 17.8304], [105.685, 17.8241], [105.6813, 17.818], [105.6788, 17.8102], [105.6809, 17.8024], [105.6852, 17.7969], [105.6862, 17.7911], [105.6901, 17.7854], [105.6917, 17.7787], [105.692, 17.7696], [105.6937, 17.7669], [105.7001, 17.7655], [105.7039, 17.7597], [105.7104, 17.7589], [105.7136, 17.756], [105.7185, 17.7544], [105.7267, 17.7459], [105.7267, 17.7411], [105.7298, 17.7282], [105.735, 17.7242], [105.7431, 17.7223], [105.7423, 17.7109], [105.7489, 17.6911], [105.7512, 17.6693], [105.7584, 17.6684], [105.7651, 17.6706], [105.7704, 17.6739], [105.7792, 17.6741], [105.782, 17.6752], [105.7845, 17.6699], [105.7915, 17.6697], [105.7949, 17.6636], [105.8029, 17.6631], [105.8067, 17.6583], [105.8142, 17.66], [105.8174, 17.6595], [105.82, 17.6547], [105.8259, 17.6529], [105.8307, 17.6487], [105.8327, 17.6403], [105.8369, 17.6404], [105.8437, 17.6325], [105.8452, 17.6277], [105.8522, 17.6265], [105.8597, 17.6271], [105.8629, 17.6254], [105.8738, 17.6131], [105.8869, 17.5975], [105.9208, 17.5582], [105.9475, 17.5281], [106.0052, 17.4606], [106.0282, 17.4346], [106.0932, 17.3592], [106.0988, 17.3576], [106.1036, 17.3545], [106.1074, 17.3543], [106.11, 17.3504], [106.119, 17.3458], [106.1223, 17.3406], [106.1255, 17.3411], [106.1333, 17.3344], [106.1339, 17.3303], [106.142, 17.3246], [106.1443, 17.3194], [106.1422, 17.3164], [106.145, 17.3123], [106.1505, 17.3114], [106.1573, 17.3061], [106.1638, 17.3031], [106.164, 17.2996], [106.1697, 17.299], [106.1776, 17.2935], [106.1881, 17.2837], [106.1912, 17.2781], [106.2007, 17.2725], [106.2064, 17.2713], [106.2193, 17.2612], [106.2239, 17.2592], [106.2316, 17.2511], [106.2363, 17.2493], [106.2455, 17.2486], [106.2503, 17.2435], [106.2502, 17.2504], [106.2533, 17.2527], [106.26, 17.2533], [106.2678, 17.2596], [106.2741, 17.2617], [106.278, 17.2668], [106.28, 17.2759], [106.2741, 17.2857], [106.2752, 17.2962], [106.2911, 17.2966], [106.2991, 17.2939], [106.3022, 17.295], [106.3048, 17.2909], [106.3075, 17.2771], [106.3051, 17.2678], [106.3065, 17.2592], [106.3093, 17.252], [106.3171, 17.2512], [106.316, 17.2435], [106.308, 17.2417], [106.3092, 17.2378], [106.3135, 17.2383], [106.3174, 17.2353], [106.3232, 17.2372], [106.328, 17.2344], [106.3331, 17.2342], [106.3334, 17.2266], [106.3276, 17.2237], [106.3241, 17.2168], [106.3135, 17.2193], [106.3076, 17.2172], [106.3029, 17.2088], [106.3056, 17.2059], [106.3115, 17.2046], [106.3235, 17.1993], [106.3223, 17.1939], [106.3265, 17.1807], [106.3301, 17.1788], [106.3346, 17.1707], [106.3392, 17.1668], [106.3434, 17.1665], [106.3557, 17.1565], [106.3489, 17.1478], [106.3535, 17.1455], [106.357, 17.1338], [106.3635, 17.1302], [106.3705, 17.1231], [106.3705, 17.1167], [106.3728, 17.1107], [106.3836, 17.1032], [106.3908, 17.1023], [106.393, 17.098], [106.4056, 17.0887], [106.4105, 17.0806], [106.417, 17.0773], [106.4141, 17.0749], [106.4136, 17.0697], [106.4072, 17.0624], [106.4032, 17.0559], [106.4023, 17.0508], [106.4132, 17.038], [106.4185, 17.0336], [106.4232, 17.0321], [106.4233, 17.0282], [106.4275, 17.0186], [106.4265, 17.0117], [106.4282, 17.0043], [106.4324, 17.0034], [106.438, 16.9947], [106.4411, 16.9945], [106.4536, 16.9974], [106.4595, 17], [106.4629, 16.9971], [106.4626, 16.9902], [106.4727, 16.9825], [106.479, 16.9811], [106.4837, 16.982], [106.4904, 16.9799], [106.4932, 16.9771], [106.4985, 16.9781], [106.5023, 16.9768], [106.5064, 16.9729], [106.516, 16.971], [106.5304, 16.9781], [106.535, 16.9896], [106.5373, 16.9931], [106.5438, 16.9956], [106.5454, 17.0074], [106.5491, 17.0074], [106.5498, 16.9978], [106.5478, 16.9259], [106.5409, 16.9257], [106.5356, 16.924], [106.532, 16.9255], [106.5198, 16.9206], [106.5164, 16.9144], [106.5164, 16.9067], [106.5193, 16.9047], [106.517, 16.8959], [106.5193, 16.8891], [106.5299, 16.8855], [106.5396, 16.8719], [106.5474, 16.8677], [106.5508, 16.8675], [106.5514, 16.799], [106.5518, 16.6944], [106.5541, 16.6892], [106.5578, 16.677], [106.558, 16.6739], [106.5614, 16.6683], [106.5651, 16.6664], [106.5671, 16.6513], [106.5637, 16.6457], [106.5642, 16.6424], [106.5693, 16.6398], [106.5768, 16.6337], [106.5772, 16.6312], [106.5866, 16.6267], [106.5901, 16.6223], [106.5899, 16.6162], [106.5824, 16.6114], [106.5821, 16.6059], [106.5864, 16.6009], [106.5903, 16.6018], [106.5976, 16.6062], [106.6064, 16.6072], [106.6165, 16.6058], [106.6257, 16.6018], [106.6245, 16.5975], [106.6243, 16.5875], [106.6252, 16.5844], [106.6294, 16.5816], [106.6325, 16.5913], [106.6396, 16.5916], [106.6441, 16.5937], [106.6491, 16.5928], [106.6532, 16.5843], [106.6578, 16.5814], [106.6626, 16.584], [106.6669, 16.5844], [106.6623, 16.5768], [106.6626, 16.5718], [106.6723, 16.5621], [106.6715, 16.559], [106.6651, 16.5576], [106.6589, 16.5531], [106.6551, 16.5476], [106.6472, 16.5398], [106.648, 16.5371], [106.647, 16.5223], [106.6526, 16.5191], [106.6522, 16.5123], [106.655, 16.5094], [106.6653, 16.5033], [106.663, 16.4959], [106.6597, 16.4914], [106.6639, 16.487], [106.661, 16.4812], [106.6604, 16.4739], [106.6624, 16.4724], [106.6705, 16.4769], [106.6745, 16.4737], [106.6735, 16.4646], [106.6742, 16.4567], [106.6778, 16.4515], [106.6827, 16.4576], [106.6888, 16.4541], [106.6928, 16.4484], [106.6875, 16.4455], [106.6879, 16.4388], [106.6963, 16.4397], [106.702, 16.4357], [106.7165, 16.4328], [106.7261, 16.4253], [106.7292, 16.4303], [106.7239, 16.4334], [106.7292, 16.4386], [106.7346, 16.4394], [106.7362, 16.4367], [106.7343, 16.4266], [106.7356, 16.4211], [106.738, 16.4184], [106.7381, 16.4129], [106.7406, 16.4116], [106.7463, 16.4179], [106.7474, 16.4245], [106.7561, 16.4239], [106.7641, 16.4257], [106.7714, 16.431], [106.7727, 16.4387], [106.775, 16.4444], [106.7727, 16.4478], [106.7725, 16.4523], [106.7753, 16.4598], [106.7707, 16.468], [106.7825, 16.4707], [106.785, 16.473], [106.792, 16.4733], [106.8019, 16.4635], [106.8053, 16.4717], [106.8054, 16.4754], [106.8148, 16.4882], [106.8151, 16.4929], [106.8195, 16.5044], [106.8228, 16.5087], [106.8285, 16.5219], [106.8226, 16.5295], [106.8305, 16.5408], [106.8308, 16.5491], [106.8442, 16.5474], [106.8508, 16.5434], [106.8633, 16.5378], [106.8682, 16.533], [106.8742, 16.5328], [106.8797, 16.5245], [106.8866, 16.5218], [106.8904, 16.5115], [106.8874, 16.5097], [106.888, 16.5006], [106.886, 16.49], [106.8778, 16.4828], [106.8791, 16.4781], [106.8766, 16.4754], [106.8764, 16.4697], [106.8841, 16.4678], [106.8864, 16.462], [106.8858, 16.4555], [106.8887, 16.4521], [106.8869, 16.4488], [106.879, 16.4443], [106.8765, 16.4396], [106.8713, 16.435], [106.8716, 16.4292], [106.8737, 16.4263], [106.8853, 16.4226], [106.8905, 16.4259], [106.9002, 16.4258], [106.8999, 16.4223], [106.8969, 16.4188], [106.8959, 16.4122], [106.8913, 16.4086], [106.8965, 16.4011], [106.8977, 16.3916], [106.9008, 16.3889], [106.9132, 16.3833], [106.9168, 16.378], [106.9239, 16.3715], [106.9277, 16.3717], [106.9383, 16.3641], [106.9423, 16.3637], [106.9517, 16.3597], [106.9621, 16.3586], [106.9656, 16.352], [106.968, 16.3302], [106.9632, 16.3165], [106.9634, 16.3078], [106.9662, 16.3039], [106.9699, 16.3024], [106.979, 16.3046], [106.983, 16.3073], [106.9946, 16.3101], [107.0036, 16.316], [107.0118, 16.3116], [107.0137, 16.306], [107.0209, 16.3055], [107.0262, 16.3129], [107.0222, 16.3209], [107.0217, 16.3268], [107.0241, 16.3334], [107.0219, 16.351], [107.0203, 16.3561], [107.016, 16.3612], [107.0291, 16.3689], [107.0406, 16.3735], [107.0456, 16.3808], [107.0504, 16.3823], [107.0586, 16.3964], [107.0584, 16.4012], [107.0633, 16.4053], [107.0649, 16.4104], [107.0588, 16.414], [107.0505, 16.4259], [107.0509, 16.4335], [107.0565, 16.4396], [107.0575, 16.4471], [107.0594, 16.4484], [107.0711, 16.4494], [107.0897, 16.4488], [107.0927, 16.4464], [107.0992, 16.4444], [107.1041, 16.44], [107.1081, 16.4413], [107.1245, 16.4424], [107.1354, 16.4537], [107.1358, 16.4564], [107.1288, 16.4764], [107.1253, 16.4815], [107.1196, 16.4868], [107.1133, 16.491], [107.1032, 16.4956], [107.0985, 16.4912], [107.0973, 16.4967], [107.0946, 16.5013], [107.0821, 16.5035], [107.0775, 16.5064], [107.0746, 16.5106], [107.0715, 16.509], [107.0675, 16.5106], [107.0586, 16.5187], [107.056, 16.5238], [107.0621, 16.5373], [107.0602, 16.544], [107.0614, 16.5462], [107.0744, 16.5424], [107.0764, 16.5457], [107.088, 16.5463], [107.0924, 16.5506], [107.0972, 16.5504], [107.1016, 16.5526], [107.11, 16.5508], [107.1154, 16.5526], [107.1218, 16.5523], [107.1244, 16.5581], [107.1233, 16.5605], [107.1276, 16.5652], [107.1367, 16.5684], [107.1407, 16.5718], [107.1441, 16.5716], [107.1539, 16.5747], [107.1565, 16.5733], [107.1688, 16.5781], [107.1795, 16.5776], [107.1844, 16.5807], [107.1878, 16.5793], [107.1914, 16.5813], [107.2027, 16.5827], [107.2063, 16.579], [107.2139, 16.579], [107.2187, 16.5776], [107.2232, 16.58], [107.2279, 16.5794], [107.2329, 16.5827], [107.239, 16.5828], [107.2449, 16.5872], [107.2483, 16.5813], [107.2562, 16.5736], [107.2657, 16.5712], [107.2712, 16.5662], [107.2774, 16.5714], [107.2836, 16.5753], [107.2886, 16.5766], [107.2959, 16.5839], [107.3034, 16.5861], [107.3174, 16.5947], [107.3229, 16.6003], [107.3286, 16.6085], [107.3238, 16.614], [107.3224, 16.6186], [107.3192, 16.6214], [107.3108, 16.6253], [107.3162, 16.6379], [107.3122, 16.6354], [107.3093, 16.6362], [107.3073, 16.6404], [107.3178, 16.6517], [107.3233, 16.6532], [107.3258, 16.6476], [107.3259, 16.6418], [107.3298, 16.6416], [107.3293, 16.6498], [107.3253, 16.6546], [107.3196, 16.6591], [107.3187, 16.6617], [107.3251, 16.6655], [107.3244, 16.6699], [107.3315, 16.6734], [107.3374, 16.684], [107.3483, 16.6924], [107.3502, 16.6963], [107.3578, 16.6991], [107.3579, 16.7036], [107.3531, 16.7083], [107.3563, 16.7097], [107.3703, 16.7341], [107.3836, 16.7399], [107.3889, 16.7432], [107.3809, 16.7494], [107.3512, 16.7704], [107.3095, 16.8023], [107.2676, 16.8386], [107.2307, 16.8696], [107.2119, 16.8888], [107.2003, 16.9042], [107.1984, 16.9044], [107.1774, 16.9232], [107.1727, 16.9279], [107.1421, 16.9645], [107.1251, 16.9891], [107.1168, 17.0038], [107.111, 17.0199], [107.1108, 17.0293], [107.1096, 17.0374], [107.1104, 17.0406], [107.1159, 17.0446], [107.1138, 17.0508], [107.1138, 17.0638], [107.1122, 17.0678], [107.1134, 17.074], [107.1166, 17.0752], [107.1146, 17.0814], [107.116, 17.084], [107.0961, 17.0998], [107.0819, 17.1054], [107.0627, 17.1167], [107.0303, 17.1372], [107.0165, 17.1472], [107.0124, 17.1495], [106.9692, 17.1823], [106.9635, 17.1857], [106.9486, 17.1968], [106.9367, 17.205], [106.9144, 17.2225], [106.8925, 17.2386], [106.8789, 17.2496], [106.8526, 17.2683], [106.8386, 17.2793], [106.8165, 17.2957], [106.7996, 17.3095], [106.7898, 17.3183], [106.7749, 17.3304], [106.747, 17.3559], [106.7197, 17.3822], [106.7057, 17.3963], [106.6837, 17.4193], [106.6798, 17.4243], [106.6624, 17.443], [106.6495, 17.4585], [106.6361, 17.4772], [106.6273, 17.495], [106.612, 17.5144], [106.6022, 17.5279], [106.5943, 17.5374], [106.5899, 17.5439], [106.5825, 17.5576], [106.5757, 17.5667], [106.5638, 17.5866], [106.5546, 17.604], [106.5457, 17.6221], [106.5409, 17.6227], [106.5317, 17.6347], [106.5212, 17.6514], [106.5171, 17.6596], [106.5143, 17.661], [106.5037, 17.6794], [106.4998, 17.688], [106.4955, 17.7027], [106.4889, 17.7108], [106.4836, 17.7219], [106.474, 17.7379], [106.466, 17.7543], [106.4565, 17.7802], [106.4493, 17.8061], [106.4465, 17.8186], [106.4445, 17.8326], [106.4454, 17.8522], [106.45, 17.8674], [106.4545, 17.8747], [106.4595, 17.8803], [106.4638, 17.8899], [106.4686, 17.8951], [106.4694, 17.9017], [106.4721, 17.9069], [106.4813, 17.916], [106.483, 17.9205], [106.4862, 17.9229], [106.4895, 17.9219], [106.5017, 17.9236], [106.5067, 17.9334], [106.5133, 17.9395], [106.5079, 17.9468], [106.5058, 17.9514], [106.5053, 17.957], [106.511, 17.9599], [106.5042, 17.9616], [106.4917, 17.9595], [106.4793, 17.9534], [106.4683, 17.9563], [106.4581, 17.9539], [106.4503, 17.9496], [106.4445, 17.9521], [106.4442, 17.9689], [106.4389, 17.97], [106.4352, 17.9728], [106.4228, 17.9696], [106.4173, 17.9744], [106.41, 17.9728], [106.4017, 17.9793], [106.3859, 17.9828], [106.3805, 17.9861], [106.3752, 17.9858], [106.3585, 17.9908], [106.3485, 17.9894], [106.342, 17.9915], [106.3388, 17.9909], [106.3368, 17.9864], [106.3295, 17.9788], [106.3234, 17.9629], [106.3138, 17.9634], [106.3057, 17.9624], [106.3019, 17.956], [106.2976, 17.9534], [106.2963, 17.9456], [106.2892, 17.943], [106.2872, 17.9366], [106.2849, 17.9354], [106.2866, 17.928], [106.2912, 17.9212], [106.2837, 17.9104], [106.275, 17.9196], [106.2718, 17.9198], [106.2642, 17.9142], [106.26, 17.9157], [106.2586, 17.9188], [106.2531, 17.9203], [106.2486, 17.9251], [106.2406, 17.9304], [106.2356, 17.9273], [106.2313, 17.9291], [106.2231, 17.93], [106.2205, 17.9276], [106.207, 17.9249], [106.204, 17.9199], [106.1993, 17.9163], [106.195, 17.9182], [106.1928, 17.9226], [106.1876, 17.9208], [106.1813, 17.921], [106.1726, 17.9145], [106.1639, 17.917], [106.1542, 17.9174], [106.1514, 17.9187], [106.1397, 17.9191], [106.1375, 17.9214], [106.1309, 17.9207], [106.1188, 17.9274], [106.1108, 17.9271], [106.1057, 17.928], [106.0944, 17.932], [106.0782, 17.9328], [106.0679, 17.9373], [106.0605, 17.9384], [106.0523, 17.9448], [106.0457, 17.9467], [106.0495, 17.9606], [106.0481, 17.9655], [106.054, 17.9714], [106.0652, 17.9798], [106.0677, 17.9841], [106.0741, 17.9883], [106.0757, 17.9912], [106.0708, 17.9957], [106.0574, 18.0164], [106.0503, 18.0221], [106.0337, 18.0224], [106.0234, 18.0239], [106.0184, 18.0272], [106.0159, 18.0343], [106.0129, 18.036], [106.0073, 18.0425], [105.9961, 18.0512], [105.9927, 18.0572], [105.9862, 18.0638], [105.9754, 18.0623], [105.9674, 18.0549], [105.9629, 18.0587], [105.9574, 18.0589], [105.9527, 18.0572], [105.9495, 18.0586], [105.95, 18.0657], [105.9461, 18.0726], [105.9399, 18.0777], [105.9338, 18.0883], [105.9319, 18.089], [105.9193, 18.0804], [105.9123, 18.0867], [105.9064, 18.0886], [105.8963, 18.0896], [105.8881, 18.0849], [105.8773, 18.0742], [105.8737, 18.0683], [105.8685, 18.066], [105.8519, 18.0673], [105.8488, 18.064], [105.845, 18.066], [105.8394, 18.0661], [105.8338, 18.0626], [105.8301, 18.0637], [105.824, 18.0601], [105.82, 18.0605], [105.813, 18.0529], [105.8215, 18.0504], [105.825, 18.0479], [105.834, 18.045], [105.8353, 18.0405], [105.834, 18.0369], [105.8283, 18.0311], [105.8207, 18.0333], [105.8165, 18.0372], [105.8073, 18.0312], [105.8087, 18.0253], [105.8019, 18.0255], [105.7976, 18.0236], [105.7865, 18.0238], [105.7801, 18.0181], [105.7754, 18.0173], [105.7685, 18.023], [105.76, 18.0242], [105.7534, 18.0287], [105.749, 18.0338], [105.7369, 18.0359], [105.7302, 18.0331], [105.7284, 18.0287], [105.7254, 18.0269], [105.7212, 18.0205], [105.7211, 18.0157], [105.723, 18.0082], [105.722, 18.0058], [105.7131, 18.0028], [105.7126, 17.9986], [105.7062, 17.9929], [105.6535, 17.9933], [105.6354, 17.9914]]], [[[106.4749, 17.8805], [106.4703, 17.8832], [106.4654, 17.8745], [106.4699, 17.872], [106.4749, 17.8805]]], [[[106.5332, 17.936], [106.5266, 17.9382], [106.5271, 17.9322], [106.5339, 17.9315], [106.5332, 17.936]]], [[[107.3455, 17.1621], [107.3412, 17.1662], [107.335, 17.1661], [107.3316, 17.1625], [107.3325, 17.1559], [107.3373, 17.1511], [107.3418, 17.1506], [107.3483, 17.1568], [107.3455, 17.1621]]]]}, "properties": {"province_id": "quang_tri", "name": "Quảng Trị", "population": 1870844, "area_km2": 12699.5}}, {"type": "Feature", "geometry": {"type": "Polygon", "coordinates": [[[103.2172, 20.8955], [103.2138, 20.8905], [103.222, 20.8875], [103.2262, 20.8831], [103.2274, 20.8795], [103.2352, 20.8737], [103.235, 20.8704], [103.229, 20.8621], [103.229, 20.8568], [103.2256, 20.8513], [103.2276, 20.8432], [103.231, 20.8431], [103.2321, 20.8378], [103.2375, 20.8337], [103.2486, 20.8325], [103.2582, 20.8249], [103.2674, 20.8234], [103.2708, 20.8271], [103.2798, 20.83], [103.2842, 20.8335], [103.2872, 20.8384], [103.2941, 20.8361], [103.2987, 20.829], [103.298, 20.824], [103.304, 20.8204], [103.3159, 20.8213], [103.3284, 20.8158], [103.333, 20.8122], [103.3423, 20.8097], [103.3493, 20.8038], [103.355, 20.8045], [103.3578, 20.8068], [103.3653, 20.8075], [103.3665, 20.8035], [103.3709, 20.8007], [103.3726, 20.7973], [103.3803, 20.7917], [103.3841, 20.7869], [103.3891, 20.7857], [103.3926, 20.7873], [103.3999, 20.784], [103.4063, 20.7875], [103.4087, 20.7939], [103.4138, 20.7975], [103.4217, 20.7954], [103.4301, 20.796], [103.4332, 20.7976], [103.438, 20.7943], [103.4403, 20.7967], [103.44, 20.802], [103.4435, 20.8109], [103.4469, 20.8131], [103.451, 20.8216], [103.4559, 20.8219], [103.4639, 20.8278], [103.472, 20.8217], [103.4791, 20.8135], [103.4848, 20.8098], [103.4815, 20.7977], [103.4826, 20.7942], [103.488, 20.7862], [103.4911, 20.7854], [103.4958, 20.778], [103.5018, 20.7727], [103.5014, 20.766], [103.5075, 20.7554], [103.5202, 20.7502], [103.5291, 20.751], [103.5373, 20.7546], [103.5382, 20.7517], [103.5453, 20.7495], [103.551, 20.7454], [103.5583, 20.7468], [103.5642, 20.7502], [103.5748, 20.7465], [103.5832, 20.7499], [103.5938, 20.7449], [103.5971, 20.7461], [103.6042, 20.7424], [103.6086, 20.7359], [103.6095, 20.7312], [103.6144, 20.7311], [103.6166, 20.7289], [103.6246, 20.7256], [103.6322, 20.7204], [103.6379, 20.7203], [103.6396, 20.7131], [103.6436, 20.7101], [103.6478, 20.7043], [103.6483, 20.7008], [103.6569, 20.6964], [103.6663, 20.7008], [103.671, 20.6863], [103.6741, 20.6836], [103.6712, 20.6781], [103.675, 20.6724], [103.674, 20.6692], [103.6818, 20.6623], [103.6952, 20.6623], [103.6969, 20.6636], [103.7094, 20.6663], [103.7149, 20.6691], [103.7243, 20.6657], [103.7283, 20.6685], [103.7367, 20.6697], [103.7362, 20.6732], [103.7404, 20.6745], [103.7456, 20.6797], [103.7414, 20.6899], [103.7342, 20.6957], [103.7334, 20.7017], [103.7369, 20.7094], [103.7333, 20.7161], [103.7288, 20.7219], [103.7319, 20.7248], [103.7303, 20.7288], [103.7327, 20.7337], [103.7381, 20.7332], [103.7415, 20.7348], [103.7567, 20.7324], [103.7566, 20.7347], [103.7645, 20.7392], [103.7707, 20.7349], [103.7744, 20.739], [103.7835, 20.7433], [103.7911, 20.7502], [103.7845, 20.7596], [103.7836, 20.7693], [103.7868, 20.7709], [103.7901, 20.7807], [103.7868, 20.7837], [103.7863, 20.7878], [103.7801, 20.7924], [103.7823, 20.7953], [103.7796, 20.8034], [103.7841, 20.8093], [103.7937, 20.8157], [103.7958, 20.8192], [103.8047, 20.8208], [103.8077, 20.823], [103.8106, 20.8306], [103.8061, 20.8371], [103.8045, 20.8459], [103.8002, 20.8494], [103.8053, 20.8542], [103.814, 20.8552], [103.8126, 20.8611], [103.8161, 20.8653], [103.8272, 20.8719], [103.8339, 20.8727], [103.8409, 20.866], [103.8452, 20.8663], [103.8486, 20.8621], [103.8588, 20.8695], [103.859, 20.8725], [103.864, 20.8754], [103.8706, 20.8819], [103.8764, 20.889], [103.8808, 20.8905], [103.8852, 20.8976], [103.8913, 20.8984], [103.8965, 20.9018], [103.8993, 20.906], [103.9033, 20.9045], [103.9134, 20.9038], [103.919, 20.9019], [103.9296, 20.905], [103.9397, 20.9031], [103.945, 20.8956], [103.9549, 20.8991], [103.959, 20.8983], [103.9645, 20.9041], [103.9706, 20.9076], [103.9739, 20.9144], [103.9772, 20.9116], [103.9922, 20.911], [103.9948, 20.9065], [104.0006, 20.9052], [104.0044, 20.9067], [104.021, 20.9066], [104.0292, 20.9035], [104.032, 20.9042], [104.0387, 20.9099], [104.0432, 20.9105], [104.0499, 20.9159], [104.0504, 20.9244], [104.048, 20.9289], [104.0497, 20.9328], [104.0541, 20.9355], [104.0574, 20.9427], [104.0519, 20.9517], [104.0614, 20.9553], [104.0657, 20.9555], [104.0713, 20.9613], [104.0763, 20.9621], [104.0799, 20.9604], [104.0826, 20.9627], [104.0926, 20.9663], [104.0947, 20.9703], [104.103, 20.9786], [104.1095, 20.9769], [104.1138, 20.9729], [104.1206, 20.9722], [104.1257, 20.9659], [104.1272, 20.9575], [104.1313, 20.9493], [104.1364, 20.9487], [104.1443, 20.9512], [104.147, 20.9533], [104.1578, 20.9566], [104.1688, 20.9554], [104.1798, 20.9556], [104.1875, 20.9572], [104.1936, 20.9481], [104.1972, 20.9464], [104.2044, 20.9475], [104.2078, 20.9444], [104.2139, 20.9435], [104.2143, 20.9394], [104.2195, 20.9403], [104.2293, 20.9399], [104.2311, 20.9358], [104.24, 20.9348], [104.2432, 20.9333], [104.2428, 20.9284], [104.2386, 20.914], [104.2397, 20.9099], [104.2458, 20.9076], [104.2476, 20.9034], [104.2525, 20.9006], [104.2582, 20.8995], [104.2595, 20.9041], [104.264, 20.9097], [104.2605, 20.9122], [104.2636, 20.9188], [104.2721, 20.9228], [104.2756, 20.9219], [104.2808, 20.928], [104.2845, 20.9281], [104.292, 20.9248], [104.2957, 20.9189], [104.2933, 20.9137], [104.2973, 20.9095], [104.303, 20.9104], [104.3039, 20.9079], [104.3135, 20.9044], [104.313, 20.9016], [104.3192, 20.8979], [104.3194, 20.8946], [104.3282, 20.8894], [104.333, 20.8819], [104.3351, 20.8713], [104.3268, 20.8601], [104.3302, 20.8562], [104.3371, 20.8604], [104.3369, 20.8563], [104.341, 20.851], [104.3474, 20.8511], [104.3485, 20.8441], [104.3526, 20.8434], [104.3536, 20.8387], [104.3571, 20.8396], [104.363, 20.8353], [104.3681, 20.8287], [104.3687, 20.8254], [104.3736, 20.8223], [104.3791, 20.821], [104.3778, 20.8267], [104.3798, 20.8293], [104.3839, 20.828], [104.3955, 20.8214], [104.3993, 20.8149], [104.4066, 20.8102], [104.4122, 20.8014], [104.4154, 20.8004], [104.4194, 20.7958], [104.4277, 20.7951], [104.4308, 20.7976], [104.4488, 20.797], [104.4488, 20.7903], [104.4504, 20.7838], [104.4585, 20.7782], [104.4619, 20.7803], [104.4676, 20.7801], [104.471, 20.7737], [104.4738, 20.7731], [104.4847, 20.7669], [104.4828, 20.7653], [104.4842, 20.7539], [104.4889, 20.746], [104.4875, 20.7418], [104.4884, 20.7284], [104.4915, 20.7242], [104.4919, 20.7206], [104.4963, 20.7151], [104.5002, 20.7132], [104.506, 20.7152], [104.5058, 20.7114], [104.5114, 20.7098], [104.5188, 20.7036], [104.5244, 20.7017], [104.5285, 20.7077], [104.5288, 20.7124], [104.5334, 20.7154], [104.5411, 20.717], [104.5523, 20.7221], [104.5614, 20.7175], [104.5639, 20.7181], [104.5669, 20.7136], [104.5805, 20.7044], [104.5857, 20.6951], [104.5851, 20.6873], [104.5832, 20.683], [104.5898, 20.6802], [104.5921, 20.6756], [104.5979, 20.6759], [104.6045, 20.6729], [104.6112, 20.6744], [104.6231, 20.6733], [104.6311, 20.6742], [104.6359, 20.6729], [104.6397, 20.6635], [104.6386, 20.6549], [104.6456, 20.6478], [104.6489, 20.6418], [104.656, 20.6375], [104.6622, 20.6285], [104.6624, 20.6246], [104.6682, 20.6247], [104.6775, 20.6191], [104.6852, 20.611], [104.6862, 20.6009], [104.685, 20.5967], [104.6944, 20.5989], [104.6958, 20.6049], [104.6991, 20.6036], [104.7082, 20.6038], [104.7159, 20.6062], [104.7231, 20.604], [104.7225, 20.5976], [104.7276, 20.589], [104.7369, 20.5802], [104.7409, 20.5751], [104.7537, 20.578], [104.7609, 20.585], [104.7648, 20.5842], [104.7675, 20.5782], [104.7705, 20.5755], [104.7801, 20.5763], [104.7788, 20.5801], [104.7817, 20.5839], [104.7957, 20.5827], [104.8007, 20.5849], [104.801, 20.5927], [104.7985, 20.5994], [104.8003, 20.6049], [104.7967, 20.6118], [104.7974, 20.6193], [104.8001, 20.6187], [104.807, 20.6252], [104.8071, 20.6309], [104.8127, 20.6299], [104.82, 20.6394], [104.8267, 20.641], [104.8293, 20.6434], [104.8349, 20.6448], [104.8395, 20.6491], [104.8466, 20.6521], [104.8372, 20.6606], [104.8411, 20.6785], [104.8416, 20.6858], [104.8404, 20.691], [104.8369, 20.6953], [104.8387, 20.6992], [104.8424, 20.6989], [104.8494, 20.7029], [104.8448, 20.7089], [104.841, 20.7109], [104.8392, 20.7209], [104.8448, 20.7312], [104.8364, 20.7343], [104.8383, 20.748], [104.8479, 20.7541], [104.859, 20.7542], [104.8687, 20.7638], [104.8751, 20.7676], [104.8826, 20.7675], [104.886, 20.7636], [104.8908, 20.7614], [104.8949, 20.7632], [104.8972, 20.7577], [104.9065, 20.7533], [104.9122, 20.7544], [104.9174, 20.7515], [104.9246, 20.7429], [104.9377, 20.7451], [104.9464, 20.7362], [104.9498, 20.7415], [104.9542, 20.7399], [104.9569, 20.7368], [104.9688, 20.7329], [104.9727, 20.7283], [104.9856, 20.7225], [104.9895, 20.7241], [104.9985, 20.7235], [105.0134, 20.7252], [105.0183, 20.7276], [105.0132, 20.7329], [105.014, 20.7361], [105.0108, 20.7429], [105.0058, 20.745], [104.9991, 20.7504], [104.9931, 20.7507], [104.9912, 20.7536], [104.9925, 20.7604], [104.9967, 20.7628], [105.0057, 20.7823], [105.0061, 20.7891], [105.0124, 20.7852], [105.015, 20.7914], [105.0216, 20.7993], [105.0253, 20.8023], [105.0088, 20.8083], [104.9979, 20.8178], [105.0022, 20.8241], [105.0022, 20.8317], [105.0067, 20.8429], [105.0058, 20.8453], [104.9976, 20.8467], [105.0011, 20.8545], [105.0004, 20.8581], [104.9904, 20.8708], [104.9909, 20.8773], [104.9873, 20.8828], [104.9806, 20.8895], [104.9778, 20.8966], [104.9769, 20.9064], [104.9737, 20.9106], [104.9634, 20.913], [104.9494, 20.9276], [104.9405, 20.9314], [104.9384, 20.9338], [104.9361, 20.9414], [104.9293, 20.9513], [104.9231, 20.9636], [104.9199, 20.9669], [104.903, 20.9782], [104.8961, 20.9889], [104.8933, 20.9963], [104.8903, 21.0096], [104.8842, 21.0156], [104.88, 21.0236], [104.8686, 21.0296], [104.8662, 21.0332], [104.8662, 21.0386], [104.8616, 21.0499], [104.8592, 21.052], [104.8596, 21.0571], [104.8572, 21.0639], [104.8542, 21.0684], [104.853, 21.0765], [104.8573, 21.079], [104.8679, 21.0759], [104.8729, 21.085], [104.8714, 21.0925], [104.8767, 21.0987], [104.8942, 21.1075], [104.898, 21.1076], [104.9064, 21.1126], [104.9132, 21.1125], [104.9123, 21.1181], [104.9058, 21.1194], [104.8989, 21.1241], [104.8973, 21.1299], [104.8813, 21.1342], [104.8757, 21.139], [104.8717, 21.1403], [104.8713, 21.1444], [104.8635, 21.1468], [104.8614, 21.1454], [104.8527, 21.1529], [104.8529, 21.1569], [104.856, 21.1661], [104.8582, 21.1686], [104.8588, 21.176], [104.851, 21.1798], [104.858, 21.1887], [104.8635, 21.2051], [104.8643, 21.2103], [104.8612, 21.2113], [104.8593, 21.2173], [104.853, 21.2235], [104.8441, 21.2263], [104.8489, 21.2305], [104.8526, 21.2378], [104.8489, 21.2497], [104.8502, 21.2556], [104.842, 21.2621], [104.8403, 21.2649], [104.8431, 21.2734], [104.8415, 21.2819], [104.8417, 21.2922], [104.8432, 21.3012], [104.8429, 21.3106], [104.8354, 21.3142], [104.829, 21.315], [104.8184, 21.3224], [104.815, 21.3267], [104.8136, 21.3335], [104.8071, 21.3334], [104.8042, 21.331], [104.8, 21.3316], [104.7946, 21.3352], [104.7908, 21.3334], [104.7878, 21.3296], [104.7791, 21.326], [104.7696, 21.3294], [104.7679, 21.3317], [104.7682, 21.3468], [104.761, 21.3462], [104.7572, 21.3479], [104.7572, 21.3529], [104.7488, 21.3525], [104.7469, 21.3596], [104.7491, 21.3633], [104.748, 21.3678], [104.7439, 21.3684], [104.7397, 21.3756], [104.7345, 21.3815], [104.7326, 21.3908], [104.7354, 21.4031], [104.7292, 21.4043], [104.7244, 21.4006], [104.7104, 21.3997], [104.707, 21.4041], [104.7031, 21.4059], [104.6966, 21.3999], [104.6901, 21.4008], [104.6878, 21.3943], [104.689, 21.385], [104.6856, 21.3771], [104.6783, 21.3754], [104.6711, 21.376], [104.6674, 21.3787], [104.66, 21.3807], [104.6523, 21.3848], [104.6472, 21.383], [104.6437, 21.384], [104.6403, 21.388], [104.636, 21.3889], [104.6298, 21.3949], [104.6252, 21.3955], [104.6204, 21.4015], [104.6163, 21.4016], [104.6123, 21.4048], [104.6067, 21.4159], [104.589, 21.4226], [104.5838, 21.4203], [104.5818, 21.417], [104.5812, 21.4109], [104.5786, 21.4088], [104.5702, 21.4129], [104.565, 21.4101], [104.5583, 21.4092], [104.5502, 21.4096], [104.541, 21.4139], [104.5325, 21.4144], [104.5289, 21.413], [104.5209, 21.4042], [104.5193, 21.3989], [104.5151, 21.3955], [104.5139, 21.3882], [104.5098, 21.385], [104.5039, 21.3763], [104.4953, 21.3735], [104.4851, 21.3657], [104.4817, 21.3569], [104.4736, 21.3517], [104.4665, 21.3516], [104.4559, 21.3536], [104.444, 21.3576], [104.4362, 21.3545], [104.4298, 21.3545], [104.4208, 21.36], [104.4199, 21.3626], [104.4207, 21.3749], [104.4176, 21.3808], [104.4123, 21.3866], [104.397, 21.3924], [104.394, 21.3976], [104.3891, 21.401], [104.3824, 21.4025], [104.3699, 21.3986], [104.3626, 21.4023], [104.3557, 21.4101], [104.3538, 21.415], [104.3478, 21.4183], [104.3427, 21.4164], [104.3428, 21.4116], [104.339, 21.4085], [104.332, 21.4081], [104.3282, 21.4113], [104.3227, 21.4187], [104.3197, 21.4281], [104.3147, 21.4309], [104.3036, 21.4338], [104.3019, 21.4378], [104.2986, 21.439], [104.3, 21.4489], [104.3021, 21.4525], [104.3004, 21.4576], [104.2941, 21.4584], [104.287, 21.4637], [104.282, 21.4721], [104.2839, 21.4769], [104.283, 21.4848], [104.2855, 21.4875], [104.2852, 21.4944], [104.2922, 21.5019], [104.293, 21.5081], [104.2951, 21.5104], [104.2931, 21.5177], [104.2934, 21.5247], [104.2884, 21.5327], [104.2825, 21.5372], [104.279, 21.5489], [104.277, 21.5512], [104.2872, 21.5642], [104.2887, 21.5689], [104.2978, 21.5713], [104.2954, 21.5792], [104.2961, 21.5812], [104.2915, 21.5956], [104.288, 21.5985], [104.2906, 21.6028], [104.3, 21.6047], [104.3062, 21.6087], [104.3099, 21.6145], [104.3143, 21.6161], [104.3195, 21.6202], [104.3225, 21.6274], [104.3281, 21.631], [104.3305, 21.6379], [104.3368, 21.6386], [104.3404, 21.6445], [104.3389, 21.6531], [104.3326, 21.655], [104.3244, 21.6541], [104.316, 21.6567], [104.3017, 21.6523], [104.2968, 21.653], [104.289, 21.6611], [104.277, 21.6628], [104.2708, 21.6652], [104.2627, 21.6635], [104.2556, 21.6664], [104.2542, 21.671], [104.2449, 21.6719], [104.2407, 21.6705], [104.232, 21.6731], [104.2277, 21.6715], [104.2205, 21.6724], [104.2119, 21.6713], [104.2109, 21.664], [104.2058, 21.6593], [104.1965, 21.648], [104.182, 21.6478], [104.1742, 21.6487], [104.16, 21.6557], [104.1481, 21.6543], [104.1397, 21.6544], [104.1235, 21.6514], [104.1182, 21.6473], [104.1124, 21.6474], [104.1076, 21.6454], [104.0998, 21.6469], [104.0922, 21.6426], [104.0877, 21.6429], [104.0802, 21.6495], [104.0488, 21.6576], [104.0448, 21.6622], [104.0356, 21.6667], [104.0328, 21.6701], [104.0266, 21.6723], [104.0216, 21.6687], [104.0147, 21.6689], [104.0063, 21.6663], [104.0057, 21.6725], [103.9955, 21.6757], [103.9871, 21.6746], [103.982, 21.6777], [103.9773, 21.6735], [103.9701, 21.6642], [103.9672, 21.6676], [103.9613, 21.6696], [103.9463, 21.6692], [103.9373, 21.6698], [103.9362, 21.6773], [103.9381, 21.6906], [103.9313, 21.6956], [103.9247, 21.6982], [103.9221, 21.7006], [103.9179, 21.6968], [103.9052, 21.6948], [103.903, 21.6974], [103.8917, 21.7005], [103.8849, 21.7051], [103.8824, 21.7088], [103.8813, 21.688], [103.8783, 21.6859], [103.8722, 21.6859], [103.8695, 21.6886], [103.8653, 21.6885], [103.8611, 21.6929], [103.8534, 21.6894], [103.8493, 21.7009], [103.842, 21.7013], [103.8378, 21.7062], [103.8381, 21.7164], [103.8353, 21.7195], [103.8343, 21.7358], [103.8368, 21.7383], [103.8332, 21.7438], [103.8295, 21.7369], [103.826, 21.7351], [103.8217, 21.7361], [103.8147, 21.7401], [103.8074, 21.737], [103.8009, 21.7492], [103.7957, 21.7523], [103.7954, 21.7548], [103.7909, 21.7591], [103.7902, 21.7629], [103.7831, 21.7633], [103.7826, 21.77], [103.7792, 21.773], [103.7792, 21.7782], [103.7738, 21.7793], [103.7689, 21.7781], [103.7625, 21.7806], [103.7582, 21.7775], [103.7542, 21.7803], [103.7536, 21.7888], [103.7561, 21.7969], [103.7587, 21.8012], [103.7597, 21.8082], [103.7551, 21.8103], [103.7444, 21.808], [103.7417, 21.8101], [103.7323, 21.8094], [103.7283, 21.8058], [103.7239, 21.8066], [103.7216, 21.8106], [103.7156, 21.8127], [103.7134, 21.8193], [103.711, 21.8219], [103.7029, 21.8231], [103.6965, 21.8255], [103.6942, 21.8315], [103.6964, 21.8378], [103.7062, 21.8434], [103.7084, 21.8538], [103.7126, 21.8602], [103.7158, 21.8616], [103.7212, 21.8707], [103.7219, 21.8797], [103.715, 21.8814], [103.7147, 21.8856], [103.7051, 21.8843], [103.705, 21.8985], [103.7064, 21.9011], [103.7012, 21.9099], [103.6967, 21.9127], [103.6911, 21.9137], [103.6879, 21.9188], [103.6833, 21.9213], [103.69, 21.9325], [103.6887, 21.9407], [103.6862, 21.943], [103.6726, 21.9466], [103.6664, 21.9499], [103.6643, 21.9569], [103.6594, 21.9663], [103.6616, 21.9715], [103.6578, 21.9817], [103.6519, 21.9859], [103.652, 21.9923], [103.6454, 21.9944], [103.6341, 21.9898], [103.6259, 21.9952], [103.6215, 21.9964], [103.6133, 22.0016], [103.6076, 22.012], [103.5961, 22.0124], [103.5841, 22.0166], [103.5812, 22.019], [103.5729, 22.0188], [103.5614, 22.0244], [103.5546, 22.0236], [103.546, 22.0304], [103.5354, 22.0276], [103.5285, 22.0243], [103.525, 22.0248], [103.5216, 22.0214], [103.5168, 22.0138], [103.5106, 22.0103], [103.5141, 22.0027], [103.5113, 21.9977], [103.5134, 21.9924], [103.5085, 21.9834], [103.5028, 21.9812], [103.4993, 21.9778], [103.4968, 21.9698], [103.5025, 21.9659], [103.5033, 21.9593], [103.5055, 21.9552], [103.4997, 21.9513], [103.4984, 21.9446], [103.4944, 21.9438], [103.4845, 21.9383], [103.4849, 21.9341], [103.4824, 21.9231], [103.4843, 21.9211], [103.4803, 21.9164], [103.4795, 21.9087], [103.4867, 21.9034], [103.4828, 21.895], [103.4895, 21.8889], [103.4879, 21.8842], [103.4923, 21.8806], [103.4948, 21.8752], [103.5013, 21.873], [103.5068, 21.8728], [103.5113, 21.8675], [103.5174, 21.8656], [103.5223, 21.8615], [103.5229, 21.8546], [103.53, 21.8421], [103.5295, 21.8332], [103.5357, 21.8315], [103.5399, 21.8279], [103.5419, 21.8205], [103.5364, 21.8143], [103.5396, 21.8121], [103.5433, 21.8043], [103.5477, 21.7988], [103.5441, 21.7907], [103.5411, 21.7774], [103.5456, 21.7718], [103.5511, 21.769], [103.5598, 21.76], [103.5614, 21.7493], [103.5677, 21.743], [103.5726, 21.7396], [103.571, 21.7359], [103.5742, 21.7332], [103.578, 21.7205], [103.5826, 21.7141], [103.5858, 21.707], [103.5838, 21.7053], [103.5863, 21.7001], [103.5935, 21.693], [103.5951, 21.6868], [103.5987, 21.683], [103.5937, 21.6747], [103.5841, 21.6852], [103.5765, 21.6833], [103.5679, 21.6778], [103.567, 21.6721], [103.5605, 21.6676], [103.5574, 21.66], [103.5571, 21.656], [103.5537, 21.6532], [103.5478, 21.6513], [103.5416, 21.6456], [103.545, 21.6399], [103.551, 21.6382], [103.5508, 21.6326], [103.5556, 21.6305], [103.5599, 21.6266], [103.5579, 21.6229], [103.554, 21.6208], [103.5555, 21.6174], [103.554, 21.6133], [103.5496, 21.6095], [103.5479, 21.6023], [103.5427, 21.6025], [103.5382, 21.5977], [103.5378, 21.5901], [103.5346, 21.5909], [103.5305, 21.5867], [103.5303, 21.5813], [103.5329, 21.58], [103.5319, 21.573], [103.5341, 21.5686], [103.524, 21.5652], [103.5192, 21.565], [103.5192, 21.5573], [103.5226, 21.548], [103.5225, 21.543], [103.5195, 21.5398], [103.5171, 21.5328], [103.5108, 21.534], [103.5031, 21.5337], [103.4891, 21.5271], [103.4849, 21.5207], [103.4742, 21.5205], [103.4706, 21.5168], [103.4636, 21.5197], [103.4595, 21.5179], [103.4619, 21.5122], [103.4573, 21.5091], [103.4517, 21.5018], [103.4511, 21.4917], [103.4478, 21.4856], [103.4542, 21.4802], [103.4536, 21.471], [103.4568, 21.4576], [103.4464, 21.4431], [103.4494, 21.4383], [103.4427, 21.4322], [103.433, 21.432], [103.4299, 21.4304], [103.4202, 21.4298], [103.4181, 21.4267], [103.401, 21.4316], [103.3977, 21.4351], [103.3919, 21.4368], [103.388, 21.4342], [103.3828, 21.4341], [103.3749, 21.4278], [103.3662, 21.4291], [103.3596, 21.4277], [103.354, 21.4247], [103.3491, 21.4284], [103.3444, 21.4294], [103.3417, 21.4275], [103.3382, 21.4184], [103.3312, 21.4129], [103.3369, 21.4107], [103.3402, 21.3999], [103.3437, 21.3991], [103.3546, 21.3919], [103.3586, 21.3883], [103.3626, 21.3718], [103.373, 21.372], [103.3783, 21.3693], [103.3844, 21.3693], [103.3884, 21.3676], [103.3882, 21.3612], [103.3839, 21.357], [103.3802, 21.3491], [103.3753, 21.3455], [103.3716, 21.3407], [103.3697, 21.3315], [103.3744, 21.3291], [103.3798, 21.329], [103.3884, 21.3239], [103.3933, 21.3192], [103.399, 21.3169], [103.4142, 21.3196], [103.4243, 21.3157], [103.4327, 21.3107], [103.4328, 21.3045], [103.4399, 21.2869], [103.4413, 21.2819], [103.4395, 21.2705], [103.4393, 21.2637], [103.4343, 21.259], [103.4308, 21.2519], [103.4332, 21.2448], [103.4366, 21.2413], [103.4337, 21.2373], [103.4342, 21.2332], [103.4316, 21.2242], [103.4349, 21.2198], [103.4329, 21.2136], [103.4329, 21.2066], [103.436, 21.2021], [103.4379, 21.1907], [103.4352, 21.184], [103.4338, 21.1691], [103.4281, 21.163], [103.4146, 21.1687], [103.4081, 21.1614], [103.4059, 21.1565], [103.3964, 21.1511], [103.3955, 21.1449], [103.4006, 21.1299], [103.4017, 21.1213], [103.4007, 21.116], [103.4024, 21.1119], [103.4023, 21.1046], [103.406, 21.1002], [103.4058, 21.0956], [103.4087, 21.0874], [103.4146, 21.0823], [103.4186, 21.0752], [103.4243, 21.0713], [103.4221, 21.0649], [103.4109, 21.0632], [103.4042, 21.0603], [103.3999, 21.0606], [103.3936, 21.0633], [103.3875, 21.0635], [103.3825, 21.062], [103.371, 21.0627], [103.3666, 21.0702], [103.3586, 21.072], [103.3537, 21.0777], [103.3346, 21.0914], [103.3248, 21.0924], [103.3174, 21.0958], [103.3128, 21.0927], [103.3093, 21.0962], [103.3006, 21.0958], [103.2941, 21.0985], [103.2865, 21.0933], [103.2928, 21.084], [103.2878, 21.078], [103.2934, 21.0753], [103.3, 21.0671], [103.3018, 21.0629], [103.2985, 21.0596], [103.2941, 21.062], [103.2884, 21.0618], [103.2818, 21.066], [103.2807, 21.0605], [103.2749, 21.0567], [103.274, 21.0522], [103.2775, 21.051], [103.2759, 21.0445], [103.281, 21.0424], [103.2814, 21.0384], [103.2861, 21.0353], [103.2849, 21.0304], [103.292, 21.017], [103.2873, 21.0145], [103.285, 21.007], [103.2797, 21.0038], [103.281, 20.9991], [103.2898, 20.9948], [103.2899, 20.989], [103.2941, 20.9764], [103.2988, 20.9714], [103.3002, 20.9643], [103.2978, 20.9558], [103.3, 20.9514], [103.2999, 20.9458], [103.2934, 20.9453], [103.2894, 20.9476], [103.2795, 20.9409], [103.2773, 20.9379], [103.2793, 20.9241], [103.2784, 20.9204], [103.2897, 20.908], [103.2881, 20.9049], [103.2811, 20.9008], [103.2818, 20.8962], [103.2769, 20.8973], [103.2733, 20.9024], [103.2671, 20.9017], [103.2592, 20.8965], [103.2559, 20.8974], [103.2492, 20.8949], [103.2457, 20.892], [103.2409, 20.8945], [103.2333, 20.894], [103.2321, 20.8956], [103.2172, 20.8955]]]}, "properties": {"province_id": "son_la", "name": "Sơn La", "population": 1404587, "area_km2": 14108.8}}, {"type": "Feature", "geometry": {"type": "Polygon", "coordinates": [[[106.4517, 11.6712], [106.4448, 11.672], [106.4363, 11.6707], [106.4314, 11.6715], [106.4254, 11.6771], [106.4203, 11.6764], [106.4138, 11.6774], [106.409, 11.684], [106.402, 11.6876], [106.3951, 11.6926], [106.3894, 11.6929], [106.3833, 11.6958], [106.3707, 11.6965], [106.3633, 11.695], [106.3531, 11.6904], [106.3464, 11.6841], [106.3428, 11.6841], [106.3382, 11.6809], [106.3346, 11.6815], [106.3322, 11.6861], [106.3278, 11.6848], [106.316, 11.6764], [106.299, 11.6754], [106.2983, 11.6808], [106.289, 11.6904], [106.2756, 11.7016], [106.2716, 11.7033], [106.2692, 11.707], [106.2724, 11.7129], [106.2698, 11.714], [106.2654, 11.7208], [106.2599, 11.7219], [106.2562, 11.7251], [106.2498, 11.7266], [106.2381, 11.7261], [106.2298, 11.7307], [106.2247, 11.7311], [106.2147, 11.7282], [106.2065, 11.7316], [106.2003, 11.7374], [106.1957, 11.74], [106.1944, 11.7466], [106.1887, 11.7532], [106.1844, 11.7524], [106.1802, 11.7478], [106.1758, 11.7463], [106.1712, 11.7497], [106.1672, 11.748], [106.1567, 11.7377], [106.1534, 11.7364], [106.1409, 11.7428], [106.1326, 11.745], [106.124, 11.7456], [106.1149, 11.743], [106.1087, 11.7443], [106.1053, 11.7465], [106.0992, 11.7566], [106.0942, 11.7565], [106.0919, 11.7644], [106.0893, 11.7664], [106.0845, 11.7664], [106.0709, 11.7755], [106.0521, 11.7737], [106.0472, 11.7743], [106.0439, 11.7782], [106.0397, 11.7786], [106.0322, 11.775], [106.0234, 11.7748], [106.0185, 11.7713], [106.015, 11.7667], [106.0119, 11.7591], [106.0123, 11.7549], [106.0095, 11.7496], [106.0126, 11.7433], [106.0154, 11.732], [106.0143, 11.7245], [106.0109, 11.7229], [106.0069, 11.7155], [106.0038, 11.7068], [105.9987, 11.7013], [105.9954, 11.7031], [105.9829, 11.6923], [105.977, 11.6832], [105.981, 11.6781], [105.9811, 11.6694], [105.9719, 11.6612], [105.9653, 11.6528], [105.9604, 11.6511], [105.9547, 11.6444], [105.9525, 11.6391], [105.9306, 11.6467], [105.9031, 11.6634], [105.8881, 11.6767], [105.8818, 11.6765], [105.8746, 11.6719], [105.8682, 11.6707], [105.85, 11.6601], [105.8435, 11.6503], [105.837, 11.6479], [105.8371, 11.6403], [105.8327, 11.6249], [105.8282, 11.6194], [105.8142, 11.6188], [105.8103, 11.6198], [105.8122, 11.6091], [105.8117, 11.6032], [105.8091, 11.6024], [105.8112, 11.5919], [105.811, 11.5875], [105.8153, 11.5848], [105.8171, 11.5807], [105.816, 11.5762], [105.8178, 11.5704], [105.8239, 11.5702], [105.8274, 11.5643], [105.8344, 11.564], [105.8452, 11.5617], [105.8506, 11.5621], [105.862, 11.5664], [105.8634, 11.5615], [105.867, 11.5605], [105.8728, 11.5514], [105.8776, 11.5488], [105.8844, 11.5369], [105.8854, 11.5324], [105.8847, 11.518], [105.8792, 11.509], [105.881, 11.5028], [105.8786, 11.5016], [105.8819, 11.4943], [105.8844, 11.4923], [105.8847, 11.4831], [105.8793, 11.4802], [105.877, 11.4757], [105.8796, 11.4695], [105.8768, 11.4672], [105.8744, 11.4614], [105.8786, 11.4599], [105.8824, 11.4536], [105.8872, 11.4504], [105.8926, 11.4521], [105.8963, 11.4499], [105.8997, 11.4517], [105.9008, 11.4463], [105.9034, 11.4465], [105.9031, 11.4368], [105.9008, 11.4337], [105.9008, 11.428], [105.891, 11.4248], [105.8902, 11.4194], [105.8868, 11.4167], [105.8859, 11.4119], [105.8829, 11.411], [105.8801, 11.4068], [105.8764, 11.4067], [105.8708, 11.4037], [105.8787, 11.3901], [105.8704, 11.379], [105.8705, 11.3728], [105.8827, 11.3675], [105.8829, 11.3587], [105.8786, 11.3524], [105.8772, 11.343], [105.8746, 11.3345], [105.8739, 11.3268], [105.8706, 11.3241], [105.8672, 11.3185], [105.8671, 11.315], [105.8707, 11.3076], [105.8694, 11.2985], [105.8646, 11.2905], [105.8636, 11.2867], [105.8663, 11.2821], [105.869, 11.2817], [105.8785, 11.2872], [105.89, 11.2872], [105.8959, 11.2845], [105.9085, 11.2829], [105.9073, 11.2745], [105.9117, 11.2669], [105.9077, 11.2571], [105.9069, 11.2524], [105.9109, 11.2395], [105.9264, 11.2171], [105.9339, 11.2124], [105.9407, 11.2059], [105.9658, 11.1954], [105.9738, 11.1982], [105.9868, 11.1925], [106.0005, 11.1906], [106.0139, 11.1906], [106.0167, 11.1558], [106.0195, 11.1458], [106.0244, 11.1387], [106.0369, 11.1323], [106.0429, 11.1302], [106.0528, 11.1243], [106.0687, 11.1092], [106.0724, 11.1017], [106.0762, 11.0973], [106.0836, 11.1009], [106.0886, 11.0997], [106.0932, 11.0928], [106.0991, 11.0877], [106.0984, 11.0786], [106.1013, 11.0727], [106.1059, 11.0709], [106.1097, 11.0733], [106.1135, 11.0794], [106.1196, 11.0847], [106.1226, 11.0889], [106.1305, 11.0914], [106.138, 11.0952], [106.144, 11.1008], [106.154, 11.1015], [106.1739, 11.0742], [106.1872, 11.0505], [106.1923, 11.0115], [106.197, 10.9922], [106.2043, 10.9775], [106.1957, 10.975], [106.1894, 10.9746], [106.1772, 10.9799], [106.1681, 10.9811], [106.1624, 10.9808], [106.1557, 10.9831], [106.1441, 10.9756], [106.1494, 10.9507], [106.1529, 10.9414], [106.1499, 10.933], [106.1434, 10.924], [106.1402, 10.9154], [106.144, 10.9081], [106.1613, 10.8873], [106.1869, 10.8381], [106.1891, 10.7901], [106.1635, 10.8119], [106.0954, 10.808], [106.0703, 10.8128], [106.0549, 10.8233], [106.0109, 10.8547], [106.0018, 10.8636], [105.973, 10.8927], [105.9467, 10.9162], [105.9442, 10.9101], [105.9493, 10.8999], [105.9518, 10.8973], [105.9522, 10.891], [105.9506, 10.8889], [105.9564, 10.8838], [105.951, 10.8802], [105.9458, 10.873], [105.9425, 10.8733], [105.9374, 10.869], [105.9323, 10.8666], [105.929, 10.8593], [105.9324, 10.8517], [105.9311, 10.8489], [105.9364, 10.8463], [105.9363, 10.8395], [105.9335, 10.8391], [105.8989, 10.8445], [105.8497, 10.8639], [105.8491, 10.867], [105.8645, 10.8999], [105.8405, 10.9338], [105.8086, 10.9734], [105.806, 10.9798], [105.7869, 11.014], [105.7849, 11.0202], [105.7795, 11.0312], [105.7765, 11.0322], [105.7673, 11.0302], [105.755, 11.0262], [105.7484, 11.0255], [105.7423, 11.0273], [105.7298, 11.0255], [105.7183, 11.0212], [105.7126, 11.0178], [105.7017, 11.0098], [105.6979, 11.0045], [105.6893, 10.9985], [105.6803, 10.9945], [105.6679, 10.9877], [105.6579, 10.9847], [105.6412, 10.9813], [105.6189, 10.9754], [105.5921, 10.9672], [105.5716, 10.9619], [105.5654, 10.9617], [105.5516, 10.959], [105.5374, 10.9521], [105.5126, 10.9492], [105.5051, 10.9488], [105.4993, 10.953], [105.5093, 10.9359], [105.5163, 10.9224], [105.5474, 10.9099], [105.5826, 10.8919], [105.5898, 10.8782], [105.6127, 10.832], [105.5959, 10.8306], [105.6211, 10.8079], [105.6256, 10.8034], [105.7042, 10.7302], [105.7547, 10.6829], [105.7806, 10.6587], [105.8079, 10.6536], [105.8095, 10.6516], [105.8238, 10.6447], [105.8347, 10.6383], [105.8512, 10.6161], [105.8682, 10.5925], [105.8967, 10.5561], [105.91, 10.5386], [105.9981, 10.5326], [106.0354, 10.529], [106.086, 10.5237], [106.1024, 10.5228], [106.1012, 10.5758], [106.1965, 10.5804], [106.2047, 10.5792], [106.286, 10.587], [106.2951, 10.5781], [106.3106, 10.5656], [106.3184, 10.5707], [106.3329, 10.5558], [106.3389, 10.5481], [106.349, 10.5407], [106.3478, 10.5304], [106.3559, 10.5225], [106.3612, 10.5236], [106.3695, 10.518], [106.3665, 10.5111], [106.3716, 10.5065], [106.3711, 10.5015], [106.3687, 10.498], [106.3744, 10.4942], [106.3705, 10.4877], [106.3744, 10.4861], [106.3892, 10.4764], [106.3928, 10.4773], [106.396, 10.4857], [106.4003, 10.4855], [106.404, 10.4918], [106.4077, 10.492], [106.417, 10.4881], [106.4174, 10.4819], [106.424, 10.4785], [106.4257, 10.4739], [106.4298, 10.474], [106.4344, 10.4686], [106.4421, 10.466], [106.4422, 10.4579], [106.4506, 10.4535], [106.4455, 10.4493], [106.4426, 10.4444], [106.4396, 10.4454], [106.4375, 10.4409], [106.4273, 10.4339], [106.4179, 10.4348], [106.415, 10.4325], [106.4212, 10.4276], [106.4203, 10.4224], [106.4263, 10.4144], [106.4278, 10.4098], [106.4319, 10.4149], [106.4394, 10.4117], [106.4405, 10.4151], [106.4463, 10.4136], [106.4492, 10.4112], [106.4536, 10.4118], [106.4594, 10.4041], [106.4546, 10.4007], [106.4489, 10.4044], [106.4488, 10.3984], [106.454, 10.4003], [106.4562, 10.3946], [106.459, 10.3953], [106.4645, 10.4002], [106.4682, 10.3964], [106.4727, 10.3987], [106.4803, 10.3969], [106.4815, 10.4043], [106.4851, 10.4031], [106.4864, 10.4086], [106.4931, 10.414], [106.4971, 10.4147], [106.5013, 10.418], [106.5046, 10.4229], [106.5084, 10.4227], [106.5097, 10.4276], [106.5182, 10.4243], [106.5242, 10.4308], [106.5289, 10.4333], [106.5325, 10.4299], [106.5373, 10.4206], [106.5444, 10.4288], [106.5473, 10.4288], [106.5489, 10.4248], [106.5575, 10.4251], [106.5591, 10.423], [106.5577, 10.4162], [106.5601, 10.4128], [106.5673, 10.4148], [106.5706, 10.4123], [106.5892, 10.4184], [106.5873, 10.4258], [106.584, 10.4325], [106.5853, 10.4358], [106.6012, 10.4377], [106.6054, 10.4411], [106.6171, 10.448], [106.6254, 10.4506], [106.6309, 10.4553], [106.6332, 10.4594], [106.6363, 10.4726], [106.639, 10.4793], [106.6445, 10.4832], [106.6509, 10.4837], [106.6554, 10.4813], [106.6586, 10.4771], [106.6607, 10.4667], [106.6599, 10.451], [106.6614, 10.4456], [106.6677, 10.4395], [106.6715, 10.4385], [106.6797, 10.439], [106.6843, 10.441], [106.6917, 10.4492], [106.7014, 10.4666], [106.7049, 10.4711], [106.7223, 10.4869], [106.7359, 10.4981], [106.744, 10.5], [106.7484, 10.5186], [106.7491, 10.5307], [106.7451, 10.5483], [106.742, 10.5654], [106.7426, 10.571], [106.7453, 10.5757], [106.7389, 10.5814], [106.7361, 10.5864], [106.7328, 10.5802], [106.7289, 10.5799], [106.7233, 10.5881], [106.7237, 10.5927], [106.7202, 10.5966], [106.7223, 10.5995], [106.7187, 10.6061], [106.7217, 10.6069], [106.7239, 10.6119], [106.7313, 10.6088], [106.7276, 10.6161], [106.7318, 10.6226], [106.7282, 10.6248], [106.729, 10.6279], [106.7333, 10.6289], [106.7296, 10.6364], [106.7256, 10.6382], [106.7196, 10.6454], [106.712, 10.6503], [106.7075, 10.6499], [106.7003, 10.6541], [106.6962, 10.6498], [106.6913, 10.6485], [106.6904, 10.6514], [106.6855, 10.6515], [106.6791, 10.6457], [106.6737, 10.6441], [106.6702, 10.6397], [106.6658, 10.6387], [106.6573, 10.6436], [106.6563, 10.6384], [106.6529, 10.638], [106.6535, 10.633], [106.6462, 10.6342], [106.6409, 10.6267], [106.6345, 10.6258], [106.6296, 10.6316], [106.6295, 10.642], [106.6258, 10.6397], [106.6212, 10.6409], [106.6247, 10.6475], [106.619, 10.649], [106.6168, 10.6531], [106.6092, 10.6575], [106.6041, 10.6569], [106.6015, 10.651], [106.5975, 10.6534], [106.5918, 10.6501], [106.5904, 10.6531], [106.5841, 10.6537], [106.5807, 10.6555], [106.577, 10.6489], [106.5734, 10.6498], [106.5735, 10.6538], [106.5663, 10.6564], [106.5653, 10.6523], [106.5556, 10.6509], [106.5559, 10.657], [106.5505, 10.6591], [106.5536, 10.6684], [106.553, 10.6769], [106.5503, 10.6856], [106.5473, 10.6869], [106.5356, 10.6861], [106.534, 10.6879], [106.5289, 10.7025], [106.5272, 10.7093], [106.5302, 10.7173], [106.5202, 10.7237], [106.5094, 10.7171], [106.5018, 10.7264], [106.496, 10.7275], [106.4916, 10.7243], [106.4745, 10.7454], [106.4723, 10.7455], [106.4637, 10.7565], [106.4868, 10.7742], [106.5046, 10.7889], [106.5113, 10.8175], [106.5201, 10.8522], [106.5329, 10.9], [106.5318, 10.9024], [106.496, 10.9208], [106.4541, 10.9415], [106.4118, 10.9737], [106.3729, 10.9698], [106.3565, 10.9916], [106.3625, 10.9973], [106.3669, 10.9987], [106.3782, 11.0003], [106.3807, 10.9984], [106.392, 10.9998], [106.4053, 11.0038], [106.4064, 11.0062], [106.4128, 11.0089], [106.4089, 11.0166], [106.409, 11.0226], [106.4115, 11.0294], [106.4152, 11.0339], [106.4201, 11.0362], [106.4243, 11.0478], [106.4203, 11.052], [106.4223, 11.0591], [106.4202, 11.0634], [106.4252, 11.0688], [106.4273, 11.074], [106.426, 11.0916], [106.4308, 11.0921], [106.4315, 11.0983], [106.4338, 11.1002], [106.4374, 11.1114], [106.4424, 11.116], [106.4447, 11.1264], [106.4484, 11.1309], [106.4458, 11.1358], [106.4373, 11.14], [106.4301, 11.1481], [106.4361, 11.1548], [106.4368, 11.1598], [106.4329, 11.166], [106.4328, 11.1714], [106.4297, 11.1748], [106.4266, 11.1707], [106.4235, 11.1708], [106.4169, 11.1741], [106.41, 11.1733], [106.4107, 11.1832], [106.4071, 11.185], [106.402, 11.182], [106.3981, 11.1817], [106.3955, 11.1843], [106.3881, 11.1855], [106.3837, 11.194], [106.3848, 11.2009], [106.3867, 11.2026], [106.3893, 11.2124], [106.3799, 11.2181], [106.3839, 11.2277], [106.3785, 11.2292], [106.3774, 11.2361], [106.3714, 11.2446], [106.3615, 11.2382], [106.3582, 11.2406], [106.3563, 11.2459], [106.3513, 11.2486], [106.3562, 11.255], [106.3606, 11.2557], [106.3641, 11.2595], [106.3506, 11.2627], [106.3528, 11.266], [106.3552, 11.2803], [106.3543, 11.2876], [106.3481, 11.2896], [106.3444, 11.286], [106.3411, 11.2856], [106.3404, 11.298], [106.3379, 11.3026], [106.3418, 11.3122], [106.3447, 11.3222], [106.3438, 11.3269], [106.3364, 11.3356], [106.3318, 11.3435], [106.3311, 11.3532], [106.3353, 11.3603], [106.3431, 11.3672], [106.3507, 11.3767], [106.3587, 11.4064], [106.3663, 11.4404], [106.37, 11.4477], [106.3747, 11.4541], [106.3798, 11.4573], [106.4022, 11.4654], [106.412, 11.4729], [106.4174, 11.4849], [106.423, 11.4912], [106.4236, 11.4952], [106.4225, 11.5064], [106.428, 11.5124], [106.4292, 11.5233], [106.4269, 11.5327], [106.43, 11.5359], [106.4342, 11.5363], [106.4361, 11.542], [106.4408, 11.5463], [106.4467, 11.5472], [106.4487, 11.5438], [106.4555, 11.5415], [106.4609, 11.546], [106.4658, 11.5427], [106.4707, 11.5472], [106.475, 11.549], [106.4786, 11.5472], [106.4807, 11.5507], [106.4805, 11.5552], [106.4827, 11.5603], [106.4861, 11.5621], [106.4905, 11.5705], [106.4893, 11.5834], [106.4873, 11.5842], [106.4858, 11.5912], [106.4831, 11.5948], [106.4866, 11.603], [106.4768, 11.6103], [106.4757, 11.6128], [106.4697, 11.6138], [106.4666, 11.6197], [106.4661, 11.6325], [106.462, 11.6343], [106.4644, 11.6398], [106.4588, 11.6447], [106.46, 11.6496], [106.4535, 11.6535], [106.4554, 11.6581], [106.4521, 11.663], [106.4517, 11.6712]]]}, "properties": {"province_id": "tay_ninh", "name": "Tây Ninh", "population": 3254170, "area_km2": 8536.9}}, {"type": "Feature", "geometry": {"type": "Polygon", "coordinates": [[[106.1852, 21.6043], [106.1891, 21.6103], [106.197, 21.6185], [106.1954, 21.6286], [106.1985, 21.6326], [106.1924, 21.6373], [106.191, 21.6451], [106.193, 21.6482], [106.2022, 21.6533], [106.2066, 21.6595], [106.2058, 21.6635], [106.2194, 21.6737], [106.2255, 21.679], [106.2266, 21.6816], [106.2244, 21.6921], [106.2328, 21.6989], [106.234, 21.7085], [106.2375, 21.7147], [106.2377, 21.7198], [106.2353, 21.727], [106.2308, 21.7278], [106.2294, 21.7307], [106.2246, 21.7331], [106.2175, 21.7268], [106.2111, 21.7287], [106.2087, 21.7323], [106.1967, 21.7354], [106.1942, 21.7416], [106.1865, 21.7407], [106.1782, 21.7437], [106.1736, 21.7492], [106.1684, 21.7502], [106.1684, 21.7542], [106.1596, 21.756], [106.1553, 21.7608], [106.1497, 21.761], [106.1481, 21.7676], [106.1397, 21.7773], [106.1354, 21.7853], [106.1277, 21.7831], [106.1222, 21.7834], [106.1135, 21.7815], [106.1114, 21.7863], [106.1064, 21.7903], [106.1063, 21.7988], [106.1077, 21.8034], [106.0989, 21.8127], [106.0954, 21.8186], [106.0954, 21.8214], [106.0997, 21.8242], [106.1003, 21.8285], [106.1079, 21.8323], [106.1071, 21.8413], [106.1152, 21.8409], [106.117, 21.8454], [106.1114, 21.8504], [106.1129, 21.8545], [106.1106, 21.8607], [106.1115, 21.8653], [106.1153, 21.8706], [106.1153, 21.8756], [106.1173, 21.8799], [106.1143, 21.8841], [106.1134, 21.8907], [106.1158, 21.8951], [106.1274, 21.8993], [106.1295, 21.903], [106.1271, 21.9101], [106.1319, 21.917], [106.1313, 21.9215], [106.1283, 21.9248], [106.1219, 21.9242], [106.1178, 21.9284], [106.1134, 21.9291], [106.1117, 21.9333], [106.1069, 21.9329], [106.1027, 21.9405], [106.1118, 21.9493], [106.1088, 21.9523], [106.1035, 21.9531], [106.1001, 21.9511], [106.0978, 21.9542], [106.0992, 21.9596], [106.1063, 21.9627], [106.1116, 21.962], [106.114, 21.9675], [106.1132, 21.9732], [106.1154, 21.9785], [106.1131, 21.9831], [106.1141, 21.9939], [106.11, 21.9968], [106.1095, 22.0053], [106.1113, 22.0135], [106.1085, 22.0212], [106.1026, 22.027], [106.0967, 22.0302], [106.0956, 22.0366], [106.1011, 22.0405], [106.1028, 22.0454], [106.0993, 22.0552], [106.101, 22.0601], [106.0988, 22.068], [106.1007, 22.072], [106.1055, 22.0727], [106.1079, 22.0762], [106.1142, 22.0726], [106.1173, 22.0762], [106.1187, 22.0823], [106.1234, 22.0854], [106.1395, 22.0858], [106.1416, 22.0822], [106.1572, 22.0817], [106.1613, 22.092], [106.1609, 22.0964], [106.1624, 22.1021], [106.1685, 22.1064], [106.1687, 22.1104], [106.1772, 22.113], [106.1852, 22.1173], [106.1847, 22.1254], [106.181, 22.1285], [106.1877, 22.1338], [106.189, 22.1397], [106.1929, 22.1439], [106.1965, 22.1428], [106.2006, 22.1465], [106.2014, 22.1496], [106.2137, 22.1597], [106.2177, 22.1669], [106.2229, 22.1676], [106.2316, 22.1744], [106.2339, 22.1784], [106.2337, 22.1823], [106.2288, 22.1852], [106.225, 22.1899], [106.2211, 22.1976], [106.2231, 22.2004], [106.2214, 22.2073], [106.2295, 22.2163], [106.2321, 22.2206], [106.2371, 22.2212], [106.2428, 22.2379], [106.2421, 22.2465], [106.2456, 22.2526], [106.2469, 22.2578], [106.2449, 22.2606], [106.2445, 22.2685], [106.2351, 22.2789], [106.2287, 22.2821], [106.2242, 22.2826], [106.2231, 22.2885], [106.22, 22.2903], [106.2154, 22.288], [106.2121, 22.2901], [106.1996, 22.3136], [106.202, 22.317], [106.2012, 22.3227], [106.2048, 22.3279], [106.2055, 22.3318], [106.2089, 22.3375], [106.2154, 22.3449], [106.2193, 22.3471], [106.22, 22.3504], [106.2166, 22.3584], [106.2106, 22.362], [106.2091, 22.3677], [106.2013, 22.3737], [106.1916, 22.376], [106.1873, 22.3799], [106.1881, 22.3838], [106.1847, 22.3869], [106.1836, 22.3903], [106.179, 22.3908], [106.1767, 22.3972], [106.172, 22.4039], [106.1689, 22.403], [106.1681, 22.4089], [106.1567, 22.4099], [106.1545, 22.4057], [106.1513, 22.404], [106.1399, 22.3945], [106.1345, 22.3955], [106.1329, 22.3985], [106.1281, 22.4002], [106.1224, 22.3994], [106.1222, 22.4025], [106.1154, 22.4016], [106.1114, 22.3989], [106.1048, 22.4015], [106.1053, 22.4096], [106.0991, 22.4144], [106.1012, 22.4172], [106.1017, 22.4252], [106.0998, 22.4299], [106.1016, 22.4356], [106.0943, 22.4417], [106.0963, 22.446], [106.1029, 22.451], [106.1097, 22.4631], [106.1196, 22.4718], [106.1147, 22.4832], [106.1164, 22.4884], [106.1167, 22.4955], [106.1186, 22.499], [106.1178, 22.5056], [106.1193, 22.5106], [106.116, 22.5125], [106.102, 22.5164], [106.1021, 22.5213], [106.0952, 22.5272], [106.0957, 22.5308], [106.093, 22.5356], [106.0927, 22.5413], [106.0952, 22.547], [106.0911, 22.5482], [106.0864, 22.5531], [106.0808, 22.5517], [106.0733, 22.5549], [106.0749, 22.5617], [106.0818, 22.5665], [106.0825, 22.5728], [106.0713, 22.5729], [106.0674, 22.5695], [106.059, 22.571], [106.0476, 22.578], [106.0423, 22.5658], [106.0375, 22.5622], [106.0263, 22.5581], [106.0218, 22.5607], [106.0128, 22.5566], [106.0059, 22.5549], [106.0032, 22.5487], [105.9936, 22.5454], [105.9915, 22.5432], [105.9864, 22.5441], [105.9838, 22.5401], [105.9692, 22.5355], [105.9658, 22.5286], [105.9609, 22.5281], [105.9573, 22.5239], [105.9526, 22.523], [105.9468, 22.5287], [105.9432, 22.5278], [105.9325, 22.5281], [105.9241, 22.5215], [105.9235, 22.5152], [105.9203, 22.5087], [105.9113, 22.4964], [105.9039, 22.4953], [105.898, 22.5049], [105.8995, 22.507], [105.8832, 22.5134], [105.8765, 22.5144], [105.8669, 22.52], [105.8569, 22.5215], [105.8504, 22.5201], [105.8413, 22.515], [105.8336, 22.516], [105.8324, 22.5179], [105.8333, 22.5259], [105.8303, 22.5258], [105.8235, 22.5211], [105.8145, 22.5214], [105.8043, 22.5238], [105.8018, 22.5258], [105.798, 22.5334], [105.7947, 22.535], [105.7933, 22.5415], [105.7875, 22.5503], [105.7815, 22.5488], [105.7757, 22.5503], [105.7727, 22.562], [105.7762, 22.5698], [105.7776, 22.5772], [105.7733, 22.5804], [105.7661, 22.5889], [105.7606, 22.5859], [105.7533, 22.5867], [105.7468, 22.596], [105.7477, 22.5999], [105.7529, 22.6034], [105.7533, 22.6088], [105.7449, 22.6191], [105.741, 22.621], [105.7396, 22.6279], [105.7294, 22.6338], [105.727, 22.6368], [105.7313, 22.6412], [105.7377, 22.6417], [105.7404, 22.6435], [105.7405, 22.6496], [105.7482, 22.6585], [105.7493, 22.663], [105.7548, 22.6687], [105.768, 22.6789], [105.773, 22.684], [105.7769, 22.692], [105.7684, 22.694], [105.7608, 22.6972], [105.7562, 22.7021], [105.752, 22.7129], [105.7594, 22.7208], [105.7585, 22.7253], [105.7549, 22.7282], [105.7519, 22.7267], [105.747, 22.7303], [105.7436, 22.738], [105.7391, 22.7415], [105.7286, 22.7396], [105.7248, 22.7363], [105.7215, 22.7308], [105.7109, 22.7328], [105.7096, 22.728], [105.7057, 22.726], [105.7, 22.7196], [105.6975, 22.7277], [105.6939, 22.7272], [105.6917, 22.7184], [105.6865, 22.7178], [105.6727, 22.7252], [105.6692, 22.7229], [105.6632, 22.7227], [105.6601, 22.7172], [105.656, 22.7151], [105.6521, 22.7092], [105.6485, 22.6985], [105.6417, 22.6998], [105.6285, 22.6984], [105.6231, 22.7005], [105.6206, 22.6974], [105.613, 22.6954], [105.609, 22.6905], [105.6007, 22.6869], [105.5997, 22.678], [105.6028, 22.6673], [105.5885, 22.6668], [105.5819, 22.6692], [105.5758, 22.664], [105.5732, 22.6658], [105.5642, 22.6657], [105.5613, 22.6579], [105.55, 22.6574], [105.5435, 22.653], [105.5409, 22.6489], [105.5414, 22.6387], [105.5374, 22.6334], [105.5316, 22.6332], [105.5297, 22.6281], [105.5299, 22.621], [105.5331, 22.6155], [105.5382, 22.6111], [105.5403, 22.607], [105.549, 22.5993], [105.5464, 22.5896], [105.5518, 22.576], [105.5578, 22.5738], [105.5635, 22.5651], [105.5633, 22.5602], [105.5713, 22.5621], [105.578, 22.5591], [105.5828, 22.5534], [105.5854, 22.5524], [105.5912, 22.5435], [105.5918, 22.538], [105.5944, 22.5342], [105.5952, 22.5257], [105.5985, 22.5227], [105.5977, 22.5173], [105.5945, 22.5151], [105.5917, 22.5081], [105.5962, 22.5033], [105.5939, 22.5002], [105.5945, 22.493], [105.5983, 22.489], [105.5893, 22.4849], [105.5833, 22.4795], [105.5803, 22.4789], [105.5685, 22.4701], [105.5637, 22.4634], [105.56, 22.463], [105.558, 22.4539], [105.5593, 22.4504], [105.5562, 22.4472], [105.5549, 22.4383], [105.549, 22.4378], [105.5522, 22.4313], [105.555, 22.4287], [105.5508, 22.4221], [105.551, 22.4164], [105.5532, 22.4119], [105.5584, 22.4101], [105.566, 22.412], [105.5643, 22.4066], [105.5609, 22.4029], [105.5566, 22.4021], [105.5499, 22.4045], [105.5431, 22.4053], [105.536, 22.4077], [105.5318, 22.4043], [105.5224, 22.4039], [105.5183, 22.3997], [105.5197, 22.3961], [105.5193, 22.3872], [105.5164, 22.385], [105.5137, 22.3768], [105.5141, 22.3711], [105.5169, 22.3679], [105.5157, 22.3595], [105.5132, 22.3565], [105.5137, 22.3479], [105.5105, 22.3459], [105.5052, 22.3462], [105.496, 22.3408], [105.4982, 22.3332], [105.4967, 22.3225], [105.4922, 22.3182], [105.487, 22.3191], [105.4814, 22.3154], [105.4787, 22.3076], [105.4796, 22.3041], [105.4853, 22.2979], [105.487, 22.2927], [105.4797, 22.2884], [105.4709, 22.2851], [105.4601, 22.2838], [105.4726, 22.2741], [105.4623, 22.2646], [105.4552, 22.2682], [105.4502, 22.2646], [105.4442, 22.2645], [105.4357, 22.2588], [105.4375, 22.2529], [105.4382, 22.2443], [105.436, 22.2395], [105.441, 22.2343], [105.4353, 22.227], [105.4344, 22.2167], [105.4311, 22.2163], [105.4343, 22.2091], [105.4386, 22.206], [105.4448, 22.1995], [105.4496, 22.1915], [105.4557, 22.1872], [105.4607, 22.1855], [105.4642, 22.1811], [105.4615, 22.1781], [105.4626, 22.1691], [105.4702, 22.1604], [105.4762, 22.1637], [105.493, 22.1582], [105.4928, 22.1519], [105.4819, 22.1458], [105.4747, 22.1372], [105.4764, 22.1298], [105.4747, 22.126], [105.4712, 22.1259], [105.4652, 22.1205], [105.4629, 22.1143], [105.4636, 22.1084], [105.466, 22.103], [105.4703, 22.103], [105.4736, 22.0964], [105.468, 22.0881], [105.4696, 22.0815], [105.4636, 22.0765], [105.4677, 22.0728], [105.4696, 22.0685], [105.4734, 22.0684], [105.4751, 22.0582], [105.4875, 22.0475], [105.4904, 22.0386], [105.4896, 22.0299], [105.4927, 22.0256], [105.493, 22.0179], [105.4951, 22.0103], [105.5016, 22.0099], [105.5058, 22.0077], [105.5053, 21.9922], [105.5119, 21.9888], [105.512, 21.9845], [105.5184, 21.9848], [105.5249, 21.9815], [105.5316, 21.9685], [105.5372, 21.9671], [105.5399, 21.9644], [105.5519, 21.9626], [105.5557, 21.9575], [105.5491, 21.9478], [105.5515, 21.9446], [105.5522, 21.9339], [105.5506, 21.9308], [105.5507, 21.9221], [105.5534, 21.9187], [105.5529, 21.9085], [105.545, 21.904], [105.5468, 21.8968], [105.5426, 21.8907], [105.5361, 21.8904], [105.5332, 21.8881], [105.5263, 21.8881], [105.5205, 21.8843], [105.5184, 21.8759], [105.5226, 21.87], [105.5286, 21.8524], [105.529, 21.8455], [105.5278, 21.8347], [105.5146, 21.8272], [105.5108, 21.8327], [105.4968, 21.8319], [105.4938, 21.8282], [105.4951, 21.8174], [105.4932, 21.804], [105.4952, 21.7969], [105.4979, 21.7931], [105.4935, 21.7801], [105.4949, 21.7742], [105.5003, 21.7705], [105.5063, 21.7712], [105.5166, 21.774], [105.5258, 21.7678], [105.5249, 21.7648], [105.5176, 21.7554], [105.5135, 21.7546], [105.509, 21.7504], [105.5113, 21.7444], [105.5156, 21.7408], [105.516, 21.7366], [105.5087, 21.731], [105.5046, 21.7302], [105.4994, 21.7222], [105.5003, 21.7173], [105.4941, 21.716], [105.4903, 21.7038], [105.4835, 21.7017], [105.4777, 21.6976], [105.4878, 21.6895], [105.4871, 21.6808], [105.4817, 21.6787], [105.4793, 21.6738], [105.4818, 21.6723], [105.4834, 21.6601], [105.4883, 21.6515], [105.4906, 21.6431], [105.4972, 21.6391], [105.5002, 21.6287], [105.4966, 21.6184], [105.5003, 21.6143], [105.5056, 21.6124], [105.5183, 21.5974], [105.5236, 21.5895], [105.5267, 21.5826], [105.535, 21.5817], [105.5425, 21.5738], [105.5456, 21.5722], [105.5509, 21.5726], [105.5557, 21.5709], [105.5607, 21.5639], [105.5629, 21.5584], [105.5699, 21.5521], [105.5778, 21.5437], [105.5831, 21.54], [105.5839, 21.5349], [105.5994, 21.5323], [105.6043, 21.5283], [105.6072, 21.5235], [105.6073, 21.5164], [105.6115, 21.5125], [105.6117, 21.5057], [105.6256, 21.4965], [105.6353, 21.4928], [105.6329, 21.4884], [105.6313, 21.4791], [105.6344, 21.4761], [105.644, 21.47], [105.6463, 21.4648], [105.6526, 21.4573], [105.6667, 21.4599], [105.6695, 21.4578], [105.6749, 21.4581], [105.6782, 21.4558], [105.6874, 21.4428], [105.6975, 21.439], [105.7045, 21.4407], [105.7071, 21.4359], [105.7123, 21.4307], [105.7152, 21.4299], [105.7213, 21.4325], [105.7246, 21.4321], [105.7241, 21.4216], [105.7209, 21.4159], [105.7296, 21.4089], [105.7342, 21.4102], [105.7403, 21.415], [105.7473, 21.4158], [105.7556, 21.4104], [105.7637, 21.3982], [105.7657, 21.3887], [105.7624, 21.3857], [105.7598, 21.3781], [105.7684, 21.3747], [105.77, 21.3705], [105.7747, 21.3676], [105.7752, 21.3607], [105.7846, 21.3596], [105.7865, 21.3641], [105.7877, 21.3749], [105.7905, 21.3781], [105.7986, 21.3817], [105.8005, 21.3847], [105.8136, 21.3812], [105.8165, 21.3828], [105.8214, 21.3781], [105.8307, 21.3752], [105.832, 21.3733], [105.8397, 21.3774], [105.8472, 21.3774], [105.8494, 21.3743], [105.8558, 21.3765], [105.8589, 21.3737], [105.8527, 21.3616], [105.8518, 21.3553], [105.8545, 21.352], [105.8533, 21.3482], [105.8588, 21.338], [105.862, 21.3384], [105.8658, 21.3334], [105.8672, 21.3278], [105.8717, 21.3297], [105.8767, 21.3276], [105.8838, 21.3275], [105.8886, 21.3254], [105.8928, 21.3265], [105.8879, 21.3281], [105.8854, 21.3328], [105.8812, 21.3358], [105.8813, 21.3388], [105.8865, 21.346], [105.8969, 21.3431], [105.9044, 21.3454], [105.9085, 21.3517], [105.904, 21.3522], [105.8994, 21.3497], [105.8956, 21.3511], [105.9004, 21.356], [105.9046, 21.3633], [105.909, 21.3742], [105.9128, 21.376], [105.9166, 21.3727], [105.9231, 21.3749], [105.9364, 21.3714], [105.9398, 21.3722], [105.9435, 21.3775], [105.9449, 21.392], [105.9401, 21.3965], [105.9442, 21.4], [105.9565, 21.4074], [105.9545, 21.4136], [105.9584, 21.4216], [105.9576, 21.4322], [105.9627, 21.4369], [105.9678, 21.4311], [105.9721, 21.42], [105.9753, 21.4195], [105.9792, 21.4136], [105.9867, 21.4141], [105.9907, 21.4102], [105.9963, 21.4081], [105.9998, 21.4044], [106.0026, 21.4065], [106.0082, 21.4061], [106.0131, 21.4028], [106.0189, 21.4011], [106.0201, 21.3955], [106.0285, 21.3941], [106.0274, 21.3994], [106.03, 21.4018], [106.0312, 21.4069], [106.0344, 21.4083], [106.0321, 21.4136], [106.033, 21.4188], [106.031, 21.4253], [106.0267, 21.4289], [106.0267, 21.4336], [106.032, 21.438], [106.0381, 21.4382], [106.0459, 21.4418], [106.0472, 21.4476], [106.0505, 21.4548], [106.0512, 21.4604], [106.0459, 21.4648], [106.0437, 21.4638], [106.0406, 21.4704], [106.0409, 21.4732], [106.0455, 21.4751], [106.0479, 21.4817], [106.0413, 21.4863], [106.0378, 21.4902], [106.043, 21.4987], [106.0454, 21.5088], [106.0442, 21.5218], [106.0476, 21.5309], [106.0509, 21.5335], [106.0537, 21.5387], [106.0505, 21.5457], [106.0552, 21.5481], [106.0538, 21.5519], [106.0505, 21.5523], [106.0479, 21.5588], [106.036, 21.5613], [106.0321, 21.5662], [106.0349, 21.5718], [106.0416, 21.5755], [106.0486, 21.5811], [106.0513, 21.5877], [106.0516, 21.5923], [106.0594, 21.6043], [106.0673, 21.6046], [106.0715, 21.6105], [106.076, 21.6126], [106.0779, 21.6173], [106.094, 21.6247], [106.0999, 21.6248], [106.1016, 21.622], [106.1072, 21.6223], [106.1169, 21.617], [106.127, 21.6161], [106.1356, 21.6179], [106.1421, 21.623], [106.1455, 21.6223], [106.1545, 21.6239], [106.1587, 21.6261], [106.1624, 21.6248], [106.1696, 21.6165], [106.1733, 21.6102], [106.1852, 21.6043]]]}, "properties": {"province_id": "thai_nguyen", "name": "Thái Nguyên", "population": 1799489, "area_km2": 8375.5}}, {"type": "Feature", "geometry": {"type": "MultiPolygon", "coordinates": [[[[105.8054, 19.2867], [105.8064, 19.2944], [105.81, 19.3023], [105.8144, 19.3085], [105.819, 19.3096], [105.8191, 19.3144], [105.8139, 19.3281], [105.8137, 19.3313], [105.8095, 19.3326], [105.8008, 19.3402], [105.7924, 19.3577], [105.789, 19.3676], [105.7872, 19.3759], [105.785, 19.3908], [105.7847, 19.3993], [105.7925, 19.4038], [105.7936, 19.4161], [105.7957, 19.4224], [105.7999, 19.4276], [105.8051, 19.4301], [105.8109, 19.4253], [105.8144, 19.4295], [105.811, 19.436], [105.8083, 19.4564], [105.8072, 19.4742], [105.8071, 19.5056], [105.8074, 19.5165], [105.8089, 19.5333], [105.8121, 19.5572], [105.8157, 19.5672], [105.8134, 19.5734], [105.8168, 19.5766], [105.8197, 19.5833], [105.8236, 19.6087], [105.8265, 19.6233], [105.8308, 19.6408], [105.836, 19.6589], [105.845, 19.6831], [105.8523, 19.6987], [105.8577, 19.7081], [105.8674, 19.7218], [105.873, 19.7266], [105.8793, 19.7294], [105.8852, 19.7278], [105.8882, 19.7225], [105.8955, 19.7209], [105.9008, 19.7303], [105.8999, 19.7313], [105.9056, 19.7427], [105.9106, 19.7507], [105.925, 19.7695], [105.9325, 19.7781], [105.9343, 19.7819], [105.9316, 19.7903], [105.9378, 19.7935], [105.9381, 19.7966], [105.9334, 19.8001], [105.932, 19.8045], [105.9309, 19.8139], [105.9324, 19.8279], [105.9364, 19.8427], [105.9407, 19.8544], [105.9496, 19.8716], [105.9598, 19.8853], [105.9644, 19.8899], [105.9592, 19.8905], [105.9506, 19.8876], [105.9493, 19.8905], [105.9498, 19.9078], [105.9531, 19.9192], [105.9592, 19.9274], [105.9683, 19.9351], [105.9911, 19.9477], [106.0002, 19.9481], [106.0073, 19.9506], [106.0112, 19.9551], [106.0195, 19.957], [106.0258, 19.9599], [106.0244, 19.9755], [106.024, 19.9819], [106.026, 19.9907], [106.0323, 19.9991], [106.0389, 20.0012], [106.0454, 20.001], [106.0504, 20.0029], [106.0543, 20.0068], [106.0613, 20.0182], [106.0662, 20.0332], [106.0661, 20.0373], [106.0735, 20.0513], [106.0759, 20.0628], [106.0718, 20.0666], [106.0395, 20.0618], [106.0355, 20.0598], [106.0322, 20.0608], [106.0233, 20.059], [106.0175, 20.0601], [106.0136, 20.0649], [106.0083, 20.0663], [105.9998, 20.0668], [105.9926, 20.0687], [105.9827, 20.0683], [105.9749, 20.0661], [105.9624, 20.0659], [105.9586, 20.0671], [105.9521, 20.0741], [105.947, 20.0746], [105.9415, 20.0823], [105.9301, 20.0906], [105.9249, 20.1008], [105.9171, 20.1057], [105.9113, 20.1048], [105.9075, 20.1068], [105.8961, 20.1174], [105.8917, 20.1196], [105.8847, 20.1195], [105.8783, 20.1235], [105.8753, 20.1225], [105.8685, 20.125], [105.8602, 20.1335], [105.8527, 20.1384], [105.8442, 20.1421], [105.8349, 20.1435], [105.8316, 20.1511], [105.8183, 20.1535], [105.8158, 20.1558], [105.8082, 20.1583], [105.8063, 20.1613], [105.8014, 20.1633], [105.7934, 20.17], [105.7853, 20.1703], [105.7771, 20.172], [105.7736, 20.1769], [105.7707, 20.1762], [105.7583, 20.1789], [105.7408, 20.1852], [105.7423, 20.1874], [105.7377, 20.194], [105.7327, 20.195], [105.7307, 20.1993], [105.7257, 20.2011], [105.7161, 20.2083], [105.7051, 20.2144], [105.7009, 20.218], [105.693, 20.2213], [105.6958, 20.2252], [105.6939, 20.2309], [105.6897, 20.2316], [105.6828, 20.2353], [105.6788, 20.2419], [105.6791, 20.2466], [105.6717, 20.2474], [105.669, 20.2506], [105.6703, 20.2538], [105.6496, 20.274], [105.6408, 20.2778], [105.6354, 20.2776], [105.6208, 20.2819], [105.6128, 20.2891], [105.6088, 20.2987], [105.6038, 20.3081], [105.5998, 20.3119], [105.5938, 20.314], [105.5864, 20.3118], [105.5791, 20.3119], [105.5708, 20.3183], [105.566, 20.3159], [105.5627, 20.3182], [105.565, 20.3246], [105.5578, 20.3295], [105.5526, 20.3288], [105.5486, 20.3348], [105.55, 20.3385], [105.5497, 20.347], [105.5454, 20.3518], [105.5427, 20.3621], [105.539, 20.3692], [105.5298, 20.3717], [105.5245, 20.3674], [105.5243, 20.3633], [105.5212, 20.3598], [105.5038, 20.3604], [105.5004, 20.3613], [105.4846, 20.37], [105.4766, 20.3752], [105.4606, 20.3752], [105.4556, 20.3782], [105.4461, 20.3805], [105.4367, 20.3844], [105.4305, 20.3825], [105.4271, 20.3833], [105.4215, 20.3781], [105.4134, 20.3744], [105.4062, 20.3726], [105.4002, 20.3754], [105.386, 20.3785], [105.3789, 20.3834], [105.3692, 20.3852], [105.3672, 20.3887], [105.3561, 20.392], [105.3532, 20.3894], [105.3456, 20.3907], [105.3424, 20.3965], [105.3366, 20.3989], [105.3313, 20.4026], [105.3223, 20.4054], [105.3177, 20.408], [105.3073, 20.4165], [105.3028, 20.4212], [105.301, 20.4163], [105.2968, 20.4163], [105.2905, 20.4188], [105.2806, 20.4256], [105.2767, 20.4314], [105.2698, 20.4288], [105.2618, 20.4318], [105.2609, 20.4368], [105.2643, 20.4447], [105.2647, 20.4495], [105.2672, 20.455], [105.2636, 20.4589], [105.2621, 20.4654], [105.2443, 20.4737], [105.2396, 20.4795], [105.2446, 20.488], [105.2402, 20.4933], [105.2359, 20.4939], [105.2305, 20.4973], [105.2312, 20.5032], [105.2235, 20.505], [105.2157, 20.5089], [105.2127, 20.5131], [105.2013, 20.5184], [105.1906, 20.517], [105.1849, 20.5211], [105.1783, 20.5164], [105.1718, 20.5146], [105.1633, 20.5229], [105.1617, 20.5351], [105.1559, 20.5385], [105.1531, 20.5431], [105.1494, 20.5443], [105.1413, 20.5439], [105.1365, 20.5507], [105.1303, 20.5567], [105.1195, 20.5624], [105.1141, 20.5623], [105.1077, 20.5676], [105.1059, 20.5734], [105.0936, 20.5669], [105.0916, 20.5712], [105.0843, 20.5771], [105.0786, 20.5782], [105.071, 20.5747], [105.0633, 20.5743], [105.0544, 20.5704], [105.0533, 20.5618], [105.0458, 20.5566], [105.0423, 20.5598], [105.0328, 20.5588], [105.0307, 20.5602], [105.0239, 20.559], [105.0153, 20.5662], [105.0097, 20.5721], [105.0036, 20.575], [104.9983, 20.5759], [104.9862, 20.5756], [104.9818, 20.5736], [104.98, 20.5761], [104.9845, 20.5844], [104.9853, 20.5892], [104.9817, 20.5937], [104.9754, 20.5953], [104.9706, 20.6033], [104.9633, 20.6082], [104.9607, 20.6175], [104.9629, 20.6219], [104.9609, 20.6272], [104.948, 20.6442], [104.9319, 20.6489], [104.9234, 20.655], [104.9178, 20.6604], [104.8979, 20.6706], [104.8844, 20.6682], [104.8789, 20.6646], [104.8722, 20.6627], [104.8593, 20.6614], [104.853, 20.6636], [104.8491, 20.6547], [104.8466, 20.6521], [104.8395, 20.6491], [104.8349, 20.6448], [104.8293, 20.6434], [104.8267, 20.641], [104.82, 20.6394], [104.8127, 20.6299], [104.8071, 20.6309], [104.807, 20.6252], [104.8001, 20.6187], [104.7974, 20.6193], [104.7967, 20.6118], [104.8003, 20.6049], [104.7985, 20.5994], [104.801, 20.5927], [104.8007, 20.5849], [104.7957, 20.5827], [104.7817, 20.5839], [104.7788, 20.5801], [104.7801, 20.5763], [104.7705, 20.5755], [104.7675, 20.5782], [104.7648, 20.5842], [104.7609, 20.585], [104.7537, 20.578], [104.7409, 20.5751], [104.7369, 20.5802], [104.7276, 20.589], [104.7225, 20.5976], [104.7231, 20.604], [104.7159, 20.6062], [104.7082, 20.6038], [104.6991, 20.6036], [104.6958, 20.6049], [104.6944, 20.5989], [104.685, 20.5967], [104.6862, 20.6009], [104.6852, 20.611], [104.6775, 20.6191], [104.6682, 20.6247], [104.6624, 20.6246], [104.6622, 20.6285], [104.656, 20.6375], [104.6489, 20.6418], [104.6456, 20.6478], [104.6386, 20.6549], [104.6329, 20.6439], [104.6324, 20.6352], [104.6274, 20.6298], [104.6273, 20.6263], [104.6142, 20.6214], [104.6095, 20.6163], [104.6081, 20.6119], [104.6022, 20.6057], [104.5982, 20.6086], [104.5839, 20.61], [104.58, 20.6072], [104.5745, 20.6065], [104.5699, 20.6077], [104.5624, 20.6077], [104.558, 20.6062], [104.5543, 20.6017], [104.5498, 20.6013], [104.5472, 20.5983], [104.542, 20.5981], [104.5391, 20.5895], [104.5351, 20.5848], [104.5365, 20.5804], [104.5342, 20.5757], [104.5309, 20.5745], [104.5261, 20.5694], [104.5239, 20.5617], [104.5278, 20.5556], [104.5234, 20.5478], [104.5156, 20.5492], [104.5115, 20.5458], [104.5052, 20.5432], [104.5017, 20.5448], [104.4965, 20.5437], [104.4929, 20.5408], [104.4914, 20.5358], [104.4842, 20.531], [104.4832, 20.5242], [104.4766, 20.5195], [104.4756, 20.517], [104.4586, 20.5118], [104.4493, 20.5097], [104.4442, 20.5067], [104.4376, 20.5088], [104.4347, 20.5024], [104.429, 20.498], [104.425, 20.4968], [104.4211, 20.4921], [104.4154, 20.4894], [104.4057, 20.4896], [104.3947, 20.4876], [104.3881, 20.4882], [104.3874, 20.4834], [104.391, 20.4793], [104.3895, 20.4768], [104.3819, 20.4749], [104.3778, 20.4718], [104.3746, 20.4654], [104.38, 20.4578], [104.3814, 20.4431], [104.3853, 20.443], [104.3916, 20.4402], [104.3983, 20.4337], [104.4041, 20.4312], [104.4111, 20.4256], [104.4129, 20.422], [104.4085, 20.4176], [104.4045, 20.411], [104.4045, 20.4035], [104.4072, 20.3958], [104.4062, 20.3928], [104.4101, 20.3842], [104.4206, 20.3766], [104.4243, 20.3787], [104.4295, 20.3784], [104.4384, 20.3756], [104.4457, 20.3773], [104.4466, 20.38], [104.4522, 20.3782], [104.4532, 20.3744], [104.4582, 20.3716], [104.4741, 20.369], [104.4815, 20.3718], [104.4842, 20.3747], [104.4912, 20.3774], [104.4962, 20.3835], [104.5015, 20.3835], [104.5117, 20.3857], [104.5142, 20.3888], [104.5216, 20.391], [104.5252, 20.3947], [104.5281, 20.407], [104.5261, 20.4113], [104.5309, 20.4141], [104.5357, 20.4111], [104.5428, 20.4089], [104.5491, 20.4096], [104.5565, 20.4143], [104.5651, 20.417], [104.5744, 20.4167], [104.5777, 20.415], [104.5848, 20.4169], [104.5973, 20.417], [104.6086, 20.4223], [104.6133, 20.4266], [104.6184, 20.4369], [104.6189, 20.4423], [104.6134, 20.4465], [104.622, 20.4523], [104.6209, 20.4566], [104.6254, 20.4616], [104.6355, 20.4656], [104.6391, 20.466], [104.6467, 20.4718], [104.6524, 20.4744], [104.6573, 20.475], [104.6587, 20.4693], [104.6652, 20.4712], [104.6711, 20.4688], [104.6718, 20.4657], [104.665, 20.462], [104.664, 20.4587], [104.6652, 20.4536], [104.673, 20.4507], [104.683, 20.4442], [104.686, 20.4435], [104.6894, 20.4341], [104.6968, 20.4317], [104.7065, 20.4152], [104.7126, 20.4099], [104.7196, 20.4079], [104.7178, 20.4029], [104.7128, 20.3994], [104.7036, 20.3993], [104.6925, 20.4013], [104.6841, 20.4036], [104.6831, 20.3969], [104.6781, 20.3967], [104.6755, 20.3927], [104.6703, 20.3898], [104.6661, 20.3896], [104.6635, 20.3848], [104.6597, 20.3853], [104.6549, 20.3804], [104.6504, 20.3809], [104.6499, 20.3769], [104.6446, 20.3738], [104.64, 20.3737], [104.6367, 20.371], [104.6301, 20.3694], [104.6277, 20.3671], [104.6224, 20.3667], [104.6184, 20.3631], [104.6154, 20.3547], [104.6155, 20.3475], [104.6199, 20.3453], [104.6215, 20.3403], [104.6184, 20.3343], [104.6187, 20.3263], [104.6209, 20.3207], [104.6183, 20.3171], [104.6155, 20.3078], [104.6203, 20.3011], [104.6224, 20.2953], [104.6175, 20.2929], [104.6157, 20.282], [104.611, 20.2756], [104.6117, 20.2646], [104.6096, 20.256], [104.6118, 20.254], [104.6127, 20.245], [104.6199, 20.2381], [104.6271, 20.2336], [104.6299, 20.2299], [104.6335, 20.2289], [104.6401, 20.2336], [104.6445, 20.235], [104.6541, 20.2329], [104.662, 20.2328], [104.6669, 20.2279], [104.6689, 20.2181], [104.6733, 20.2161], [104.6824, 20.2163], [104.6864, 20.218], [104.7017, 20.2124], [104.7058, 20.2075], [104.71, 20.2055], [104.7141, 20.2062], [104.7184, 20.202], [104.725, 20.2009], [104.733, 20.2027], [104.7403, 20.2001], [104.7504, 20.1988], [104.7572, 20.2007], [104.7645, 20.1988], [104.7672, 20.2004], [104.7731, 20.1987], [104.7779, 20.1946], [104.7862, 20.1928], [104.7905, 20.1886], [104.7944, 20.1875], [104.7967, 20.1835], [104.8059, 20.1785], [104.8144, 20.1724], [104.8198, 20.1707], [104.8226, 20.1652], [104.8226, 20.1611], [104.8296, 20.1562], [104.8352, 20.1563], [104.8417, 20.1493], [104.8541, 20.1482], [104.8598, 20.1429], [104.8705, 20.143], [104.8757, 20.1452], [104.8788, 20.1433], [104.8856, 20.1463], [104.897, 20.1473], [104.9085, 20.1505], [104.9127, 20.154], [104.9193, 20.1547], [104.9274, 20.1582], [104.9296, 20.1515], [104.9289, 20.1478], [104.923, 20.1458], [104.9224, 20.1411], [104.9264, 20.135], [104.933, 20.1291], [104.9345, 20.1262], [104.9454, 20.1212], [104.9478, 20.1216], [104.9532, 20.1147], [104.9605, 20.1116], [104.9605, 20.1047], [104.9653, 20.099], [104.9838, 20.0961], [104.9919, 20.0941], [104.98, 20.0837], [104.9812, 20.0805], [104.9756, 20.0778], [104.9725, 20.0668], [104.9736, 20.0633], [104.9712, 20.0605], [104.9662, 20.0585], [104.9622, 20.0519], [104.9564, 20.0479], [104.9484, 20.0466], [104.9472, 20.0437], [104.9347, 20.0358], [104.9266, 20.0254], [104.9235, 20.019], [104.9175, 20.0145], [104.92, 20.0093], [104.9167, 20.007], [104.9163, 20.0034], [104.9112, 20.0015], [104.9147, 19.9955], [104.9201, 19.996], [104.9237, 19.9899], [104.9359, 19.9878], [104.9401, 19.9894], [104.9444, 19.9884], [104.955, 19.9909], [104.9584, 19.9926], [104.9619, 19.9891], [104.9649, 19.9753], [104.968, 19.9739], [104.9765, 19.976], [104.9816, 19.9712], [104.999, 19.9616], [104.999, 19.9551], [105.0031, 19.9508], [105.0132, 19.9525], [105.0186, 19.9513], [105.0267, 19.9443], [105.0338, 19.9428], [105.0363, 19.939], [105.0393, 19.9411], [105.0434, 19.9396], [105.0509, 19.9321], [105.0572, 19.9302], [105.0722, 19.9335], [105.0793, 19.9339], [105.0842, 19.9365], [105.0874, 19.9352], [105.0935, 19.9382], [105.1011, 19.9345], [105.1056, 19.9359], [105.1129, 19.931], [105.1194, 19.9313], [105.1226, 19.9261], [105.1344, 19.9204], [105.1361, 19.923], [105.1456, 19.9207], [105.1559, 19.922], [105.1602, 19.9204], [105.1688, 19.914], [105.1711, 19.9015], [105.1767, 19.8962], [105.1785, 19.8822], [105.1843, 19.8774], [105.1843, 19.8718], [105.1884, 19.8675], [105.1883, 19.8618], [105.1867, 19.8585], [105.179, 19.8549], [105.1659, 19.8559], [105.1609, 19.854], [105.1521, 19.8559], [105.1478, 19.8505], [105.1453, 19.8346], [105.1414, 19.8302], [105.1325, 19.8268], [105.1333, 19.8207], [105.1301, 19.8164], [105.1318, 19.8066], [105.1279, 19.801], [105.1326, 19.7859], [105.1308, 19.7782], [105.1347, 19.7743], [105.1348, 19.7706], [105.1375, 19.765], [105.133, 19.7603], [105.1357, 19.7555], [105.1362, 19.7484], [105.1335, 19.7431], [105.1395, 19.7367], [105.1426, 19.7362], [105.1479, 19.732], [105.1501, 19.7276], [105.1559, 19.7234], [105.1626, 19.7225], [105.1612, 19.7165], [105.1547, 19.7108], [105.1534, 19.7075], [105.1581, 19.7041], [105.1606, 19.6997], [105.1644, 19.6989], [105.164, 19.6853], [105.1694, 19.68], [105.1789, 19.6798], [105.1903, 19.6732], [105.1957, 19.6713], [105.199, 19.6683], [105.2113, 19.6618], [105.2152, 19.6555], [105.2238, 19.6483], [105.2314, 19.6472], [105.2345, 19.6448], [105.2378, 19.6482], [105.2381, 19.6538], [105.2427, 19.6568], [105.2461, 19.6566], [105.2556, 19.6443], [105.2577, 19.64], [105.2611, 19.6384], [105.2614, 19.629], [105.2667, 19.6239], [105.2663, 19.6166], [105.2723, 19.6109], [105.2693, 19.6072], [105.2785, 19.6062], [105.282, 19.6038], [105.2815, 19.5945], [105.2767, 19.59], [105.2792, 19.5826], [105.2784, 19.5791], [105.2819, 19.5745], [105.2811, 19.5635], [105.2749, 19.5611], [105.2712, 19.5555], [105.2737, 19.5508], [105.2714, 19.5412], [105.2721, 19.538], [105.2675, 19.5296], [105.2701, 19.5254], [105.2697, 19.5215], [105.275, 19.5182], [105.2716, 19.5078], [105.2802, 19.5044], [105.2774, 19.4943], [105.2826, 19.4938], [105.2898, 19.4913], [105.2912, 19.483], [105.2943, 19.4794], [105.2988, 19.4807], [105.3008, 19.4871], [105.3086, 19.4893], [105.3105, 19.4949], [105.3097, 19.4994], [105.3132, 19.5005], [105.316, 19.5057], [105.3206, 19.5061], [105.3254, 19.512], [105.3263, 19.5194], [105.3315, 19.5222], [105.3322, 19.5284], [105.3354, 19.5323], [105.3394, 19.531], [105.3402, 19.5354], [105.3451, 19.5425], [105.3512, 19.5435], [105.3574, 19.5402], [105.3562, 19.5318], [105.3591, 19.5306], [105.3627, 19.5251], [105.3645, 19.5166], [105.363, 19.5111], [105.3592, 19.5075], [105.3686, 19.4982], [105.3836, 19.4792], [105.3846, 19.4758], [105.3907, 19.4681], [105.3915, 19.4656], [105.3893, 19.4563], [105.4024, 19.4489], [105.4066, 19.452], [105.4124, 19.4591], [105.4157, 19.4595], [105.418, 19.4558], [105.429, 19.4553], [105.4361, 19.4515], [105.4449, 19.4414], [105.4544, 19.444], [105.4627, 19.4538], [105.4692, 19.4557], [105.4753, 19.4514], [105.4811, 19.449], [105.4897, 19.4502], [105.4922, 19.4519], [105.4925, 19.4563], [105.5004, 19.4618], [105.5081, 19.4621], [105.5134, 19.4637], [105.5178, 19.4615], [105.5219, 19.4647], [105.5251, 19.4641], [105.5353, 19.456], [105.5384, 19.4555], [105.5414, 19.4452], [105.5408, 19.4404], [105.5442, 19.4335], [105.5502, 19.427], [105.5606, 19.4142], [105.5666, 19.4031], [105.57, 19.4], [105.5779, 19.396], [105.583, 19.3898], [105.5824, 19.3803], [105.5907, 19.3704], [105.5972, 19.3696], [105.6, 19.3715], [105.6094, 19.3685], [105.6125, 19.3708], [105.6124, 19.3746], [105.6203, 19.3825], [105.6284, 19.38], [105.6301, 19.3701], [105.6318, 19.366], [105.6377, 19.367], [105.6396, 19.3609], [105.6429, 19.357], [105.6423, 19.3534], [105.6528, 19.3532], [105.6535, 19.3465], [105.6556, 19.3426], [105.6616, 19.3426], [105.6679, 19.3402], [105.6635, 19.3191], [105.6644, 19.3139], [105.6752, 19.3226], [105.6771, 19.3207], [105.6755, 19.3156], [105.6806, 19.3106], [105.6837, 19.3045], [105.6893, 19.3006], [105.6939, 19.3042], [105.7039, 19.3032], [105.715, 19.3031], [105.7195, 19.3091], [105.73, 19.3145], [105.7332, 19.3182], [105.7366, 19.3181], [105.7418, 19.3235], [105.7418, 19.3156], [105.7447, 19.3087], [105.7494, 19.3023], [105.7521, 19.3016], [105.7557, 19.3068], [105.7606, 19.2982], [105.7637, 19.2975], [105.7654, 19.2929], [105.7682, 19.2921], [105.783, 19.2962], [105.7903, 19.2974], [105.8011, 19.302], [105.8054, 19.2867]]], [[[105.8239, 19.324], [105.8261, 19.3312], [105.8238, 19.3379], [105.8198, 19.3352], [105.8169, 19.3362], [105.8146, 19.3321], [105.815, 19.3278], [105.8204, 19.3155], [105.8193, 19.309], [105.8227, 19.305], [105.8271, 19.3091], [105.8277, 19.3159], [105.8254, 19.3183], [105.8239, 19.324]]], [[[105.9359, 19.3518], [105.9307, 19.3559], [105.9301, 19.3498], [105.9343, 19.3472], [105.9359, 19.3518]]], [[[105.9347, 19.3795], [105.9286, 19.3834], [105.9261, 19.3799], [105.9197, 19.3781], [105.9148, 19.3817], [105.9141, 19.3689], [105.9183, 19.3673], [105.9255, 19.359], [105.9294, 19.3589], [105.9341, 19.3647], [105.9345, 19.3707], [105.9388, 19.3762], [105.9347, 19.3795]]]]}, "properties": {"province_id": "thanh_hoa", "name": "Thanh Hóa", "population": 4320947, "area_km2": 11114.6}}, {"type": "Feature", "geometry": {"type": "MultiPolygon", "coordinates": [[[[106.4236, 11.4952], [106.423, 11.4912], [106.4174, 11.4849], [106.412, 11.4729], [106.4022, 11.4654], [106.3798, 11.4573], [106.3747, 11.4541], [106.37, 11.4477], [106.3663, 11.4404], [106.3587, 11.4064], [106.3507, 11.3767], [106.3431, 11.3672], [106.3353, 11.3603], [106.3311, 11.3532], [106.3318, 11.3435], [106.3364, 11.3356], [106.3438, 11.3269], [106.3447, 11.3222], [106.3418, 11.3122], [106.3379, 11.3026], [106.3404, 11.298], [106.3411, 11.2856], [106.3444, 11.286], [106.3481, 11.2896], [106.3543, 11.2876], [106.3552, 11.2803], [106.3528, 11.266], [106.3506, 11.2627], [106.3641, 11.2595], [106.3606, 11.2557], [106.3562, 11.255], [106.3513, 11.2486], [106.3563, 11.2459], [106.3582, 11.2406], [106.3615, 11.2382], [106.3714, 11.2446], [106.3774, 11.2361], [106.3785, 11.2292], [106.3839, 11.2277], [106.3799, 11.2181], [106.3893, 11.2124], [106.3867, 11.2026], [106.3848, 11.2009], [106.3837, 11.194], [106.3881, 11.1855], [106.3955, 11.1843], [106.3981, 11.1817], [106.402, 11.182], [106.4071, 11.185], [106.4107, 11.1832], [106.41, 11.1733], [106.4169, 11.1741], [106.4235, 11.1708], [106.4266, 11.1707], [106.4297, 11.1748], [106.4328, 11.1714], [106.4329, 11.166], [106.4368, 11.1598], [106.4361, 11.1548], [106.4301, 11.1481], [106.4373, 11.14], [106.4458, 11.1358], [106.4484, 11.1309], [106.4447, 11.1264], [106.4424, 11.116], [106.4374, 11.1114], [106.4338, 11.1002], [106.4315, 11.0983], [106.4308, 11.0921], [106.426, 11.0916], [106.4273, 11.074], [106.4252, 11.0688], [106.4202, 11.0634], [106.4223, 11.0591], [106.4203, 11.052], [106.4243, 11.0478], [106.4201, 11.0362], [106.4152, 11.0339], [106.4115, 11.0294], [106.409, 11.0226], [106.4089, 11.0166], [106.4128, 11.0089], [106.4064, 11.0062], [106.4053, 11.0038], [106.392, 10.9998], [106.3807, 10.9984], [106.3782, 11.0003], [106.3669, 10.9987], [106.3625, 10.9973], [106.3565, 10.9916], [106.3729, 10.9698], [106.4118, 10.9737], [106.4541, 10.9415], [106.496, 10.9208], [106.5318, 10.9024], [106.5329, 10.9], [106.5201, 10.8522], [106.5113, 10.8175], [106.5046, 10.7889], [106.4868, 10.7742], [106.4637, 10.7565], [106.4723, 10.7455], [106.4745, 10.7454], [106.4916, 10.7243], [106.496, 10.7275], [106.5018, 10.7264], [106.5094, 10.7171], [106.5202, 10.7237], [106.5302, 10.7173], [106.5272, 10.7093], [106.5289, 10.7025], [106.534, 10.6879], [106.5356, 10.6861], [106.5473, 10.6869], [106.5503, 10.6856], [106.553, 10.6769], [106.5536, 10.6684], [106.5505, 10.6591], [106.5559, 10.657], [106.5556, 10.6509], [106.5653, 10.6523], [106.5663, 10.6564], [106.5735, 10.6538], [106.5734, 10.6498], [106.577, 10.6489], [106.5807, 10.6555], [106.5841, 10.6537], [106.5904, 10.6531], [106.5918, 10.6501], [106.5975, 10.6534], [106.6015, 10.651], [106.6041, 10.6569], [106.6092, 10.6575], [106.6168, 10.6531], [106.619, 10.649], [106.6247, 10.6475], [106.6212, 10.6409], [106.6258, 10.6397], [106.6295, 10.642], [106.6296, 10.6316], [106.6345, 10.6258], [106.6409, 10.6267], [106.6462, 10.6342], [106.6535, 10.633], [106.6529, 10.638], [106.6563, 10.6384], [106.6573, 10.6436], [106.6658, 10.6387], [106.6702, 10.6397], [106.6737, 10.6441], [106.6791, 10.6457], [106.6855, 10.6515], [106.6904, 10.6514], [106.6913, 10.6485], [106.6962, 10.6498], [106.7003, 10.6541], [106.7075, 10.6499], [106.712, 10.6503], [106.7196, 10.6454], [106.7256, 10.6382], [106.7296, 10.6364], [106.7333, 10.6289], [106.729, 10.6279], [106.7282, 10.6248], [106.7318, 10.6226], [106.7276, 10.6161], [106.7313, 10.6088], [106.7239, 10.6119], [106.7217, 10.6069], [106.7187, 10.6061], [106.7223, 10.5995], [106.7202, 10.5966], [106.7237, 10.5927], [106.7233, 10.5881], [106.7289, 10.5799], [106.7328, 10.5802], [106.7361, 10.5864], [106.7389, 10.5814], [106.7453, 10.5757], [106.7426, 10.571], [106.742, 10.5654], [106.7451, 10.5483], [106.7491, 10.5307], [106.7484, 10.5186], [106.744, 10.5], [106.7454, 10.4884], [106.749, 10.4795], [106.7569, 10.4626], [106.7631, 10.4524], [106.7777, 10.4331], [106.7813, 10.4295], [106.8044, 10.4036], [106.8151, 10.3913], [106.8225, 10.3774], [106.8346, 10.3542], [106.8528, 10.3583], [106.8759, 10.3607], [106.8945, 10.3651], [106.9185, 10.374], [106.9426, 10.3854], [106.9619, 10.3915], [106.9705, 10.3948], [106.981, 10.4052], [106.9856, 10.4132], [106.9853, 10.4182], [106.9823, 10.4247], [106.9726, 10.4332], [106.9627, 10.4385], [106.9661, 10.4465], [106.9808, 10.4473], [106.9915, 10.4509], [106.9966, 10.4605], [107.0255, 10.4658], [107.0415, 10.4656], [107.0452, 10.4615], [107.0513, 10.4508], [107.0556, 10.4464], [107.0619, 10.4425], [107.0735, 10.433], [107.0826, 10.431], [107.0931, 10.4346], [107.1, 10.4342], [107.1028, 10.4361], [107.1134, 10.4359], [107.1181, 10.4167], [107.1148, 10.4114], [107.1086, 10.4087], [107.105, 10.4032], [107.103, 10.3954], [107.1012, 10.3933], [107.0936, 10.3898], [107.0924, 10.3879], [107.0788, 10.3925], [107.0747, 10.3868], [107.0707, 10.3838], [107.0657, 10.3844], [107.0632, 10.3866], [107.0586, 10.3871], [107.0551, 10.3782], [107.0553, 10.3739], [107.0623, 10.3666], [107.0599, 10.3604], [107.0607, 10.3551], [107.0722, 10.3475], [107.0735, 10.3417], [107.0711, 10.3374], [107.0744, 10.33], [107.0798, 10.3276], [107.0829, 10.3236], [107.0874, 10.3242], [107.0919, 10.3355], [107.0963, 10.3423], [107.1067, 10.3557], [107.1142, 10.3626], [107.1256, 10.3714], [107.1349, 10.3777], [107.1421, 10.3815], [107.1565, 10.3875], [107.1607, 10.3945], [107.1661, 10.3998], [107.1767, 10.4009], [107.1788, 10.3999], [107.1949, 10.404], [107.2068, 10.406], [107.2172, 10.4022], [107.231, 10.389], [107.2394, 10.3787], [107.2425, 10.3775], [107.2473, 10.3807], [107.2546, 10.3794], [107.2598, 10.3828], [107.267, 10.3946], [107.2696, 10.3953], [107.2821, 10.4105], [107.2891, 10.4183], [107.2996, 10.4286], [107.3149, 10.4413], [107.3285, 10.4503], [107.3339, 10.451], [107.3362, 10.4555], [107.3409, 10.4543], [107.3504, 10.4577], [107.3596, 10.4644], [107.3675, 10.4672], [107.3843, 10.4688], [107.4208, 10.4671], [107.4355, 10.4699], [107.4447, 10.4689], [107.4553, 10.4832], [107.4641, 10.4929], [107.4713, 10.4985], [107.478, 10.4997], [107.4867, 10.4974], [107.5057, 10.5009], [107.5126, 10.5008], [107.5157, 10.5031], [107.5285, 10.5232], [107.5359, 10.5298], [107.5435, 10.5387], [107.548, 10.5453], [107.5584, 10.5582], [107.5624, 10.5623], [107.5707, 10.5684], [107.5662, 10.5774], [107.5696, 10.5794], [107.568, 10.5855], [107.5714, 10.6009], [107.5699, 10.6076], [107.5668, 10.6127], [107.5636, 10.6144], [107.5636, 10.6185], [107.5682, 10.6191], [107.5623, 10.6278], [107.5632, 10.63], [107.5596, 10.6375], [107.557, 10.6392], [107.5555, 10.6461], [107.5522, 10.649], [107.5514, 10.6532], [107.5454, 10.6635], [107.5437, 10.673], [107.539, 10.6762], [107.5407, 10.6831], [107.5466, 10.6954], [107.5436, 10.6987], [107.5442, 10.7061], [107.535, 10.7214], [107.5282, 10.724], [107.5259, 10.7316], [107.5183, 10.7355], [107.5125, 10.7402], [107.5112, 10.7437], [107.5054, 10.7476], [107.5074, 10.756], [107.5025, 10.7632], [107.505, 10.7714], [107.4962, 10.7674], [107.4863, 10.7687], [107.4831, 10.7709], [107.4756, 10.7839], [107.4739, 10.7916], [107.4709, 10.7935], [107.4661, 10.7919], [107.4579, 10.7914], [107.4582, 10.7961], [107.4536, 10.803], [107.4444, 10.8043], [107.4382, 10.8002], [107.4357, 10.793], [107.426, 10.7867], [107.426, 10.7845], [107.4202, 10.7743], [107.4164, 10.7725], [107.4098, 10.7746], [107.4057, 10.7704], [107.4005, 10.7674], [107.3972, 10.7629], [107.3944, 10.763], [107.3916, 10.7555], [107.3858, 10.7535], [107.3829, 10.7507], [107.3763, 10.7375], [107.3718, 10.732], [107.361, 10.7282], [107.3585, 10.716], [107.356, 10.7127], [107.3513, 10.7106], [107.3483, 10.705], [107.3526, 10.7011], [107.3538, 10.6964], [107.3499, 10.6919], [107.3518, 10.6849], [107.3501, 10.6783], [107.3459, 10.6758], [107.3405, 10.6773], [107.3317, 10.6774], [107.3229, 10.6721], [107.3214, 10.6698], [107.3162, 10.669], [107.311, 10.6728], [107.3101, 10.6757], [107.3, 10.6834], [107.2994, 10.6863], [107.3047, 10.6885], [107.3036, 10.6911], [107.3077, 10.6936], [107.3071, 10.6962], [107.3008, 10.7018], [107.3011, 10.7078], [107.3053, 10.7131], [107.3013, 10.7178], [107.3009, 10.7207], [107.3038, 10.7255], [107.3038, 10.7303], [107.3017, 10.7455], [107.3042, 10.7493], [107.2995, 10.7505], [107.3005, 10.755], [107.2934, 10.7554], [107.2439, 10.7564], [107.2387, 10.7618], [107.2368, 10.7607], [107.2313, 10.7642], [107.2212, 10.757], [107.2163, 10.7573], [107.2149, 10.7528], [107.2109, 10.7526], [107.211, 10.7585], [107.2065, 10.7581], [107.2068, 10.7746], [107.199, 10.772], [107.1893, 10.772], [107.1808, 10.7671], [107.1792, 10.7622], [107.1717, 10.758], [107.1695, 10.7537], [107.1663, 10.7535], [107.1637, 10.7498], [107.1588, 10.7483], [107.1544, 10.7442], [107.1434, 10.7452], [107.139, 10.7415], [107.1389, 10.7325], [107.1442, 10.7326], [107.1436, 10.7237], [107.1392, 10.7278], [107.1397, 10.7104], [107.1374, 10.7076], [107.1367, 10.7004], [107.1341, 10.6948], [107.1338, 10.6851], [107.1263, 10.6823], [107.1235, 10.6798], [107.1214, 10.6734], [107.1172, 10.6708], [107.1102, 10.669], [107.1069, 10.6651], [107.101, 10.6631], [107.1008, 10.6592], [107.0966, 10.6521], [107.0936, 10.653], [107.0744, 10.6537], [107.0666, 10.6535], [107.0643, 10.6569], [107.0551, 10.6581], [107.0444, 10.6575], [107.0284, 10.6504], [107.0188, 10.6454], [107.0132, 10.6434], [107.0174, 10.6334], [107.0126, 10.6325], [107.0085, 10.6371], [107.0034, 10.637], [106.9992, 10.6347], [106.9963, 10.63], [106.9973, 10.6236], [107.0015, 10.6179], [107.0079, 10.6133], [107.0067, 10.61], [106.9984, 10.6077], [106.9963, 10.6055], [106.9913, 10.6054], [106.9907, 10.601], [106.986, 10.5955], [106.9871, 10.589], [106.9839, 10.5794], [106.9738, 10.5831], [106.9693, 10.5887], [106.9597, 10.5938], [106.9563, 10.594], [106.9471, 10.5972], [106.9406, 10.597], [106.9333, 10.6017], [106.9272, 10.6031], [106.9211, 10.6098], [106.9142, 10.6076], [106.9098, 10.6098], [106.9034, 10.6248], [106.8984, 10.6293], [106.8934, 10.6317], [106.8901, 10.6368], [106.8847, 10.6408], [106.8816, 10.648], [106.8727, 10.6479], [106.869, 10.6427], [106.8637, 10.6414], [106.8585, 10.6367], [106.8512, 10.6398], [106.8436, 10.6384], [106.8404, 10.6356], [106.8376, 10.627], [106.8266, 10.6278], [106.8239, 10.629], [106.814, 10.6405], [106.809, 10.655], [106.8071, 10.6575], [106.7972, 10.6622], [106.7922, 10.6673], [106.7828, 10.6731], [106.7727, 10.6763], [106.771, 10.6801], [106.7575, 10.6938], [106.7519, 10.705], [106.7509, 10.7135], [106.752, 10.7211], [106.7538, 10.7248], [106.7677, 10.7419], [106.7762, 10.7487], [106.799, 10.7589], [106.8033, 10.7625], [106.8056, 10.7701], [106.8164, 10.7799], [106.822, 10.7808], [106.8248, 10.7786], [106.8258, 10.7719], [106.8236, 10.7666], [106.8236, 10.7603], [106.8289, 10.7605], [106.8317, 10.7648], [106.8379, 10.7715], [106.8432, 10.7746], [106.8482, 10.7754], [106.8546, 10.7736], [106.8597, 10.7682], [106.865, 10.7645], [106.8691, 10.7646], [106.874, 10.7681], [106.8733, 10.7765], [106.8661, 10.7828], [106.8647, 10.7859], [106.8665, 10.7908], [106.8782, 10.8005], [106.8819, 10.8085], [106.8801, 10.8169], [106.8567, 10.8427], [106.8496, 10.8562], [106.8467, 10.8655], [106.8505, 10.8724], [106.8511, 10.8763], [106.8437, 10.8838], [106.843, 10.8913], [106.8383, 10.9033], [106.8312, 10.9065], [106.8239, 10.9029], [106.8162, 10.9036], [106.8151, 10.9103], [106.8115, 10.9152], [106.8121, 10.9176], [106.8065, 10.9207], [106.8008, 10.9199], [106.7941, 10.9237], [106.7906, 10.9322], [106.7839, 10.933], [106.7827, 10.9373], [106.7793, 10.9371], [106.7708, 10.9428], [106.769, 10.9518], [106.7627, 10.9533], [106.7649, 10.9597], [106.762, 10.9633], [106.77, 10.9651], [106.7758, 10.9593], [106.7783, 10.9624], [106.786, 10.9675], [106.795, 10.9705], [106.7965, 10.974], [106.7816, 10.987], [106.7762, 10.9983], [106.7745, 11.0053], [106.7763, 11.0082], [106.7817, 11.0114], [106.7846, 11.0177], [106.7946, 11.0236], [106.808, 11.0261], [106.8131, 11.0325], [106.8107, 11.0431], [106.8079, 11.0471], [106.8004, 11.0522], [106.7986, 11.0565], [106.8019, 11.0596], [106.8214, 11.0651], [106.8287, 11.0636], [106.8396, 11.0403], [106.8453, 11.0362], [106.8591, 11.0321], [106.8666, 11.0235], [106.8727, 11.0198], [106.8907, 11.0269], [106.8987, 11.0269], [106.9067, 11.0219], [106.9096, 11.0234], [106.9115, 11.0276], [106.9119, 11.0375], [106.9148, 11.0432], [106.9225, 11.0467], [106.9222, 11.0542], [106.9325, 11.0645], [106.9372, 11.0632], [106.9408, 11.0574], [106.9458, 11.0574], [106.948, 11.0598], [106.9495, 11.0678], [106.9525, 11.071], [106.9507, 11.0742], [106.946, 11.0764], [106.945, 11.0795], [106.9469, 11.0836], [106.9472, 11.0899], [106.9525, 11.0973], [106.959, 11.1001], [106.9574, 11.1063], [106.9652, 11.1081], [106.9652, 11.1122], [106.9626, 11.1167], [106.9577, 11.1213], [106.9539, 11.1308], [106.9569, 11.1363], [106.9544, 11.1385], [106.9558, 11.1421], [106.9653, 11.1427], [106.9668, 11.1449], [106.9646, 11.1497], [106.9559, 11.1527], [106.9554, 11.1596], [106.9536, 11.1635], [106.9482, 11.1661], [106.9414, 11.1677], [106.9457, 11.1743], [106.9455, 11.177], [106.9397, 11.1789], [106.9333, 11.1891], [106.927, 11.1895], [106.9218, 11.188], [106.9209, 11.1922], [106.9139, 11.1933], [106.9083, 11.1919], [106.9056, 11.1943], [106.9077, 11.1998], [106.9071, 11.2033], [106.9021, 11.2069], [106.9023, 11.2108], [106.9074, 11.211], [106.9116, 11.2141], [106.9152, 11.2143], [106.9183, 11.221], [106.9149, 11.2256], [106.9152, 11.2302], [106.9107, 11.2412], [106.9169, 11.2427], [106.9236, 11.2418], [106.9282, 11.2487], [106.9272, 11.2606], [106.9256, 11.2671], [106.9332, 11.2788], [106.9345, 11.2851], [106.9392, 11.2922], [106.94, 11.3031], [106.9372, 11.3056], [106.9394, 11.3125], [106.943, 11.3168], [106.9474, 11.3181], [106.9512, 11.3217], [106.9529, 11.3286], [106.9511, 11.3375], [106.9447, 11.3469], [106.9398, 11.3515], [106.9298, 11.3553], [106.9207, 11.3535], [106.9177, 11.3561], [106.9081, 11.3536], [106.9036, 11.3475], [106.904, 11.3441], [106.9003, 11.3406], [106.8879, 11.3411], [106.885, 11.3404], [106.8801, 11.334], [106.8716, 11.326], [106.8698, 11.3204], [106.8723, 11.3174], [106.8746, 11.3093], [106.87, 11.31], [106.859, 11.3152], [106.8556, 11.3222], [106.8554, 11.3289], [106.8584, 11.3351], [106.8631, 11.3384], [106.8614, 11.3445], [106.8568, 11.3459], [106.858, 11.3503], [106.8558, 11.3533], [106.8585, 11.3608], [106.8556, 11.3695], [106.8573, 11.3732], [106.8546, 11.3767], [106.8418, 11.3749], [106.8343, 11.3805], [106.8268, 11.3805], [106.8252, 11.3832], [106.8137, 11.3762], [106.811, 11.376], [106.8024, 11.3804], [106.7976, 11.3793], [106.7852, 11.38], [106.786, 11.3989], [106.7736, 11.399], [106.7693, 11.4081], [106.7696, 11.4261], [106.7794, 11.427], [106.7832, 11.4289], [106.7908, 11.4351], [106.7997, 11.4461], [106.8053, 11.4504], [106.8063, 11.4581], [106.8079, 11.4613], [106.8028, 11.473], [106.8031, 11.4812], [106.8004, 11.4867], [106.7964, 11.4914], [106.7909, 11.492], [106.784, 11.4886], [106.7753, 11.4827], [106.7681, 11.4824], [106.7587, 11.4775], [106.7539, 11.4766], [106.7501, 11.4679], [106.7525, 11.4623], [106.753, 11.4558], [106.7566, 11.4531], [106.7534, 11.4466], [106.7421, 11.4409], [106.741, 11.4332], [106.7365, 11.4317], [106.7291, 11.4327], [106.726, 11.4307], [106.7261, 11.4238], [106.7195, 11.423], [106.7176, 11.4213], [106.7189, 11.4155], [106.717, 11.4126], [106.7108, 11.4077], [106.7088, 11.4045], [106.7103, 11.4007], [106.7047, 11.3971], [106.7009, 11.3982], [106.6968, 11.403], [106.6927, 11.4016], [106.6865, 11.3955], [106.6784, 11.4023], [106.6743, 11.4011], [106.6793, 11.3851], [106.6759, 11.3817], [106.679, 11.3755], [106.6768, 11.3652], [106.6772, 11.3627], [106.6713, 11.3537], [106.6661, 11.354], [106.6514, 11.3597], [106.6439, 11.36], [106.6329, 11.3588], [106.6256, 11.36], [106.6161, 11.3633], [106.6134, 11.3762], [106.6132, 11.3874], [106.5995, 11.3864], [106.592, 11.3807], [106.5881, 11.3817], [106.5849, 11.38], [106.5761, 11.3786], [106.5703, 11.3735], [106.5631, 11.3706], [106.5576, 11.3708], [106.5531, 11.3731], [106.5468, 11.3832], [106.5393, 11.3878], [106.5445, 11.3933], [106.5459, 11.4008], [106.5479, 11.4033], [106.5469, 11.4155], [106.5422, 11.4233], [106.5459, 11.4335], [106.5555, 11.4402], [106.5579, 11.4395], [106.5646, 11.4448], [106.5725, 11.4536], [106.5732, 11.4566], [106.5564, 11.4849], [106.5543, 11.4783], [106.5456, 11.4682], [106.5401, 11.4676], [106.5374, 11.4704], [106.529, 11.4752], [106.5216, 11.4818], [106.514, 11.4826], [106.5083, 11.4882], [106.5056, 11.488], [106.4975, 11.4956], [106.4887, 11.4996], [106.4847, 11.4979], [106.4819, 11.4993], [106.4771, 11.4959], [106.4702, 11.4964], [106.465, 11.4987], [106.4543, 11.4978], [106.4489, 11.4996], [106.4434, 11.4985], [106.4362, 11.5006], [106.4316, 11.4997], [106.4296, 11.4971], [106.4236, 11.4952]]], [[[107.0983, 10.3958], [107.1005, 10.4047], [107.1036, 10.4097], [107.1003, 10.4116], [107.0964, 10.4067], [107.094, 10.3999], [107.0898, 10.3951], [107.0953, 10.3935], [107.0983, 10.3958]]]]}, "properties": {"province_id": "ho_chi_minh", "name": "Hồ Chí Minh", "population": 14668098, "area_km2": 6781.4}}, {"type": "Feature", "geometry": {"type": "Polygon", "coordinates": [[[105.5646, 23.1192], [105.5625, 23.1255], [105.5596, 23.1283], [105.5654, 23.1332], [105.5664, 23.1361], [105.5637, 23.1437], [105.5721, 23.1487], [105.5741, 23.16], [105.5608, 23.1684], [105.5571, 23.1751], [105.5557, 23.1829], [105.5532, 23.1874], [105.5483, 23.1887], [105.5424, 23.1941], [105.5268, 23.1886], [105.5239, 23.1897], [105.5171, 23.1966], [105.5122, 23.1962], [105.506, 23.2002], [105.4982, 23.203], [105.4979, 23.2099], [105.4949, 23.2173], [105.4915, 23.2209], [105.4913, 23.2262], [105.493, 23.2323], [105.487, 23.2343], [105.4837, 23.2427], [105.473, 23.2512], [105.4649, 23.2648], [105.459, 23.2718], [105.4505, 23.2786], [105.4464, 23.2863], [105.4466, 23.2922], [105.4391, 23.3009], [105.4298, 23.3031], [105.4264, 23.2965], [105.4295, 23.2917], [105.4206, 23.285], [105.412, 23.2873], [105.406, 23.2934], [105.402, 23.2957], [105.3861, 23.3144], [105.3832, 23.3108], [105.3711, 23.319], [105.3684, 23.3249], [105.3595, 23.3356], [105.3555, 23.3392], [105.3514, 23.3455], [105.3505, 23.3535], [105.3515, 23.3592], [105.3507, 23.365], [105.348, 23.3696], [105.3383, 23.3767], [105.3308, 23.3832], [105.3256, 23.3918], [105.3221, 23.3924], [105.3115, 23.3821], [105.3082, 23.3818], [105.2991, 23.3699], [105.2928, 23.3606], [105.2883, 23.3593], [105.2877, 23.3526], [105.2834, 23.342], [105.2733, 23.3399], [105.2674, 23.3425], [105.2611, 23.3433], [105.2566, 23.3423], [105.2499, 23.332], [105.2553, 23.3261], [105.2553, 23.3218], [105.2587, 23.3197], [105.2567, 23.3124], [105.2504, 23.3096], [105.2507, 23.2994], [105.2476, 23.2916], [105.2357, 23.2876], [105.2368, 23.2823], [105.2422, 23.2773], [105.2382, 23.2764], [105.2387, 23.2724], [105.2363, 23.2675], [105.2374, 23.2649], [105.2324, 23.2608], [105.2266, 23.2607], [105.2245, 23.2674], [105.2211, 23.2709], [105.2137, 23.2673], [105.2081, 23.2721], [105.2037, 23.2715], [105.1982, 23.275], [105.1984, 23.2787], [105.1954, 23.2815], [105.1896, 23.2804], [105.1847, 23.2774], [105.1785, 23.288], [105.1706, 23.2892], [105.1674, 23.2787], [105.1652, 23.2782], [105.1607, 23.2718], [105.1579, 23.2713], [105.1559, 23.2668], [105.1497, 23.2653], [105.1443, 23.2612], [105.1401, 23.2612], [105.1351, 23.2561], [105.1253, 23.2568], [105.1246, 23.2531], [105.1112, 23.2463], [105.1075, 23.2456], [105.1019, 23.2524], [105.1016, 23.2572], [105.0983, 23.2579], [105.0915, 23.264], [105.0879, 23.2631], [105.0831, 23.2669], [105.0794, 23.2662], [105.0708, 23.2607], [105.0699, 23.2578], [105.0594, 23.2547], [105.0581, 23.2485], [105.0509, 23.2481], [105.0469, 23.2435], [105.0459, 23.2396], [105.0417, 23.2339], [105.0352, 23.2322], [105.0283, 23.2245], [105.0244, 23.2189], [105.0094, 23.2161], [105.0047, 23.2171], [104.9989, 23.2136], [104.9974, 23.203], [104.9896, 23.2023], [104.9869, 23.2006], [104.9799, 23.206], [104.9771, 23.204], [104.9692, 23.2022], [104.9624, 23.199], [104.9568, 23.1924], [104.958, 23.1884], [104.956, 23.1806], [104.95, 23.1714], [104.9477, 23.1664], [104.9515, 23.1632], [104.95, 23.1545], [104.9473, 23.1508], [104.9326, 23.1575], [104.9279, 23.1566], [104.9241, 23.1603], [104.9266, 23.165], [104.9224, 23.1666], [104.9225, 23.17], [104.9175, 23.1708], [104.9172, 23.176], [104.9085, 23.1808], [104.9015, 23.1788], [104.8964, 23.1794], [104.8888, 23.1739], [104.8874, 23.1696], [104.8815, 23.1653], [104.8819, 23.1576], [104.8833, 23.1563], [104.8796, 23.1498], [104.882, 23.1443], [104.8774, 23.1354], [104.8786, 23.1297], [104.8757, 23.1256], [104.869, 23.1258], [104.8659, 23.1242], [104.8609, 23.1248], [104.8569, 23.1288], [104.8544, 23.123], [104.8486, 23.1218], [104.8394, 23.1149], [104.8308, 23.1154], [104.8266, 23.108], [104.8235, 23.1088], [104.8218, 23.1174], [104.8033, 23.1173], [104.8012, 23.1151], [104.8021, 23.1074], [104.8042, 23.1008], [104.8066, 23.0841], [104.8089, 23.0802], [104.8156, 23.0794], [104.8171, 23.0747], [104.8119, 23.0705], [104.8154, 23.066], [104.8135, 23.0582], [104.8204, 23.0551], [104.8213, 23.0502], [104.8199, 23.0383], [104.8212, 23.0334], [104.824, 23.0326], [104.828, 23.0264], [104.8286, 23.0189], [104.8302, 23.0162], [104.8299, 23.008], [104.8311, 23.0036], [104.8303, 22.9977], [104.836, 22.9976], [104.8388, 22.9908], [104.8362, 22.9864], [104.8407, 22.9841], [104.8431, 22.9855], [104.8483, 22.9799], [104.8529, 22.9776], [104.8552, 22.9791], [104.8609, 22.9784], [104.8625, 22.9749], [104.8605, 22.9686], [104.8657, 22.9624], [104.8654, 22.9554], [104.8636, 22.9504], [104.8641, 22.9448], [104.8621, 22.9428], [104.85, 22.937], [104.8451, 22.9328], [104.8385, 22.9221], [104.8306, 22.9246], [104.8198, 22.9233], [104.8153, 22.9204], [104.8102, 22.9196], [104.8074, 22.9151], [104.8008, 22.9111], [104.7966, 22.9112], [104.7916, 22.9053], [104.7777, 22.9052], [104.7708, 22.8954], [104.7706, 22.8902], [104.7654, 22.8858], [104.7642, 22.8728], [104.7566, 22.8589], [104.7529, 22.8569], [104.7383, 22.8589], [104.7324, 22.8568], [104.726, 22.8479], [104.7316, 22.8434], [104.7326, 22.8366], [104.7358, 22.8304], [104.7323, 22.8229], [104.724, 22.8201], [104.717, 22.8225], [104.7118, 22.8225], [104.7029, 22.8266], [104.6854, 22.8212], [104.6803, 22.818], [104.6769, 22.8196], [104.673, 22.8174], [104.6647, 22.8273], [104.6596, 22.8296], [104.656, 22.8338], [104.6513, 22.8353], [104.6407, 22.8362], [104.6384, 22.8339], [104.6306, 22.8358], [104.6271, 22.8403], [104.6245, 22.8463], [104.6197, 22.8428], [104.6181, 22.8388], [104.6223, 22.8309], [104.6216, 22.8262], [104.6139, 22.8166], [104.6107, 22.8183], [104.5975, 22.817], [104.5978, 22.8238], [104.6037, 22.8266], [104.6047, 22.8313], [104.5992, 22.839], [104.5982, 22.8467], [104.5922, 22.8508], [104.5775, 22.8537], [104.5711, 22.8483], [104.5701, 22.8442], [104.5587, 22.8416], [104.5543, 22.8424], [104.5457, 22.8376], [104.55, 22.8339], [104.5413, 22.8261], [104.5376, 22.8273], [104.5334, 22.8211], [104.5306, 22.8207], [104.5238, 22.8108], [104.5235, 22.8057], [104.52, 22.8046], [104.5193, 22.798], [104.5167, 22.7961], [104.5137, 22.7898], [104.5023, 22.7876], [104.4968, 22.7785], [104.4931, 22.779], [104.4904, 22.7753], [104.4817, 22.7673], [104.4738, 22.7612], [104.4715, 22.7579], [104.4579, 22.7529], [104.4542, 22.7497], [104.4417, 22.7449], [104.4378, 22.7445], [104.4226, 22.7374], [104.413, 22.7273], [104.4079, 22.7241], [104.4063, 22.7168], [104.4034, 22.7138], [104.3992, 22.702], [104.3888, 22.7044], [104.3841, 22.702], [104.379, 22.6953], [104.3778, 22.6912], [104.3714, 22.6882], [104.3664, 22.6895], [104.3646, 22.6923], [104.3524, 22.6924], [104.3473, 22.7044], [104.344, 22.7067], [104.3419, 22.7114], [104.3413, 22.704], [104.3357, 22.6962], [104.3346, 22.6901], [104.3406, 22.6868], [104.3448, 22.682], [104.3523, 22.6766], [104.3601, 22.6731], [104.3657, 22.6728], [104.3733, 22.6754], [104.3824, 22.6772], [104.3856, 22.6798], [104.391, 22.679], [104.3984, 22.6805], [104.4067, 22.6671], [104.4106, 22.658], [104.4059, 22.6541], [104.41, 22.6491], [104.412, 22.6388], [104.4155, 22.6346], [104.4293, 22.6234], [104.4396, 22.6183], [104.4622, 22.6132], [104.459, 22.6046], [104.4637, 22.5984], [104.4625, 22.5949], [104.4647, 22.5794], [104.4663, 22.5752], [104.4598, 22.5725], [104.4541, 22.5726], [104.4504, 22.5753], [104.4429, 22.5765], [104.4303, 22.5752], [104.425, 22.5736], [104.4247, 22.5645], [104.421, 22.5587], [104.4236, 22.5519], [104.4199, 22.5421], [104.4155, 22.5365], [104.4145, 22.5289], [104.4177, 22.5253], [104.434, 22.5229], [104.439, 22.513], [104.4411, 22.5064], [104.4454, 22.5041], [104.4544, 22.495], [104.4575, 22.4952], [104.4618, 22.4918], [104.471, 22.4889], [104.4739, 22.4836], [104.464, 22.4763], [104.4636, 22.472], [104.4595, 22.4693], [104.456, 22.4643], [104.4505, 22.4625], [104.4485, 22.4548], [104.4502, 22.4477], [104.4582, 22.4366], [104.4614, 22.4359], [104.4645, 22.4308], [104.4662, 22.425], [104.4789, 22.4205], [104.4909, 22.4197], [104.491, 22.4122], [104.4971, 22.4049], [104.5085, 22.4039], [104.5143, 22.3983], [104.5212, 22.3958], [104.53, 22.389], [104.5364, 22.3872], [104.5389, 22.3847], [104.5502, 22.3803], [104.5541, 22.3732], [104.5467, 22.3621], [104.5478, 22.3594], [104.5533, 22.3547], [104.5573, 22.3531], [104.5693, 22.3554], [104.5756, 22.3534], [104.5803, 22.3495], [104.5811, 22.346], [104.5744, 22.3421], [104.5648, 22.3313], [104.5717, 22.3257], [104.5729, 22.3213], [104.5786, 22.3158], [104.5801, 22.3062], [104.5776, 22.3016], [104.569, 22.297], [104.5655, 22.2922], [104.5656, 22.2894], [104.5583, 22.2839], [104.5521, 22.2843], [104.5428, 22.277], [104.5466, 22.27], [104.5492, 22.2564], [104.5482, 22.2528], [104.5508, 22.2434], [104.5529, 22.2417], [104.567, 22.2446], [104.5741, 22.2452], [104.5789, 22.252], [104.5855, 22.251], [104.5868, 22.254], [104.5858, 22.2638], [104.5897, 22.2693], [104.5931, 22.271], [104.5964, 22.2766], [104.601, 22.2814], [104.6032, 22.287], [104.6073, 22.2913], [104.6141, 22.2913], [104.6167, 22.2875], [104.6243, 22.288], [104.6295, 22.2868], [104.6388, 22.2784], [104.6421, 22.2768], [104.6454, 22.28], [104.6505, 22.2804], [104.659, 22.274], [104.6653, 22.2739], [104.6701, 22.2768], [104.6762, 22.2686], [104.6768, 22.2648], [104.6864, 22.2614], [104.6925, 22.2631], [104.7044, 22.264], [104.7084, 22.261], [104.7165, 22.2612], [104.7223, 22.2575], [104.7237, 22.2461], [104.7259, 22.2456], [104.7297, 22.2345], [104.7284, 22.2293], [104.7298, 22.2255], [104.7213, 22.2167], [104.7205, 22.2144], [104.7241, 22.2083], [104.7232, 22.2052], [104.7254, 22.198], [104.7344, 22.1953], [104.738, 22.1931], [104.7399, 22.1869], [104.7466, 22.1869], [104.7554, 22.1846], [104.7572, 22.1814], [104.7566, 22.1732], [104.7615, 22.1726], [104.7626, 22.1699], [104.7711, 22.1684], [104.7751, 22.1661], [104.7802, 22.1662], [104.7798, 22.1709], [104.7834, 22.1725], [104.7944, 22.1725], [104.7997, 22.1701], [104.8029, 22.1717], [104.813, 22.1728], [104.8175, 22.1782], [104.8202, 22.1849], [104.8269, 22.1816], [104.8298, 22.1775], [104.8348, 22.1805], [104.8394, 22.1798], [104.8461, 22.185], [104.849, 22.1805], [104.8528, 22.1714], [104.8555, 22.1702], [104.854, 22.164], [104.854, 22.1573], [104.8587, 22.1531], [104.8598, 22.1481], [104.8623, 22.1474], [104.8636, 22.1417], [104.8599, 22.1356], [104.8619, 22.1322], [104.8597, 22.1289], [104.8606, 22.1221], [104.8633, 22.118], [104.8656, 22.1066], [104.8649, 22.0965], [104.8717, 22.0914], [104.8711, 22.0866], [104.8735, 22.0809], [104.8871, 22.071], [104.8919, 22.0726], [104.8965, 22.0712], [104.903, 22.0638], [104.908, 22.0631], [104.9128, 22.0653], [104.9181, 22.0587], [104.9208, 22.0604], [104.9286, 22.0615], [104.9352, 22.0583], [104.9416, 22.0523], [104.9406, 22.0442], [104.9465, 22.0356], [104.9501, 22.0343], [104.956, 22.035], [104.9619, 22.0293], [104.9676, 22.0313], [104.9719, 22.0402], [104.9837, 22.0423], [104.9907, 22.0452], [104.9968, 22.044], [104.9937, 22.032], [104.9947, 22.0277], [104.9926, 22.0182], [104.9964, 22.0154], [104.9897, 22.003], [104.9943, 21.9938], [104.9997, 21.9886], [104.9977, 21.9824], [104.9924, 21.9709], [104.9946, 21.9675], [104.9953, 21.9618], [104.9933, 21.9542], [104.9873, 21.9429], [104.9865, 21.9364], [104.9897, 21.9312], [104.9992, 21.9291], [105.0026, 21.9331], [105.0105, 21.9372], [105.0192, 21.9357], [105.0188, 21.9292], [105.0229, 21.9243], [105.0221, 21.9172], [105.0185, 21.9108], [105.0143, 21.9072], [105.0154, 21.9026], [105.0136, 21.9], [105.0185, 21.8941], [105.0223, 21.8945], [105.0258, 21.8918], [105.031, 21.8925], [105.037, 21.8913], [105.0376, 21.888], [105.0413, 21.8857], [105.0426, 21.8778], [105.0412, 21.8737], [105.0458, 21.8639], [105.0523, 21.8589], [105.0584, 21.8584], [105.0615, 21.8499], [105.0671, 21.8417], [105.0772, 21.8302], [105.0889, 21.8282], [105.0923, 21.8216], [105.098, 21.8177], [105.1003, 21.812], [105.0964, 21.8113], [105.0889, 21.8073], [105.0854, 21.8015], [105.0827, 21.7916], [105.0798, 21.7864], [105.0774, 21.7863], [105.0717, 21.7812], [105.0727, 21.7782], [105.0809, 21.7707], [105.0762, 21.7641], [105.0748, 21.7585], [105.0673, 21.7509], [105.0613, 21.7488], [105.0606, 21.7442], [105.0664, 21.743], [105.0678, 21.7401], [105.0761, 21.7357], [105.0765, 21.7322], [105.0738, 21.7281], [105.078, 21.722], [105.0843, 21.7231], [105.0861, 21.7182], [105.0921, 21.7198], [105.0987, 21.7174], [105.1019, 21.7178], [105.1064, 21.7121], [105.1092, 21.7061], [105.1237, 21.7046], [105.1272, 21.703], [105.132, 21.6973], [105.1505, 21.6993], [105.1508, 21.692], [105.1566, 21.6859], [105.1615, 21.686], [105.1664, 21.6886], [105.1714, 21.6865], [105.1778, 21.6872], [105.1805, 21.6803], [105.185, 21.6773], [105.1919, 21.677], [105.1962, 21.6685], [105.1993, 21.668], [105.2019, 21.6643], [105.2085, 21.6611], [105.2164, 21.6623], [105.2221, 21.6601], [105.23, 21.66], [105.235, 21.6585], [105.2382, 21.6479], [105.2379, 21.6433], [105.2328, 21.6362], [105.2248, 21.6301], [105.2277, 21.6245], [105.233, 21.6177], [105.247, 21.616], [105.2514, 21.6048], [105.2447, 21.6001], [105.247, 21.5954], [105.2485, 21.5854], [105.2563, 21.5747], [105.2615, 21.5702], [105.2732, 21.5619], [105.2747, 21.5579], [105.2676, 21.5499], [105.2672, 21.5473], [105.271, 21.5432], [105.2809, 21.5422], [105.29, 21.5393], [105.2961, 21.5347], [105.2977, 21.531], [105.295, 21.5237], [105.2951, 21.5197], [105.2981, 21.5121], [105.3023, 21.5086], [105.3062, 21.5086], [105.3143, 21.5125], [105.3202, 21.513], [105.3252, 21.5073], [105.3325, 21.5046], [105.3371, 21.5044], [105.3381, 21.5121], [105.3436, 21.5151], [105.3438, 21.5179], [105.3487, 21.5194], [105.3542, 21.5181], [105.3618, 21.5196], [105.3638, 21.5223], [105.3699, 21.5246], [105.3809, 21.5228], [105.3873, 21.5188], [105.389, 21.5121], [105.397, 21.5104], [105.4014, 21.5137], [105.4061, 21.5119], [105.411, 21.5129], [105.4185, 21.5081], [105.4195, 21.5035], [105.4237, 21.4984], [105.4275, 21.5041], [105.4403, 21.5099], [105.4445, 21.509], [105.4561, 21.5114], [105.4572, 21.5174], [105.4634, 21.5163], [105.4725, 21.5199], [105.4734, 21.5237], [105.4848, 21.5178], [105.4909, 21.5204], [105.4937, 21.5284], [105.4974, 21.5252], [105.505, 21.5282], [105.5057, 21.5309], [105.5139, 21.5366], [105.5188, 21.534], [105.5229, 21.5376], [105.525, 21.5447], [105.5275, 21.5471], [105.5298, 21.5568], [105.5375, 21.565], [105.5395, 21.5705], [105.5425, 21.5738], [105.535, 21.5817], [105.5267, 21.5826], [105.5236, 21.5895], [105.5183, 21.5974], [105.5056, 21.6124], [105.5003, 21.6143], [105.4966, 21.6184], [105.5002, 21.6287], [105.4972, 21.6391], [105.4906, 21.6431], [105.4883, 21.6515], [105.4834, 21.6601], [105.4818, 21.6723], [105.4793, 21.6738], [105.4817, 21.6787], [105.4871, 21.6808], [105.4878, 21.6895], [105.4777, 21.6976], [105.4835, 21.7017], [105.4903, 21.7038], [105.4941, 21.716], [105.5003, 21.7173], [105.4994, 21.7222], [105.5046, 21.7302], [105.5087, 21.731], [105.516, 21.7366], [105.5156, 21.7408], [105.5113, 21.7444], [105.509, 21.7504], [105.5135, 21.7546], [105.5176, 21.7554], [105.5249, 21.7648], [105.5258, 21.7678], [105.5166, 21.774], [105.5063, 21.7712], [105.5003, 21.7705], [105.4949, 21.7742], [105.4935, 21.7801], [105.4979, 21.7931], [105.4952, 21.7969], [105.4932, 21.804], [105.4951, 21.8174], [105.4938, 21.8282], [105.4968, 21.8319], [105.5108, 21.8327], [105.5146, 21.8272], [105.5278, 21.8347], [105.529, 21.8455], [105.5286, 21.8524], [105.5226, 21.87], [105.5184, 21.8759], [105.5205, 21.8843], [105.5263, 21.8881], [105.5332, 21.8881], [105.5361, 21.8904], [105.5426, 21.8907], [105.5468, 21.8968], [105.545, 21.904], [105.5529, 21.9085], [105.5534, 21.9187], [105.5507, 21.9221], [105.5506, 21.9308], [105.5522, 21.9339], [105.5515, 21.9446], [105.5491, 21.9478], [105.5557, 21.9575], [105.5519, 21.9626], [105.5399, 21.9644], [105.5372, 21.9671], [105.5316, 21.9685], [105.5249, 21.9815], [105.5184, 21.9848], [105.512, 21.9845], [105.5119, 21.9888], [105.5053, 21.9922], [105.5058, 22.0077], [105.5016, 22.0099], [105.4951, 22.0103], [105.493, 22.0179], [105.4927, 22.0256], [105.4896, 22.0299], [105.4904, 22.0386], [105.4875, 22.0475], [105.4751, 22.0582], [105.4734, 22.0684], [105.4696, 22.0685], [105.4677, 22.0728], [105.4636, 22.0765], [105.4696, 22.0815], [105.468, 22.0881], [105.4736, 22.0964], [105.4703, 22.103], [105.466, 22.103], [105.4636, 22.1084], [105.4629, 22.1143], [105.4652, 22.1205], [105.4712, 22.1259], [105.4747, 22.126], [105.4764, 22.1298], [105.4747, 22.1372], [105.4819, 22.1458], [105.4928, 22.1519], [105.493, 22.1582], [105.4762, 22.1637], [105.4702, 22.1604], [105.4626, 22.1691], [105.4615, 22.1781], [105.4642, 22.1811], [105.4607, 22.1855], [105.4557, 22.1872], [105.4496, 22.1915], [105.4448, 22.1995], [105.4386, 22.206], [105.4343, 22.2091], [105.4311, 22.2163], [105.4344, 22.2167], [105.4353, 22.227], [105.441, 22.2343], [105.436, 22.2395], [105.4382, 22.2443], [105.4375, 22.2529], [105.4357, 22.2588], [105.4442, 22.2645], [105.4502, 22.2646], [105.4552, 22.2682], [105.4623, 22.2646], [105.4726, 22.2741], [105.4601, 22.2838], [105.4709, 22.2851], [105.4797, 22.2884], [105.487, 22.2927], [105.4853, 22.2979], [105.4796, 22.3041], [105.4787, 22.3076], [105.4814, 22.3154], [105.487, 22.3191], [105.4922, 22.3182], [105.4967, 22.3225], [105.4982, 22.3332], [105.496, 22.3408], [105.5052, 22.3462], [105.5105, 22.3459], [105.5137, 22.3479], [105.5132, 22.3565], [105.5157, 22.3595], [105.5169, 22.3679], [105.5141, 22.3711], [105.5137, 22.3768], [105.5164, 22.385], [105.5193, 22.3872], [105.5197, 22.3961], [105.5183, 22.3997], [105.5224, 22.4039], [105.5318, 22.4043], [105.536, 22.4077], [105.5431, 22.4053], [105.5499, 22.4045], [105.5566, 22.4021], [105.5609, 22.4029], [105.5643, 22.4066], [105.566, 22.412], [105.5584, 22.4101], [105.5532, 22.4119], [105.551, 22.4164], [105.5508, 22.4221], [105.555, 22.4287], [105.5522, 22.4313], [105.549, 22.4378], [105.5549, 22.4383], [105.5562, 22.4472], [105.5593, 22.4504], [105.558, 22.4539], [105.56, 22.463], [105.5637, 22.4634], [105.5685, 22.4701], [105.5803, 22.4789], [105.5833, 22.4795], [105.5893, 22.4849], [105.5983, 22.489], [105.5945, 22.493], [105.5939, 22.5002], [105.5962, 22.5033], [105.5917, 22.5081], [105.5945, 22.5151], [105.5977, 22.5173], [105.5985, 22.5227], [105.5952, 22.5257], [105.5944, 22.5342], [105.5918, 22.538], [105.5912, 22.5435], [105.5854, 22.5524], [105.5828, 22.5534], [105.578, 22.5591], [105.5713, 22.5621], [105.5633, 22.5602], [105.5635, 22.5651], [105.5578, 22.5738], [105.5518, 22.576], [105.5464, 22.5896], [105.549, 22.5993], [105.5403, 22.607], [105.5382, 22.6111], [105.5331, 22.6155], [105.5299, 22.621], [105.5297, 22.6281], [105.5316, 22.6332], [105.5243, 22.634], [105.5141, 22.6366], [105.5066, 22.6341], [105.4988, 22.6337], [105.4937, 22.645], [105.4947, 22.6532], [105.4978, 22.6555], [105.4939, 22.6665], [105.4885, 22.6711], [105.4888, 22.677], [105.4931, 22.6825], [105.4958, 22.6891], [105.5014, 22.6938], [105.5011, 22.7006], [105.4948, 22.7038], [105.4923, 22.7071], [105.4817, 22.7094], [105.4805, 22.7135], [105.4762, 22.7196], [105.4752, 22.7282], [105.4787, 22.7386], [105.469, 22.7504], [105.4697, 22.7559], [105.464, 22.7552], [105.4611, 22.7572], [105.4554, 22.7573], [105.45, 22.759], [105.447, 22.7685], [105.4419, 22.7733], [105.4304, 22.7765], [105.4249, 22.776], [105.4216, 22.7809], [105.4232, 22.7848], [105.4159, 22.7854], [105.41, 22.7893], [105.4081, 22.7929], [105.404, 22.7951], [105.3992, 22.7949], [105.3948, 22.7986], [105.3944, 22.8017], [105.3873, 22.8098], [105.3821, 22.8123], [105.374, 22.8116], [105.3693, 22.8124], [105.3588, 22.8167], [105.3481, 22.8135], [105.3439, 22.8213], [105.344, 22.8265], [105.3391, 22.8291], [105.3291, 22.8323], [105.3265, 22.8347], [105.3244, 22.844], [105.319, 22.8456], [105.3157, 22.8485], [105.3085, 22.8496], [105.3009, 22.8561], [105.2828, 22.8559], [105.2785, 22.858], [105.2732, 22.8646], [105.2665, 22.8661], [105.2687, 22.878], [105.2741, 22.879], [105.2822, 22.8774], [105.2845, 22.8788], [105.2916, 22.8765], [105.3004, 22.8754], [105.3044, 22.8765], [105.3036, 22.8836], [105.3067, 22.8892], [105.3048, 22.9003], [105.308, 22.9083], [105.3072, 22.912], [105.3125, 22.9156], [105.321, 22.9153], [105.3258, 22.9219], [105.3294, 22.9234], [105.3328, 22.9286], [105.3329, 22.9342], [105.3456, 22.9332], [105.353, 22.9363], [105.3575, 22.9361], [105.3621, 22.9401], [105.3634, 22.9449], [105.3622, 22.9484], [105.3643, 22.9517], [105.3615, 22.9573], [105.3644, 22.9642], [105.3631, 22.9695], [105.3606, 22.9717], [105.3615, 22.9793], [105.3697, 22.9841], [105.3752, 22.9902], [105.3861, 22.99], [105.3913, 22.9924], [105.3998, 22.9917], [105.407, 22.9954], [105.4131, 22.9952], [105.4191, 23.0017], [105.4275, 22.9989], [105.4334, 23.0024], [105.4414, 23.0038], [105.4468, 22.9992], [105.4588, 23.0049], [105.4624, 23.0031], [105.4663, 23.0067], [105.4739, 23.0068], [105.4876, 23.0093], [105.4919, 23.018], [105.4924, 23.0272], [105.4949, 23.0303], [105.4977, 23.0392], [105.504, 23.0422], [105.5041, 23.0478], [105.5087, 23.0529], [105.5087, 23.0611], [105.5129, 23.0663], [105.5142, 23.0703], [105.5198, 23.0746], [105.5202, 23.0794], [105.5172, 23.084], [105.5232, 23.097], [105.5234, 23.1004], [105.5271, 23.1078], [105.5313, 23.1115], [105.5392, 23.1093], [105.5462, 23.1096], [105.5525, 23.1114], [105.5582, 23.1182], [105.5646, 23.1192]]]}, "properties": {"province_id": "tuyen_quang", "name": "Tuyên Quang", "population": 1865270, "area_km2": 13796}}, {"type": "Feature", "geometry": {"type": "Polygon", "coordinates": [[[106.2997, 9.5859], [106.3087, 9.5952], [106.3305, 9.583], [106.3414, 9.5748], [106.358, 9.5557], [106.3614, 9.5546], [106.3681, 9.5492], [106.3675, 9.5456], [106.3697, 9.5384], [106.3684, 9.5347], [106.372, 9.5309], [106.3802, 9.5291], [106.3923, 9.5314], [106.4035, 9.5371], [106.4063, 9.5376], [106.4135, 9.5292], [106.4305, 9.5319], [106.4485, 9.5364], [106.4806, 9.5474], [106.488, 9.5505], [106.5057, 9.5615], [106.5165, 9.5692], [106.5192, 9.5728], [106.5259, 9.5768], [106.5357, 9.5875], [106.549, 9.6046], [106.5576, 9.6167], [106.5691, 9.6384], [106.5784, 9.6594], [106.5807, 9.6658], [106.5813, 9.6775], [106.5781, 9.6946], [106.5751, 9.6967], [106.5702, 9.6969], [106.5711, 9.7084], [106.5701, 9.7198], [106.5673, 9.7382], [106.5639, 9.7424], [106.5712, 9.7518], [106.5794, 9.7599], [106.6052, 9.7826], [106.6208, 9.796], [106.6274, 9.8001], [106.6409, 9.8142], [106.6457, 9.8183], [106.659, 9.8329], [106.6646, 9.8401], [106.67, 9.8485], [106.6824, 9.8719], [106.6852, 9.8744], [106.6876, 9.8841], [106.6831, 9.8893], [106.6796, 9.8967], [106.6753, 9.9011], [106.6711, 9.9029], [106.6664, 9.918], [106.6616, 9.9275], [106.6589, 9.9302], [106.6493, 9.9358], [106.6496, 9.9553], [106.6505, 9.9789], [106.6562, 9.9843], [106.6622, 9.9949], [106.6662, 9.9996], [106.6755, 10.0047], [106.6808, 10.005], [106.6889, 10.0161], [106.6905, 10.0213], [106.6971, 10.0267], [106.7025, 10.0262], [106.7086, 10.0278], [106.719, 10.0337], [106.7341, 10.0403], [106.7499, 10.0567], [106.7672, 10.0758], [106.7778, 10.0888], [106.7838, 10.0974], [106.7885, 10.1058], [106.7904, 10.1169], [106.7853, 10.1269], [106.7869, 10.1352], [106.7894, 10.1421], [106.7892, 10.1518], [106.7839, 10.1586], [106.7777, 10.1687], [106.7735, 10.1721], [106.7662, 10.1758], [106.7533, 10.1807], [106.7543, 10.191], [106.7464, 10.1935], [106.7093, 10.2123], [106.7035, 10.2199], [106.6912, 10.2309], [106.6778, 10.2366], [106.6658, 10.2396], [106.6567, 10.241], [106.6424, 10.2406], [106.6116, 10.2477], [106.5904, 10.2508], [106.5659, 10.2592], [106.5419, 10.2656], [106.5357, 10.2679], [106.5301, 10.2716], [106.5185, 10.2821], [106.4976, 10.2913], [106.4808, 10.3032], [106.4772, 10.3066], [106.4572, 10.3079], [106.4483, 10.3065], [106.4374, 10.3123], [106.4148, 10.327], [106.4025, 10.3342], [106.3942, 10.338], [106.3875, 10.3397], [106.3773, 10.3405], [106.3679, 10.3396], [106.342, 10.332], [106.3335, 10.3286], [106.3118, 10.3211], [106.3047, 10.3192], [106.3001, 10.3196], [106.288, 10.3306], [106.2591, 10.3226], [106.2491, 10.3205], [106.2215, 10.3176], [106.2032, 10.3133], [106.1635, 10.2928], [106.148, 10.2857], [106.1429, 10.2841], [106.1306, 10.2834], [106.1168, 10.2843], [106.1037, 10.2837], [106.0964, 10.2781], [106.0887, 10.2762], [106.0767, 10.2783], [106.0537, 10.2892], [106.0346, 10.2988], [106.025, 10.3053], [106.0117, 10.3163], [105.9949, 10.3289], [105.9877, 10.3313], [105.983, 10.3311], [105.9748, 10.3289], [105.9693, 10.3247], [105.9568, 10.311], [105.9373, 10.295], [105.9269, 10.2837], [105.9041, 10.2751], [105.8991, 10.274], [105.8935, 10.2759], [105.8876, 10.2695], [105.8825, 10.2655], [105.8773, 10.2643], [105.8867, 10.2516], [105.8903, 10.2443], [105.9019, 10.245], [105.9012, 10.2342], [105.9128, 10.2257], [105.9158, 10.218], [105.9197, 10.2113], [105.9132, 10.1924], [105.8996, 10.1918], [105.8952, 10.1855], [105.8887, 10.188], [105.8762, 10.1892], [105.8763, 10.1818], [105.8702, 10.1687], [105.8743, 10.1663], [105.8705, 10.1545], [105.8664, 10.154], [105.8516, 10.1601], [105.8491, 10.1502], [105.8185, 10.1495], [105.8155, 10.1528], [105.8011, 10.1555], [105.7752, 10.1886], [105.7658, 10.1793], [105.7587, 10.183], [105.7477, 10.1969], [105.7278, 10.2047], [105.6854, 10.1435], [105.6869, 10.1391], [105.6823, 10.1345], [105.709, 10.1173], [105.726, 10.104], [105.7327, 10.0994], [105.7519, 10.09], [105.7654, 10.0782], [105.781, 10.0701], [105.7889, 10.0628], [105.7951, 10.0533], [105.8131, 10.0308], [105.8217, 10.0123], [105.8261, 10.0054], [105.8443, 9.9828], [105.8597, 9.9665], [105.8768, 9.9512], [105.8982, 9.9375], [105.906, 9.932], [105.9192, 9.9315], [105.9469, 9.9102], [105.9616, 9.9011], [105.9707, 9.8896], [105.9804, 9.8838], [105.9958, 9.8656], [105.9987, 9.8569], [106.0017, 9.8512], [106.0153, 9.8343], [106.0227, 9.8258], [106.0511, 9.8025], [106.0622, 9.7882], [106.0689, 9.7787], [106.0771, 9.7724], [106.0873, 9.7681], [106.1002, 9.7602], [106.1128, 9.7496], [106.1282, 9.7311], [106.1352, 9.7238], [106.1461, 9.7143], [106.156, 9.7038], [106.1717, 9.6855], [106.1938, 9.6663], [106.21, 9.65], [106.2475, 9.6175], [106.268, 9.6049], [106.2784, 9.5996], [106.2997, 9.5859]]]}, "properties": {"province_id": "vinh_long", "name": "Vĩnh Long", "population": 4257581, "area_km2": 6243.4}}]}